id,fma,name,en,sys,region,side,vertices,sourceFaces
FJ1228,FMA45097,右足籽骨,Sesamoid bone of right foot,bone,legs,right,73,80
FJ1232,FMA45097,右足籽骨,Sesamoid bone of right foot,bone,legs,right,104,158
FJ1245,FMA23725,右小多角骨,Right trapezoid,bone,arms,right,269,360
FJ1252,FMA59763,,Maxillary gingiva,bone,head,midline,1115,1848
FJ1253,FMA59764,,Mandibular gingiva,digestive,head,midline,1029,1918
FJ1254,FMA55704,,Left first lower molar tooth,bone,head,left,885,1762
FJ1255,FMA55693,,Left first lower premolar tooth,bone,head,left,592,1176
FJ1256,FMA55703,,Left second lower molar tooth,bone,head,left,823,1616
FJ1257,FMA55692,,Left second lower premolar tooth,bone,head,left,566,1122
FJ1258,FMA57143,,Left lower central incisor tooth,bone,head,midline,461,918
FJ1259,FMA57141,,Left lower lateral incisor tooth,bone,head,midline,483,960
FJ1260,FMA55687,,Left lower canine tooth,bone,head,midline,592,1180
FJ1261,FMA55699,,Left first upper molar tooth,bone,head,left,1084,2156
FJ1262,FMA55690,,Left first upper premolar tooth,bone,head,left,818,1610
FJ1263,FMA55700,,Left second upper molar tooth,bone,head,left,949,1848
FJ1264,FMA55691,,Left second upper premolar tooth,bone,head,left,748,1466
FJ1265,FMA55682,,Left upper central incisor tooth,bone,head,midline,646,1288
FJ1266,FMA55683,,Left upper lateral incisor tooth,bone,head,midline,691,1378
FJ1267,FMA55799,,Left upper canine tooth,bone,head,left,698,1392
FJ1268,FMA55705,,Right first lower molar tooth,bone,head,right,889,1762
FJ1269,FMA55694,,Right first lower premolar tooth,bone,head,right,592,1180
FJ1270,FMA55706,,Right second lower molar tooth,bone,head,right,818,1620
FJ1271,FMA55695,,Right second lower premolar tooth,bone,head,right,567,1124
FJ1272,FMA57142,,Right lower central incisor tooth,bone,head,midline,463,920
FJ1273,FMA57140,,Right lower lateral incisor tooth,bone,head,midline,486,958
FJ1274,FMA55686,,Right lower canine tooth,bone,head,midline,591,1178
FJ1275,FMA55697,,Right second upper molar tooth,bone,head,right,961,1850
FJ1276,FMA55698,,Right first upper molar tooth,bone,head,right,1099,2156
FJ1277,FMA55689,,Right first upper premolar tooth,bone,head,right,816,1610
FJ1278,FMA55688,,Right second upper premolar tooth,bone,head,right,748,1466
FJ1279,FMA55681,,Right upper central incisor tooth,bone,head,midline,647,1288
FJ1280,FMA55680,,Right upper lateral incisor tooth,bone,head,midline,686,1368
FJ1281,FMA55798,,Right upper canine tooth,bone,head,right,698,1392
FJ1282,FMA58082,左眼前房,Anterior chamber of left eyeball,nerve,head,left,1535,3064
FJ1283,FMA52677,左筛前神经,Left anterior ethmoidal nerve,nerve,head,midline,169,290
FJ1284,FMA49145,左外侧直肌节制韧带,Check ligament of left lateral rectus,connective,head,left,1406,2774
FJ1285,FMA58300,左脉络膜,Left choroid,heart,head,left,15355,28918
FJ1286,FMA58300,左脉络膜,Left choroid,heart,head,left,3865,6704
FJ1287,FMA58484,左睫状冠,Left corona ciliaris,nerve,head,left,17414,17858
FJ1288,FMA53550,左睫状神经节,Left ciliary ganglion,nerve,head,left,94,180
FJ1289,FMA58240,左角膜,Left cornea,nerve,head,left,2824,4602
FJ1290,FMA52640,左额神经,Left frontal nerve,nerve,head,left,631,1258
FJ1291,FMA49073,左总腱环,Left common tendinous ring,muscle,head,left,410,738
FJ1292,FMA49148,左内侧直肌节制韧带,Check ligament of left medial rectus,connective,head,left,1574,3090
FJ1293,FMA52577,左动眼神经下支,Inferior branch of left oculomotor nerve,nerve,head,left,1286,1654
FJ1294,FMA49051,左下斜肌,Left inferior oblique,muscle,head,left,1217,2360
FJ1295,FMA49047,左下直肌,Left inferior rectus,muscle,head,left,1858,3560
FJ1296,FMA52699,左滑车下神经,Left infratrochlear nerve,nerve,head,midline,138,250
FJ1297,FMA58237,左虹膜,Left iris,heart,head,left,1716,3286
FJ1298,FMA59583,左泪小管,Left lacrimal canaliculus,nerve,head,left,371,634
FJ1299,FMA59103,左泪腺,Left lacrimal gland,nerve,head,left,903,1768
FJ1300,FMA52630,左泪神经,Left lacrimal nerve,nerve,head,left,1014,1944
FJ1301,FMA59542,左泪湖,Left lacrimal lake,nerve,head,left,126,248
FJ1302,FMA59556,左鼻泪管,Left nasolacrimal duct,respiratory,head,left,227,444
FJ1304,FMA49055,左外侧直肌,Left lateral rectus,muscle,head,left,1745,3316
FJ1305,FMA58243,左晶状体,Left lens,nerve,head,left,805,1606
FJ1306,FMA49049,左上睑提肌,Left levator palpebrae superioris,muscle,head,left,2353,4360
FJ1308,FMA49057,左内侧直肌,Left medial rectus,muscle,head,left,1353,2576
FJ1309,FMA59546,左泪囊,Left lacrimal sac,nerve,head,left,193,382
FJ1310,FMA52670,左鼻睫神经,Left nasociliary nerve,nerve,head,midline,503,834
FJ1311,FMA52674,左鼻睫神经与睫状神经节交通支,Communicating branch of left nasociliary nerve with left ciliary ganglion,nerve,head,left,164,230
FJ1315,FMA52716,左筛后神经,Left posterior ethmoidal nerve,nerve,head,midline,151,222
FJ1316,FMA58608,左视网膜视部,Optic part of left retina,nerve,head,left,11721,23410
FJ1317,FMA58272,左巩膜,Left sclera,nerve,head,left,20372,39504
FJ1318,FMA82735,左睫状长神经,Left long ciliary nerve,nerve,head,left,202,294
FJ1319,FMA7041,,Short ciliary nerve,nerve,head,left,461,602
FJ1320,FMA58840,左晶状体悬韧带,Suspensory ligament of left lens,connective,head,left,6332,7256
FJ1321,FMA52575,左动眼神经上支,Superior branch of left oculomotor nerve,nerve,head,left,611,810
FJ1322,FMA49053,左上斜肌,Left superior oblique,muscle,head,left,1881,3604
FJ1323,FMA49045,左上直肌,Left superior rectus,muscle,head,left,1527,2836
FJ1324,FMA59092,左上睑板,Tarsal plate of left upper eyelid,skin,head,left,748,1484
FJ1326,FMA52644,左滑车上神经,Left supratrochlear nerve,nerve,head,left,1222,2358
FJ1328,FMA59090,左下睑板,Tarsal plate of left lower eyelid,skin,head,left,525,1034
FJ1329,FMA49068,左上斜肌滑车,Trochlea of left superior oblique,muscle,head,left,231,422
FJ1331,FMA58829,左玻璃体,Left vitreous body,nerve,head,left,2764,5448
FJ1332,FMA58081,右眼前房,Anterior chamber of right eyeball,nerve,head,right,1509,3014
FJ1333,FMA52676,右筛前神经,Right anterior ethmoidal nerve,nerve,head,midline,154,236
FJ1334,FMA49144,右外侧直肌节制韧带,Check ligament of right lateral rectus,connective,head,right,1445,2800
FJ1335,FMA49147,右内侧直肌节制韧带,Check ligament of right medial rectus,connective,head,right,1629,3112
FJ1336,FMA58299,右脉络膜,Right choroid,heart,head,right,3915,6714
FJ1337,FMA58299,右脉络膜,Right choroid,heart,head,midline,15685,28872
FJ1338,FMA58483,右睫状冠,Right corona ciliaris,nerve,head,right,20346,22692
FJ1339,FMA53549,右睫状神经节,Right ciliary ganglion,nerve,head,right,125,246
FJ1340,FMA58239,右角膜,Right cornea,nerve,head,midline,3091,4606
FJ1341,FMA52639,右额神经,Right frontal nerve,nerve,head,right,631,1258
FJ1342,FMA49072,右总腱环,Right common tendinous ring,muscle,head,right,422,740
FJ1343,FMA54159,右上睑提肌腱,Tendon of right levator palpebrae superioris,connective,head,right,1787,2764
FJ1344,FMA52576,右动眼神经下支,Inferior branch of right oculomotor nerve,nerve,head,right,1182,1570
FJ1345,FMA49050,右下斜肌,Right inferior oblique,muscle,head,right,1241,2342
FJ1346,FMA49046,右下直肌,Right inferior rectus,muscle,head,right,1851,3542
FJ1347,FMA52698,右滑车下神经,Right infratrochlear nerve,nerve,head,midline,166,250
FJ1348,FMA58236,右虹膜,Right iris,heart,head,right,1734,3248
FJ1349,FMA59582,右泪小管,Right lacrimal canaliculus,nerve,head,right,336,526
FJ1350,FMA59102,右泪腺,Right lacrimal gland,nerve,head,right,920,1812
FJ1351,FMA52629,右泪神经,Right lacrimal nerve,nerve,head,right,1039,1958
FJ1352,FMA59541,右泪湖,Right lacrimal lake,nerve,head,right,126,248
FJ1353,FMA59555,右鼻泪管,Right nasolacrimal duct,respiratory,head,right,227,444
FJ1355,FMA49054,右外侧直肌,Right lateral rectus,muscle,head,right,1705,3276
FJ1356,FMA58242,右晶状体,Right lens,nerve,head,right,801,1598
FJ1357,FMA49048,右上睑提肌,Right levator palpebrae superioris,muscle,head,right,2451,4360
FJ1359,FMA49056,右内侧直肌,Right medial rectus,muscle,head,right,1357,2548
FJ1360,FMA59545,右泪囊,Right lacrimal sac,nerve,head,right,194,384
FJ1361,FMA52669,右鼻睫神经,Right nasociliary nerve,nerve,head,midline,507,786
FJ1362,FMA52673,右鼻睫神经与睫状神经节交通支,Communicating branch of right nasociliary nerve with right ciliary ganglion,nerve,head,right,181,240
FJ1363,FMA52622,右眼神经,Right ophthalmic nerve,nerve,head,right,890,1776
FJ1366,FMA52715,右筛后神经,Right posterior ethmoidal nerve,nerve,head,midline,142,200
FJ1367,FMA58607,右视网膜视部,Optic part of right retina,nerve,head,right,11737,23394
FJ1368,FMA58271,右巩膜,Right sclera,nerve,head,midline,20582,39524
FJ1369,FMA82734,右睫状长神经,Right long ciliary nerve,nerve,head,right,211,332
FJ1370,FMA7041,,Short ciliary nerve,nerve,head,right,476,638
FJ1371,FMA58839,右晶状体悬韧带,Suspensory ligament of right lens,connective,head,midline,7285,7376
FJ1372,FMA52574,右动眼神经上支,Superior branch of right oculomotor nerve,nerve,head,right,593,848
FJ1373,FMA49052,右上斜肌,Right superior oblique,muscle,head,right,1870,3546
FJ1374,FMA49044,右上直肌,Right superior rectus,muscle,head,right,1532,2812
FJ1375,FMA59091,右上睑板,Tarsal plate of right upper eyelid,skin,head,right,745,1474
FJ1376,FMA52656,右眶上神经,Right supra-orbital nerve,nerve,head,right,1332,2598
FJ1377,FMA52643,右滑车上神经,Right supratrochlear nerve,nerve,head,right,1225,2358
FJ1379,FMA59089,右下睑板,Tarsal plate of right lower eyelid,skin,head,right,523,1026
FJ1380,FMA49067,右上斜肌滑车,Trochlea of right superior oblique,muscle,head,right,227,398
FJ1381,FMA50881,右滑车神经,Right trochlear nerve,nerve,head,right,1405,2758
FJ1382,FMA58828,右玻璃体,Right vitreous body,nerve,head,right,2775,5436
FJ1383,FMA37717,右足第1蚓状肌,First lumbrical of right foot,muscle,legs,right,838,646
FJ1383M,FMA37718,左足第1蚓状肌,First lumbrical of left foot,muscle,legs,left,838,646
FJ1384,FMA37745,右足第1骨间跖侧肌,First plantar interosseous of right foot,muscle,legs,right,563,674
FJ1384M,FMA37746,左足第1骨间跖侧肌,First plantar interosseous of left foot,muscle,legs,left,561,674
FJ1385,FMA37719,右足第2蚓状肌,Second lumbrical of right foot,muscle,legs,right,266,266
FJ1385M,FMA37720,左足第2蚓状肌,Second lumbrical of left foot,muscle,legs,left,266,266
FJ1386,FMA37743,右足第2骨间跖侧肌,Second plantar interosseous of right foot,muscle,legs,right,522,632
FJ1386M,FMA37744,左足第2骨间跖侧肌,Second plantar interosseous of left foot,muscle,legs,left,522,632
FJ1387,FMA37485,右足第3蚓状肌,Third lumbrical of right foot,muscle,legs,right,508,368
FJ1387M,FMA37486,左足第3蚓状肌,Third lumbrical of left foot,muscle,legs,left,512,368
FJ1388,FMA37741,右足第3骨间跖侧肌,Third plantar interosseous of right foot,muscle,legs,right,908,772
FJ1388M,FMA37742,左足第3骨间跖侧肌,Third plantar interosseous of left foot,muscle,legs,left,905,772
FJ1389,FMA37483,右足第4蚓状肌,Fourth lumbrical of right foot,muscle,legs,right,410,328
FJ1389M,FMA37484,左足第4蚓状肌,Fourth lumbrical of left foot,muscle,legs,left,410,328
FJ1390,FMA37463,右足小趾展肌,Abductor digiti minimi of right foot,muscle,legs,right,1492,1276
FJ1390M,FMA37464,左足小趾展肌,Abductor digiti minimi of left foot,muscle,legs,left,1492,1276
FJ1391,FMA37471,右足小趾短屈肌,Flexor digiti minimi brevis of right foot,muscle,legs,right,820,786
FJ1391M,FMA37472,左足小趾短屈肌,Flexor digiti minimi brevis of left foot,muscle,legs,left,821,786
FJ1392,FMA35192,右小腿骨间膜,Interosseous membrane of right leg,connective,legs,right,4157,5640
FJ1392M,FMA35193,左小腿骨间膜,Interosseous membrane of left leg,connective,legs,left,4157,5640
FJ1393,FMA45973,右拇短屈肌外侧头,Lateral head of right flexor hallucis brevis,muscle,legs,right,2213,1742
FJ1393M,FMA45974,左拇短屈肌外侧头,Lateral head of left flexor hallucis brevis,muscle,legs,left,2213,1742
FJ1394,FMA45960,右腓肠肌外侧头,Lateral head of right gastrocnemius,muscle,legs,right,1748,3052
FJ1394M,FMA45961,左腓肠肌外侧头,Lateral head of left gastrocnemius,muscle,legs,left,1746,3052
FJ1395,FMA45888,右股二头肌长头,Long head of right biceps femoris,muscle,legs,right,2838,5110
FJ1395M,FMA45889,左股二头肌长头,Long head of left biceps femoris,muscle,legs,left,2837,5110
FJ1396,FMA45971,右拇短屈肌内侧头,Medial head of right flexor hallucis brevis,muscle,legs,right,1199,992
FJ1396M,FMA45972,左拇短屈肌内侧头,Medial head of left flexor hallucis brevis,muscle,legs,left,1201,992
FJ1397,FMA45957,右腓肠肌内侧头,Medial head of right gastrocnemius,muscle,legs,right,2263,3842
FJ1397M,FMA45958,左腓肠肌内侧头,Medial head of left gastrocnemius,muscle,legs,left,2264,3842
FJ1398,FMA46018,右拇收肌斜头,Oblique head of right adductor hallucis,muscle,legs,right,1168,1054
FJ1398M,FMA46019,左拇收肌斜头,Oblique head of left adductor hallucis,muscle,legs,left,1168,1054
FJ1399,FMA86034,右足小趾对掌肌,Opponens digiti minimi of right foot,muscle,legs,right,267,200
FJ1399M,FMA86035,左足小趾对掌肌,Opponens digiti minimi of left foot,muscle,legs,left,267,200
FJ1400,FMA37459,右拇展肌,Right abductor hallucis,muscle,legs,right,974,1068
FJ1400M,FMA37460,左拇展肌,Left abductor hallucis,muscle,legs,left,972,1068
FJ1401,FMA22452,右短收肌,Right adductor brevis,muscle,legs,right,1091,1464
FJ1401M,FMA22454,左短收肌,Left adductor brevis,muscle,legs,left,1089,1464
FJ1402,FMA22456,右长收肌,Right adductor longus,muscle,legs,right,1536,2616
FJ1402M,FMA22457,左长收肌,Left adductor longus,muscle,legs,left,1536,2616
FJ1403,FMA22459,右大收肌,Right adductor magnus,muscle,legs,right,4560,5972
FJ1403M,FMA22460,左大收肌,Left adductor magnus,muscle,legs,left,4562,5972
FJ1404,FMA43886,右小收肌,Right adductor minimus,muscle,abdomen,right,1600,1958
FJ1404M,FMA43887,左小收肌,Left adductor minimus,muscle,abdomen,left,1597,1958
FJ1405,FMA258847,右跟腱,Right calcaneal tendon,connective,legs,right,3663,3882
FJ1405M,FMA264844,左跟腱,Left calcaneal tendon,connective,legs,left,3661,3882
FJ1406,FMA22548,右趾长伸肌,Right extensor digitorum longus,muscle,legs,right,3964,4546
FJ1406M,FMA22549,左趾长伸肌,Left extensor digitorum longus,muscle,legs,left,3965,4546
FJ1407,FMA51144,右拇短伸肌,Right extensor hallucis brevis,muscle,legs,right,1257,1230
FJ1407M,FMA51145,左拇短伸肌,Left extensor hallucis brevis,muscle,legs,left,1257,1230
FJ1408,FMA22546,右拇长伸肌,Right extensor hallucis longus,muscle,legs,right,1388,1668
FJ1408M,FMA22547,左拇长伸肌,Left extensor hallucis longus,muscle,legs,left,1384,1668
FJ1409,FMA22554,右腓骨短肌,Right fibularis brevis,muscle,legs,right,1605,1766
FJ1409M,FMA22555,左腓骨短肌,Left fibularis brevis,muscle,legs,left,1605,1766
FJ1410,FMA22552,右腓骨长肌,Right fibularis longus,muscle,legs,right,2946,3860
FJ1410M,FMA22553,左腓骨长肌,Left fibularis longus,muscle,legs,left,2947,3860
FJ1411,FMA22550,右第3腓骨肌,Right fibularis tertius,muscle,legs,right,1488,1416
FJ1411M,FMA22551,左第3腓骨肌,Left fibularis tertius,muscle,legs,left,1486,1416
FJ1412,FMA37465,右足底方肌,Right flexor accessorius,muscle,legs,right,718,842
FJ1412M,FMA37466,左足底方肌,Left flexor accessorius,muscle,legs,left,718,842
FJ1413,FMA37461,右趾短屈肌,Right flexor digitorum brevis,muscle,legs,right,2468,2436
FJ1413M,FMA37462,左趾短屈肌,Left flexor digitorum brevis,muscle,legs,left,2479,2436
FJ1414,FMA65016,右趾长屈肌,Right flexor digitorum longus,muscle,legs,right,3037,4004
FJ1414M,FMA65017,左趾长屈肌,Left flexor digitorum longus,muscle,legs,left,3039,4004
FJ1415,FMA65014,右拇长屈肌,Right flexor hallucis longus,muscle,legs,right,1847,2758
FJ1415M,FMA65015,左拇长屈肌,Left flexor hallucis longus,muscle,legs,left,1847,2758
FJ1416,FMA22336,右下孖肌,Right gemellus inferior,muscle,abdomen,right,503,642
FJ1416M,FMA22337,左下孖肌,Left gemellus inferior,muscle,abdomen,left,503,642
FJ1417,FMA22334,右上孖肌,Right gemellus superior,muscle,abdomen,right,525,402
FJ1417M,FMA22335,左上孖肌,Left gemellus superior,muscle,abdomen,left,527,402
FJ1418,FMA22328,右臀大肌,Right gluteus maximus,muscle,abdomen,right,2053,2376
FJ1418M,FMA22329,左臀大肌,Left gluteus maximus,muscle,abdomen,left,2053,2376
FJ1419,FMA22330,右臀中肌,Right gluteus medius,muscle,abdomen,right,2312,3356
FJ1419M,FMA22331,左臀中肌,Left gluteus medius,muscle,abdomen,left,2308,3356
FJ1420,FMA22332,右臀小肌,Right gluteus minimus,muscle,abdomen,right,3066,4208
FJ1420M,FMA22333,左臀小肌,Left gluteus minimus,muscle,abdomen,left,3066,4208
FJ1421,FMA43883,右股薄肌,Right gracilis,muscle,legs,right,2086,3172
FJ1421M,FMA43884,左股薄肌,Left gracilis,muscle,legs,left,2085,3172
FJ1422,FMA22322,右髂肌,Right iliacus,muscle,abdomen,right,2447,2862
FJ1422M,FMA22323,左髂肌,Left iliacus,muscle,abdomen,left,2452,2862
FJ1423,FMA58776,右髂胫束,Right iliotibial tract,bone,legs,right,9425,17172
FJ1423M,FMA58777,左髂胫束,Left iliotibial tract,bone,legs,left,9425,17172
FJ1424,FMA44249,右足底长韧带,Right long plantar ligament,connective,legs,right,2445,2722
FJ1424M,FMA44250,左足底长韧带,Left long plantar ligament,connective,legs,left,2450,2722
FJ1425,FMA22326,右闭孔外肌,Right obturator externus,muscle,abdomen,right,715,784
FJ1425M,FMA22327,左闭孔外肌,Left obturator externus,muscle,abdomen,left,715,784
FJ1426,FMA22324,右闭孔内肌,Right obturator internus,muscle,abdomen,right,1883,2466
FJ1426M,FMA22325,左闭孔内肌,Left obturator internus,muscle,abdomen,left,1884,2466
FJ1427,FMA22450,右耻骨肌,Right pectineus,muscle,abdomen,right,963,1380
FJ1427M,FMA22451,左耻骨肌,Left pectineus,muscle,abdomen,left,963,1380
FJ1428,FMA22340,右梨状肌,Right piriformis,muscle,abdomen,right,798,1092
FJ1428M,FMA22341,左梨状肌,Left piriformis,muscle,abdomen,left,796,1092
FJ1429,FMA22560,右跖肌,Right plantaris,muscle,legs,right,1466,2512
FJ1429M,FMA22561,左跖肌,Left plantaris,muscle,legs,left,1466,2512
FJ1430,FMA22591,右腘肌,Right popliteus,muscle,legs,right,588,858
FJ1430M,FMA22592,左腘肌,Left popliteus,muscle,legs,left,589,858
FJ1431,FMA22342,右腰大肌,Right psoas major,muscle,abdomen,right,3632,4900
FJ1431M,FMA22343,左腰大肌,Left psoas major,muscle,abdomen,left,3634,4900
FJ1432,FMA22338,右股方肌,Right quadratus femoris,muscle,abdomen,right,1015,1196
FJ1432M,FMA22339,左股方肌,Left quadratus femoris,muscle,abdomen,left,1013,1196
FJ1433,FMA38928,右股直肌,Right rectus femoris,muscle,legs,right,3326,5688
FJ1433M,FMA38929,左股直肌,Left rectus femoris,muscle,legs,left,3326,5688
FJ1434,FMA22354,右缝匠肌,Right sartorius,muscle,legs,right,2630,3444
FJ1434M,FMA22355,左缝匠肌,Left sartorius,muscle,legs,left,2633,3444
FJ1435,FMA22448,右半膜肌,Right semimembranosus,muscle,legs,right,2588,4612
FJ1435M,FMA22449,左半膜肌,Left semimembranosus,muscle,legs,left,2588,4612
FJ1436,FMA22358,右半腱肌,Right semitendinosus,muscle,legs,right,1812,2712
FJ1436M,FMA22359,左半腱肌,Left semitendinosus,muscle,legs,left,1808,2712
FJ1437,FMA22558,右比目鱼肌,Right soleus,muscle,legs,right,2674,4418
FJ1437M,FMA22559,左比目鱼肌,Left soleus,muscle,legs,left,2674,4418
FJ1438,FMA22425,右阔筋膜张肌,Right tensor fasciae latae,muscle,abdomen,right,1087,1254
FJ1438M,FMA22426,左阔筋膜张肌,Left tensor fasciae latae,muscle,abdomen,left,1087,1254
FJ1439,FMA22544,右胫骨前肌,Right tibialis anterior,muscle,legs,right,2204,2510
FJ1439M,FMA22545,左胫骨前肌,Left tibialis anterior,muscle,legs,left,2206,2510
FJ1440,FMA65018,右胫骨后肌,Right tibialis posterior,muscle,legs,right,5039,5136
FJ1440M,FMA65019,左胫骨后肌,Left tibialis posterior,muscle,legs,left,5037,5136
FJ1441,FMA38934,右股中间肌,Right vastus intermedius,muscle,legs,right,2748,4260
FJ1441M,FMA38935,左股中间肌,Left vastus intermedius,muscle,legs,left,2744,4260
FJ1442,FMA38930,右股外侧肌,Right vastus lateralis,muscle,legs,right,3975,6688
FJ1442M,FMA38931,左股外侧肌,Left vastus lateralis,muscle,legs,left,3974,6688
FJ1443,FMA38932,右股内侧肌,Right vastus medialis,muscle,legs,right,2773,4552
FJ1443M,FMA38933,左股内侧肌,Left vastus medialis,muscle,legs,left,2772,4552
FJ1444,FMA45891,右股二头肌短头,Short head of right biceps femoris,muscle,legs,right,1211,1728
FJ1444M,FMA45892,左股二头肌短头,Short head of left biceps femoris,muscle,legs,left,1215,1728
FJ1445,FMA46020,右拇收肌横头,Transverse head of right adductor hallucis,muscle,legs,right,1115,818
FJ1445M,FMA46021,左拇收肌横头,Transverse head of left adductor hallucis,muscle,legs,left,1115,818
FJ1446,FMA45874,右胸大肌腹部,Abdominal part of right pectoralis major,muscle,chest,right,1019,1536
FJ1446M,FMA45875,左胸大肌腹部,Abdominal part of left pectoralis major,muscle,chest,left,1019,1536
FJ1447,FMA34690,右胸大肌锁骨部,Clavicular part of right pectoralis major,muscle,chest,right,1492,1846
FJ1447M,FMA34691,左胸大肌锁骨部,Clavicular part of left pectoralis major,muscle,chest,left,1495,1846
FJ1448,FMA11336,腹白线,Linea alba,muscle,abdomen,midline,1114,1990
FJ1449M,FMA46444,左尾骨肌,Left coccygeus,muscle,abdomen,left,1630,2088
FJ1450,FMA21930,,External anal sphincter,muscle,abdomen,midline,250,368
FJ1450M,FMA21930,,External anal sphincter,muscle,abdomen,midline,250,368
FJ1451,FMA9756,肋间外肌,External intercostal muscle,muscle,chest,right,85775,98928
FJ1451M,FMA9756,肋间外肌,External intercostal muscle,muscle,chest,left,85756,98928
FJ1452,FMA13336,右腹外斜肌,Right external oblique,muscle,abdomen,right,63907,111826
FJ1452M,FMA13337,左腹外斜肌,Left external oblique,muscle,abdomen,left,63893,111826
FJ1453M,FMA45859,左髂尾肌,Left iliococcygeus,muscle,abdomen,left,3288,3862
FJ1454,FMA9758,肋间最内肌,Innermost intercostal muscle,muscle,chest,right,70306,87218
FJ1454M,FMA9758,肋间最内肌,Innermost intercostal muscle,muscle,chest,left,70269,87218
FJ1455,FMA9757,肋间内肌,Internal intercostal muscle,muscle,chest,right,70842,89838
FJ1455M,FMA9757,肋间内肌,Internal intercostal muscle,muscle,chest,left,70829,89838
FJ1456,FMA13375,右胸小肌,Right pectoralis minor,muscle,chest,right,6741,9468
FJ1456M,FMA13376,左胸小肌,Left pectoralis minor,muscle,chest,left,6746,9468
FJ1457M,FMA45855,左耻尾肌,Left pubococcygeus,muscle,abdomen,left,3296,4616
FJ1458M,FMA45857,左耻骨直肠肌,Left puborectalis,muscle,abdomen,left,3817,3634
FJ1459,FMA13398,右前锯肌,Right serratus anterior,muscle,chest,right,28465,49212
FJ1459M,FMA13399,左前锯肌,Left serratus anterior,muscle,chest,left,28450,49212
FJ1460,FMA13412,右锁骨下肌,Right subclavius,muscle,chest,right,1155,1640
FJ1460M,FMA13411,左锁骨下肌,Left subclavius,muscle,chest,left,1158,1640
FJ1461,FMA9761,右胸横肌,Right transversus thoracis,muscle,chest,right,4749,4188
FJ1461M,FMA9762,左胸横肌,Left transversus thoracis,muscle,chest,left,4745,4188
FJ1462,FMA74077,右肋提短肌群,Set of right levatores costarum breves,muscle,chest,right,5835,6050
FJ1462M,FMA74078,左肋提短肌群,Set of left levatores costarum breves,muscle,chest,left,5815,6050
FJ1463,FMA74075,右肋提长肌群,Set of right levatores costarum longi,muscle,chest,right,8260,12210
FJ1463M,FMA74076,左肋提长肌群,Set of left levatores costarum longi,muscle,chest,left,8256,12210
FJ1464,FMA79979,右胸大肌胸肋部,Sternocostal part of right pectoralis major,muscle,chest,right,5480,7114
FJ1464M,FMA79980,左胸大肌胸肋部,Sternocostal part of left pectoralis major,muscle,chest,left,5466,7114
FJ1465,FMA46442,提肛肌腱弓,Tendinous arch of levator ani,muscle,abdomen,right,454,722
FJ1465M,FMA46442,提肛肌腱弓,Tendinous arch of levator ani,muscle,abdomen,left,454,722
FJ1466,FMA37396,右手小指展肌,Abductor digiti minimi of right hand,muscle,arms,right,625,508
FJ1466M,FMA37397,左手小指展肌,Abductor digiti minimi of left hand,muscle,arms,left,620,508
FJ1467,FMA34682,右三角肌肩峰部,Acromial part of right deltoid,muscle,arms,right,916,1300
FJ1467M,FMA34683,左三角肌肩峰部,Acromial part of left deltoid,muscle,arms,left,918,1300
FJ1468,FMA34680,右三角肌锁骨部,Clavicular part of right deltoid,muscle,chest,right,2592,2206
FJ1468M,FMA34681,左三角肌锁骨部,Clavicular part of left deltoid,muscle,chest,left,2604,2206
FJ1469,FMA37389,左拇短屈肌,Left flexor pollicis brevis,muscle,arms,right,735,714
FJ1469M,FMA37388,右拇短屈肌,Right flexor pollicis brevis,muscle,arms,left,735,714
FJ1470,FMA37398,右手小指短屈肌,Flexor digiti minimi brevis of right hand,muscle,arms,right,312,328
FJ1470M,FMA37399,左手小指短屈肌,Flexor digiti minimi brevis of left hand,muscle,arms,left,312,328
FJ1471,FMA40120,右腕屈肌支持带,Flexor retinaculum of right wrist,connective,arms,right,1594,1924
FJ1471M,FMA40121,左腕屈肌支持带,Flexor retinaculum of left wrist,connective,arms,left,1591,1924
FJ1472,FMA38507,右尺侧腕伸肌,Right extensor carpi ulnaris,muscle,arms,right,2975,2186
FJ1472M,FMA38508,左尺侧腕伸肌,Left extensor carpi ulnaris,muscle,arms,left,2983,2186
FJ1473,FMA38617,右尺侧腕屈肌肱骨头,Humeral head of right flexor carpi ulnaris,muscle,arms,right,1887,2656
FJ1473M,FMA38618,左尺侧腕屈肌肱骨头,Humeral head of left flexor carpi ulnaris,muscle,arms,left,1884,2656
FJ1474,FMA38560,右旋前圆肌肱骨头,Humeral head of right pronator teres,muscle,arms,right,1588,1846
FJ1474M,FMA38561,左旋前圆肌肱骨头,Humeral head of left pronator teres,muscle,arms,left,1599,1846
FJ1475,FMA38470,右指浅屈肌,Right flexor digitorum superficialis,muscle,arms,right,6109,8698
FJ1475M,FMA38471,左指浅屈肌,Left flexor digitorum superficialis,muscle,arms,left,6106,8698
FJ1476,FMA23707,右前臂骨间膜,Interosseous membrane of right forearm,connective,arms,right,1647,1588
FJ1476M,FMA23708,左前臂骨间膜,Interosseous membrane of left forearm,connective,arms,left,1645,1588
FJ1477,FMA37697,右肱三头肌外侧头,Lateral head of right triceps brachii,muscle,arms,right,1678,2606
FJ1477M,FMA37698,左肱三头肌外侧头,Lateral head of left triceps brachii,muscle,arms,left,1676,2606
FJ1478,FMA37686,右肱二头肌长头,Long head of right biceps brachii,muscle,arms,right,1053,1426
FJ1478M,FMA37687,左肱二头肌长头,Long head of left biceps brachii,muscle,arms,left,1039,1426
FJ1479,FMA37699,右肱三头肌长头,Long head of right triceps brachii,muscle,chest,right,1105,1588
FJ1479M,FMA37700,左肱三头肌长头,Long head of left triceps brachii,muscle,chest,left,1109,1588
FJ1480,FMA37695,右肱三头肌内侧头,Medial head of right triceps brachii,muscle,arms,right,620,832
FJ1480M,FMA37696,左肱三头肌内侧头,Medial head of left triceps brachii,muscle,arms,left,617,832
FJ1481,FMA46121,右拇收肌斜头,Oblique head of right adductor pollicis,muscle,arms,right,734,658
FJ1481M,FMA46122,左拇收肌斜头,Oblique head of left adductor pollicis,muscle,arms,left,733,658
FJ1482,FMA37400,右手小指对掌肌,Opponens digiti minimi of right hand,muscle,arms,right,626,484
FJ1482M,FMA37401,左手小指对掌肌,Opponens digiti minimi of left hand,muscle,arms,left,624,484
FJ1483,FMA37386,右拇短展肌,Right abductor pollicis brevis,muscle,arms,right,713,744
FJ1483M,FMA37387,左拇短展肌,Left abductor pollicis brevis,muscle,arms,left,711,744
FJ1484,FMA38516,右拇长展肌,Right abductor pollicis longus,muscle,arms,right,1439,1874
FJ1484M,FMA38517,左拇长展肌,Left abductor pollicis longus,muscle,arms,left,1439,1874
FJ1485,FMA37705,右肘肌,Right anconeus,muscle,arms,right,1105,1278
FJ1485M,FMA37706,左肘肌,Left anconeus,muscle,arms,left,1106,1278
FJ1486,FMA37668,右肱肌,Right brachialis,muscle,arms,right,1266,1746
FJ1486M,FMA37669,左肱肌,Left brachialis,muscle,arms,left,1256,1746
FJ1487,FMA38486,右肱桡肌,Right brachioradialis,muscle,arms,right,3270,4874
FJ1487M,FMA38487,左肱桡肌,Left brachioradialis,muscle,arms,left,3272,4874
FJ1488,FMA37665,右喙肱肌,Right coracobrachialis,muscle,chest,right,451,444
FJ1488M,FMA37666,左喙肱肌,Left coracobrachialis,muscle,chest,left,449,444
FJ1489,FMA38498,右桡侧腕短伸肌,Right extensor carpi radialis brevis,muscle,arms,right,1564,2098
FJ1489M,FMA38499,左桡侧腕短伸肌,Left extensor carpi radialis brevis,muscle,arms,left,1564,2098
FJ1490,FMA38495,右桡侧腕长伸肌,Right extensor carpi radialis longus,muscle,arms,right,1696,2474
FJ1490M,FMA38496,左桡侧腕长伸肌,Left extensor carpi radialis longus,muscle,arms,left,1702,2474
FJ1491,FMA38504,右小指伸肌,Right extensor digiti minimi,muscle,arms,right,1014,1434
FJ1491M,FMA38505,左小指伸肌,Left extensor digiti minimi,muscle,arms,left,1017,1434
FJ1492,FMA38501,右指伸肌,Right extensor digitorum,muscle,arms,right,3355,4294
FJ1492M,FMA38502,左指伸肌,Left extensor digitorum,muscle,arms,left,3350,4294
FJ1493,FMA38525,右示指伸肌,Right extensor indicis,muscle,arms,right,690,720
FJ1493M,FMA38526,左示指伸肌,Left extensor indicis,muscle,arms,left,692,720
FJ1494,FMA38519,右拇短伸肌,Right extensor pollicis brevis,muscle,arms,right,846,998
FJ1494M,FMA38520,左拇短伸肌,Left extensor pollicis brevis,muscle,arms,left,846,998
FJ1495,FMA38522,右拇长伸肌,Right extensor pollicis longus,muscle,arms,right,1177,1326
FJ1495M,FMA38523,左拇长伸肌,Left extensor pollicis longus,muscle,arms,left,1178,1326
FJ1496,FMA38460,右桡侧腕屈肌,Right flexor carpi radialis,muscle,arms,right,819,1148
FJ1496M,FMA38461,左桡侧腕屈肌,Left flexor carpi radialis,muscle,arms,left,819,1148
FJ1497,FMA38479,右指深屈肌,Right flexor digitorum profundus,muscle,arms,right,3857,4838
FJ1497M,FMA38480,左指深屈肌,Left flexor digitorum profundus,muscle,arms,left,3852,4838
FJ1498,FMA38482,右拇长屈肌,Right flexor pollicis longus,muscle,arms,right,1781,1442
FJ1498M,FMA38484,左拇长屈肌,Left flexor pollicis longus,muscle,arms,left,1783,1442
FJ1499,FMA38470,右指浅屈肌,Right flexor digitorum superficialis,muscle,arms,right,636,866
FJ1499M,FMA38471,左指浅屈肌,Left flexor digitorum superficialis,muscle,arms,left,636,866
FJ1500,FMA32547,,Right infraspinatus,muscle,chest,right,743,866
FJ1500M,FMA32548,,Left infraspinatus,muscle,chest,left,738,866
FJ1501,FMA37390,右拇对掌肌,Right opponens pollicis,muscle,arms,right,1015,956
FJ1501M,FMA37391,左拇对掌肌,Left opponens pollicis,muscle,arms,left,1015,956
FJ1502,FMA38463,右掌长肌,Right palmaris longus,muscle,arms,right,4471,4968
FJ1502M,FMA38464,左掌长肌,Left palmaris longus,muscle,arms,left,4469,4968
FJ1503,FMA38454,右旋前方肌,Right pronator quadratus,muscle,arms,right,2257,1838
FJ1503M,FMA38455,左旋前方肌,Left pronator quadratus,muscle,arms,left,2259,1838
FJ1504,FMA13414,右肩胛下肌,Right subscapularis,muscle,chest,right,2775,2092
FJ1504M,FMA13415,左肩胛下肌,Left subscapularis,muscle,chest,left,2759,2092
FJ1505,FMA38513,右旋后肌,Right supinator,muscle,arms,right,2368,3110
FJ1505M,FMA38514,左旋后肌,Left supinator,muscle,arms,left,2379,3110
FJ1506,FMA32544,右冈上肌,Right supraspinatus,muscle,chest,right,843,878
FJ1506M,FMA32545,左冈上肌,Left supraspinatus,muscle,chest,left,842,878
FJ1507,FMA32551,右大圆肌,Right teres major,muscle,chest,right,1044,1042
FJ1507M,FMA32552,左大圆肌,Left teres major,muscle,chest,left,1052,1042
FJ1508,FMA32553,右小圆肌,Right teres minor,muscle,chest,right,392,506
FJ1508M,FMA32554,左小圆肌,Left teres minor,muscle,chest,left,391,506
FJ1509,FMA42404,右手背侧骨间肌(一组),Set of dorsal interossei of right hand,muscle,arms,right,3762,2618
FJ1509M,FMA42405,左手背侧骨间肌(一组),Set of dorsal interossei of left hand,muscle,arms,left,3756,2618
FJ1510,FMA42398,右手蚓状肌(一组),Set of lumbricals of right hand,muscle,arms,right,3008,2668
FJ1510M,FMA42399,左手蚓状肌(一组),Set of lumbricals of left hand,muscle,arms,left,3012,2668
FJ1511,FMA42402,右手掌侧骨间肌(一组),Set of palmar interossei of right hand,muscle,arms,right,1239,966
FJ1511M,FMA42403,左手掌侧骨间肌(一组),Set of palmar interossei of left hand,muscle,arms,left,1243,966
FJ1512,FMA37684,右肱二头肌短头,Short head of right biceps brachii,muscle,chest,right,1739,1856
FJ1512M,FMA37685,左肱二头肌短头,Short head of left biceps brachii,muscle,chest,left,1743,1856
FJ1513,FMA34684,右三角肌斜方体部,Spinal part of right deltoid,muscle,chest,right,1665,1900
FJ1513M,FMA34685,左三角肌斜方体部,Spinal part of left deltoid,muscle,chest,left,1678,1900
FJ1514,FMA65198,右拇短屈肌浅头,Superficial head of right flexor pollicis brevis,muscle,arms,right,954,726
FJ1514M,FMA65199,左拇短屈肌浅头,Superficial head of left flexor pollicis brevis,muscle,arms,left,954,726
FJ1515,FMA46123,右拇收肌横头,Transverse head of right adductor pollicis,muscle,arms,right,645,754
FJ1515M,FMA46124,左拇收肌横头,Transverse head of left adductor pollicis,muscle,arms,left,645,754
FJ1516,FMA38562,右旋前圆肌尺骨头,Ulnar head of right pronator teres,muscle,arms,right,791,1040
FJ1516M,FMA38563,左旋前圆肌尺骨头,Ulnar head of left pronator teres,muscle,arms,left,791,1040
FJ1517,FMA38507,右尺侧腕伸肌,Right extensor carpi ulnaris,muscle,arms,right,1114,1208
FJ1517M,FMA38508,左尺侧腕伸肌,Left extensor carpi ulnaris,muscle,arms,left,1116,1208
FJ1518,FMA38619,右尺侧腕屈肌尺骨头,Ulnar head of right flexor carpi ulnaris,muscle,arms,right,1715,1538
FJ1518M,FMA38620,左尺侧腕屈肌尺骨头,Ulnar head of left flexor carpi ulnaris,muscle,arms,left,1717,1538
FJ1520,FMA33581,右斜方肌升部,Ascending part of right trapezius,muscle,chest,right,7533,10530
FJ1520M,FMA33583,左斜方肌升部,Ascending part of left trapezius,muscle,chest,left,7507,10530
FJ1521,FMA33586,右斜方肌降部,Descending part of right trapezius,muscle,head,right,5023,7108
FJ1521M,FMA33587,左斜方肌降部,Descending part of left trapezius,muscle,head,left,4999,7108
FJ1522,FMA23089,右腰回旋肌,Right lumbar rotator,muscle,abdomen,right,5188,4742
FJ1522M,FMA23090,左腰回旋肌,Left lumbar rotator,muscle,abdomen,left,5187,4742
FJ1524,FMA81752,右颈回旋肌,Right cervical rotator,muscle,head,right,4553,3534
FJ1524M,FMA81753,左颈回旋肌,Left cervical rotator,muscle,head,left,4535,3534
FJ1525,FMA23083,,Thoracic rotator,muscle,chest,right,11002,11062
FJ1525M,FMA23083,,Thoracic rotator,muscle,chest,left,11012,11062
FJ1526,FMA22744,右颈髂肋肌,Right iliocostalis cervicis,muscle,chest,right,2315,3072
FJ1526M,FMA22745,左颈髂肋肌,Left iliocostalis cervicis,muscle,chest,left,2326,3072
FJ1527,FMA22740,右腰髂肋肌,Right iliocostalis lumborum,muscle,chest,right,10585,15872
FJ1527M,FMA22741,左腰髂肋肌,Left iliocostalis lumborum,muscle,chest,left,10581,15872
FJ1528,FMA22742,右胸髂肋肌,Right iliocostalis thoracis,muscle,chest,right,5508,8386
FJ1528M,FMA22743,左胸髂肋肌,Left iliocostalis thoracis,muscle,chest,left,5509,8386
FJ1532,FMA32540,右肩胛提肌,Right levator scapulae,muscle,head,right,3311,4718
FJ1532M,FMA32541,左肩胛提肌,Left levator scapulae,muscle,head,left,3324,4718
FJ1533,FMA22754,右头最长肌,Right longissimus capitis,muscle,head,right,1821,2260
FJ1533M,FMA22756,左头最长肌,Left longissimus capitis,muscle,head,left,1824,2260
FJ1534,FMA22757,右颈最长肌,Right longissimus cervicis,muscle,head,right,2325,2816
FJ1534M,FMA22758,左颈最长肌,Left longissimus cervicis,muscle,head,left,2330,2816
FJ1535,FMA22751,右胸最长肌,Right longissimus thoracis,muscle,chest,right,13066,15068
FJ1535M,FMA22753,左胸最长肌,Left longissimus thoracis,muscle,chest,left,13072,15068
FJ1536,FMA13381,右大菱形肌,Right rhomboid major,muscle,chest,right,5057,7202
FJ1536M,FMA13382,左大菱形肌,Left rhomboid major,muscle,chest,left,5063,7202
FJ1537,FMA13383,右小菱形肌,Right rhomboid minor,muscle,chest,right,1506,2206
FJ1537M,FMA13384,左小菱形肌,Left rhomboid minor,muscle,chest,left,1505,2206
FJ1538,FMA22876,右头半棘肌,Right semispinalis capitis,muscle,head,right,2744,1912
FJ1538M,FMA22877,左头半棘肌,Left semispinalis capitis,muscle,head,left,2738,1912
FJ1539,FMA22874,右颈半棘肌,Right semispinalis cervicis,muscle,head,right,3060,3406
FJ1539M,FMA22875,左颈半棘肌,Left semispinalis cervicis,muscle,head,left,3047,3406
FJ1540,FMA22872,右胸半棘肌,Right semispinalis thoracis,muscle,chest,right,4575,5176
FJ1540M,FMA22873,左胸半棘肌,Left semispinalis thoracis,muscle,chest,left,4582,5176
FJ1541,FMA13405,右下后锯肌,Right serratus posterior inferior,muscle,chest,right,8698,13164
FJ1541M,FMA13406,左下后锯肌,Left serratus posterior inferior,muscle,chest,left,8680,13164
FJ1542,FMA13403,右上后锯肌,Right serratus posterior superior,muscle,chest,right,6219,9066
FJ1542M,FMA13404,左上后锯肌,Left serratus posterior superior,muscle,chest,left,6203,9066
FJ1543,FMA77179,,Spinalis,muscle,head,midline,1146,1192
FJ1543M,FMA77179,,Spinalis,muscle,head,midline,1146,1192
FJ1544,FMA22779,右胸棘肌,Right spinalis thoracis,muscle,chest,midline,5758,7422
FJ1544M,FMA22780,左胸棘肌,Left spinalis thoracis,muscle,chest,midline,5756,7422
FJ1545,FMA22728,右头夹肌,Right splenius capitis,muscle,head,right,4841,7808
FJ1545M,FMA22729,左头夹肌,Left splenius capitis,muscle,head,left,4846,7808
FJ1546,FMA22726,右颈夹肌,Right splenius cervicis,muscle,head,right,4604,6256
FJ1546M,FMA22727,左颈夹肌,Left splenius cervicis,muscle,head,left,4610,6256
FJ1547,FMA22850,腰外侧横突间肌,Lateral lumbar intertransversarius,muscle,abdomen,right,1628,1362
FJ1547M,FMA22850,腰外侧横突间肌,Lateral lumbar intertransversarius,muscle,abdomen,left,1628,1362
FJ1548,FMA22851,腰内侧横突间肌,Medial lumbar intertransversarius,muscle,abdomen,right,1416,1736
FJ1548M,FMA22851,腰内侧横突间肌,Medial lumbar intertransversarius,muscle,abdomen,left,1413,1736
FJ1549,FMA71442,颈前横突间肌(一组),Set of anterior cervical intertransversarii,muscle,head,right,1068,1152
FJ1549M,FMA71442,颈前横突间肌(一组),Set of anterior cervical intertransversarii,muscle,head,left,1070,1152
FJ1550,FMA71307,,Set of interspinales lumborum,muscle,abdomen,midline,819,774
FJ1550M,FMA71307,,Set of interspinales lumborum,muscle,abdomen,midline,817,774
FJ1551,FMA22890,右胸棘间肌,Right interspinalis thoracis,muscle,chest,midline,425,410
FJ1551M,FMA22891,左胸棘间肌,Left interspinalis thoracis,muscle,chest,midline,426,410
FJ1552,FMA71309,,Set of interspinales cervicis,muscle,head,midline,1148,1210
FJ1552M,FMA71309,,Set of interspinales cervicis,muscle,head,midline,1160,1210
FJ1553,FMA71443,颈后横突间肌(一组),Set of posterior cervical intertransversarii,muscle,head,right,1074,1090
FJ1553M,FMA71443,颈后横突间肌(一组),Set of posterior cervical intertransversarii,muscle,head,left,1071,1090
FJ1554,FMA33584,右斜方肌横部,Transverse part of right trapezius,muscle,head,right,3535,4460
FJ1554M,FMA33585,左斜方肌横部,Transverse part of left trapezius,muscle,head,left,3535,4460
FJ1555,FMA46293,左二腹肌,Left digastric,muscle,head,midline,408,650
FJ1556,FMA46292,右二腹肌,Right digastric,muscle,head,midline,457,680
FJ1557,FMA46288,左颈长肌下斜部,Inferior oblique part of left longus colli,muscle,head,left,1130,1960
FJ1558,FMA45740,左颈阔肌,Left platysma,muscle,head,left,7290,13396
FJ1559,FMA46327,左颏舌骨肌,Left geniohyoid,muscle,head,midline,419,732
FJ1560,FMA46293,左二腹肌,Left digastric,muscle,head,midline,367,392
FJ1561,FMA46310,左头长肌,Left longus capitis,muscle,head,left,2300,3898
FJ1562,FMA46322,左下颌舌骨肌,Left mylohyoid,muscle,head,left,1257,1938
FJ1563,FMA32537,左头下斜肌,Left obliquus capitis inferior,muscle,head,left,703,1044
FJ1564,FMA32535,左头上斜肌,Left obliquus capitis superior,muscle,head,left,1454,1418
FJ1565,FMA13349,左肩胛舌骨肌,Left omohyoid,muscle,head,left,3211,5358
FJ1566,FMA46314,左头前直肌,Left rectus capitis anterior,muscle,head,left,646,816
FJ1567,FMA32531,左头后大直肌,Left rectus capitis posterior major,muscle,head,left,1038,1566
FJ1568,FMA32533,左头后小直肌,Left rectus capitis posterior minor,muscle,head,midline,686,860
FJ1569,FMA46318,左头侧直肌,Left rectus capitis lateralis,muscle,head,left,598,720
FJ1570,FMA13393,左前斜角肌,Left scalenus anterior,muscle,head,left,1673,2596
FJ1571,FMA13391,左中斜角肌,Left scalenus medius,muscle,head,left,2969,4074
FJ1572,FMA13389,左后斜角肌,Left scalenus posterior,muscle,head,left,1920,2756
FJ1573,FMA13409,左胸锁乳突肌,Left sternocleidomastoid,muscle,head,left,6210,10224
FJ1574,FMA13347,左胸骨舌骨肌,Left sternohyoid,muscle,head,left,1812,3078
FJ1575,FMA13351,左胸骨甲状肌,Left sternothyroid,endocrine,head,midline,1569,2590
FJ1576,FMA45827,左茎突舌骨肌,Left stylohyoid,muscle,head,left,909,1248
FJ1577,FMA13353,左甲状舌骨肌,Left thyrohyoid,muscle,head,left,928,1436
FJ1578,FMA46293,左二腹肌,Left digastric,muscle,head,left,1389,2242
FJ1579,FMA46292,右二腹肌,Right digastric,muscle,head,right,1525,2272
FJ1580,FMA46326,右颏舌骨肌,Right geniohyoid,muscle,head,midline,408,728
FJ1581,FMA258850,右二腹肌中间腱,Right intermediate tendon,connective,head,midline,408,468
FJ1582,FMA46309,右头长肌,Right longus capitis,muscle,head,right,2489,3956
FJ1583,FMA46321,右下颌舌骨肌,Right mylohyoid,muscle,head,right,1267,1956
FJ1584,FMA32536,右头下斜肌,Right obliquus capitis inferior,muscle,head,right,692,1032
FJ1585,FMA32534,右头上斜肌,Right obliquus capitis superior,muscle,head,right,1569,1410
FJ1586,FMA13348,右肩胛舌骨肌,Right omohyoid,muscle,head,right,3368,5414
FJ1587,FMA45739,右颈阔肌,Right platysma,muscle,head,right,7857,13780
FJ1588,FMA46313,右头前直肌,Right rectus capitis anterior,muscle,head,midline,750,804
FJ1589,FMA32530,右头后大直肌,Right rectus capitis posterior major,muscle,head,right,1074,1572
FJ1590,FMA32532,右头后小直肌,Right rectus capitis posterior minor,muscle,head,midline,744,886
FJ1591,FMA46317,右头侧直肌,Right rectus capitis lateralis,muscle,head,right,553,674
FJ1592,FMA13392,右前斜角肌,Right scalenus anterior,muscle,head,right,1697,2632
FJ1593,FMA13390,右中斜角肌,Right scalenus medius,muscle,head,right,3015,4102
FJ1594,FMA13388,右后斜角肌,Right scalenus posterior,muscle,head,right,1979,2778
FJ1595,FMA13408,右胸锁乳突肌,Right sternocleidomastoid,muscle,head,midline,6642,10344
FJ1596,FMA13346,右胸骨舌骨肌,Right sternohyoid,muscle,head,right,1911,3116
FJ1597,FMA13350,右胸骨甲状肌,Right sternothyroid,endocrine,head,midline,1585,2608
FJ1598,FMA45826,右茎突舌骨肌,Right stylohyoid,muscle,head,right,843,1236
FJ1599,FMA13352,右甲状舌骨肌,Right thyrohyoid,muscle,head,midline,1102,1450
FJ1600,FMA46284,左颈长肌上斜部,Superior oblique part of left longus colli,muscle,head,midline,1433,2200
FJ1601,FMA46286,左颈长肌垂直中部,Vertical intermediate part of left longus colli,muscle,head,midline,1953,3002
FJ1654,FMA50029,右大脑前动脉,Right anterior cerebral artery,artery,head,midline,213,400
FJ1654M,FMA50030,左大脑前动脉,Left anterior cerebral artery,artery,head,midline,213,400
FJ1655,FMA50169,,Anterior communicating artery,artery,head,midline,63,80
FJ1656,FMA50544,小脑前下动脉,Anterior inferior cerebellar artery,artery,head,right,524,766
FJ1656M,FMA50544,小脑前下动脉,Anterior inferior cerebellar artery,artery,head,left,519,766
FJ1657,FMA50532,右脊髓前动脉,Right anterior spinal artery,artery,head,midline,218,304
FJ1657M,FMA50533,左脊髓前动脉,Left anterior spinal artery,artery,head,midline,218,304
FJ1658M,FMA50089,左脉络膜前动脉,Left anterior choroidal artery,artery,head,left,343,418
FJ1659,FMA50383,右前颞动脉,Right anterior temporal artery,artery,head,right,1104,1214
FJ1659M,FMA50384,左前颞动脉,Left anterior temporal artery,artery,head,left,1104,1214
FJ1660,FMA50369,右大脑中动脉岛叶段,Insular part of right middle cerebral artery,artery,head,right,579,1154
FJ1660M,FMA50370,左大脑中动脉岛叶段,Insular part of left middle cerebral artery,artery,head,left,579,1154
FJ1661,FMA50678,右外侧枕动脉颞前支,Anterior temporal branch of right lateral occipital artery,artery,head,right,1473,2488
FJ1661M,FMA50679,左外侧枕动脉颞前支,Anterior temporal branch of left lateral occipital artery,artery,head,left,1471,2488
FJ1664,FMA77439,,Artery of central sulcus,artery,head,right,1972,3890
FJ1664M,FMA77439,,Artery of central sulcus,artery,head,left,1967,3890
FJ1665,FMA77439,,Artery of central sulcus,artery,head,right,1791,3518
FJ1665M,FMA77439,,Artery of central sulcus,artery,head,left,1791,3518
FJ1666,FMA50483,右中央后沟动脉,Artery of right postcentral sulcus,artery,head,right,1414,2816
FJ1666M,FMA50484,左中央后沟动脉,Artery of left postcentral sulcus,artery,head,left,1412,2816
FJ1667,FMA50486,右前顶动脉,Right anterior parietal artery,artery,head,right,964,1908
FJ1667M,FMA50487,左前顶动脉,Left anterior parietal artery,artery,head,left,963,1908
FJ1668,FMA50480,右中央前沟动脉,Artery of right precentral sulcus,artery,head,right,1757,3486
FJ1668M,FMA50481,左中央前沟动脉,Artery of left precentral sulcus,artery,head,left,1758,3486
FJ1669,FMA50480,右中央前沟动脉,Artery of right precentral sulcus,artery,head,right,637,1266
FJ1669M,FMA50481,左中央前沟动脉,Artery of left precentral sulcus,artery,head,left,637,1266
FJ1670,FMA50480,右中央前沟动脉,Artery of right precentral sulcus,artery,head,right,450,886
FJ1670M,FMA50481,左中央前沟动脉,Artery of left precentral sulcus,artery,head,left,450,886
FJ1671,FMA50361,右胼周动脉楔前叶支,Precuneal branch of right pericallosal artery,artery,head,midline,932,1266
FJ1671M,FMA50362,左胼周动脉楔前叶支,Precuneal branch of left pericallosal artery,artery,head,midline,938,1266
FJ1673,FMA50476,右大脑中动脉角回支,Branch of right middle cerebral artery to right angular gyrus,artery,head,right,928,1736
FJ1673M,FMA50477,左大脑中动脉角回支,Branch of left middle cerebral artery to left angular gyrus,artery,head,left,924,1736
FJ1674M,FMA50147,左脉络膜前动脉内囊后肢支,Branch of left anterior choroidal artery to posterior limb of left internal capsule,artery,head,left,400,346
FJ1675,FMA50670,右丘脑膝状体动脉,Right thalamogeniculate artery,artery,head,midline,882,778
FJ1675M,FMA50671,左丘脑膝状体动脉,Left thalamogeniculate artery,artery,head,left,883,778
FJ1676,FMA50347,右胼缘动脉,Right callosomarginal artery,artery,head,midline,334,578
FJ1676M,FMA50348,左胼缘动脉,Left callosomarginal artery,artery,head,midline,337,578
FJ1677,FMA50684,右胝体压部动脉,Right splenial artery,artery,head,midline,142,262
FJ1677M,FMA50685,左胝体压部动脉,Left splenial artery,artery,head,midline,144,262
FJ1678,FMA50684,右胝体压部动脉,Right splenial artery,artery,head,midline,648,1276
FJ1678M,FMA50685,左胝体压部动脉,Left splenial artery,artery,head,midline,649,1276
FJ1679,FMA50428,右后交通动脉下丘脑支,Hypothalamic branch of right posterior communicating artery,artery,head,midline,193,156
FJ1679M,FMA50429,左后交通动脉下丘脑支,Hypothalamic branch of left posterior communicating artery,artery,head,midline,195,156
FJ1680,FMA50680,右外侧枕动脉颞中支,Middle temporal branch of right lateral occipital artery,artery,head,right,855,1486
FJ1680M,FMA50681,左外侧枕动脉颞中支,Middle temporal branch of left lateral occipital artery,artery,head,left,853,1486
FJ1681,FMA50351,右胼缘动脉内侧中间支,Intermediomedial branch of right callosomarginal artery,artery,head,midline,619,1098
FJ1681M,FMA50352,左胼缘动脉内侧中间支,Intermediomedial branch of left callosomarginal artery,artery,head,midline,615,1098
FJ1682,FMA75866,,Trunk of right internal carotid artery,artery,head,right,650,1272
FJ1682M,FMA69326,,Trunk of left common carotid artery,artery,head,left,650,1272
FJ1683,FMA50578,右小脑上动脉外侧支,Lateral branch of right superior cerebellar artery,artery,head,right,713,728
FJ1683M,FMA50579,左小脑上动脉外侧支,Lateral branch of left superior cerebellar artery,artery,head,left,720,728
FJ1684,FMA50568,右脑桥动脉外侧支,Lateral branch of right pontine artery,artery,head,midline,515,558
FJ1684M,FMA50569,左脑桥动脉外侧支,Lateral branch of left pontine artery,artery,head,midline,524,558
FJ1685,FMA50443,右额底外侧动脉,Right lateral frontobasal artery,artery,head,right,1818,3580
FJ1685M,FMA50444,左额底外侧动脉,Left lateral frontobasal artery,artery,head,left,1821,3580
FJ1686,FMA50443,右额底外侧动脉,Right lateral frontobasal artery,artery,head,right,411,804
FJ1686M,FMA50444,左额底外侧动脉,Left lateral frontobasal artery,artery,head,left,411,804
FJ1687,FMA86134,,Trunk of right lateral occipital artery,artery,head,midline,1198,2204
FJ1687M,FMA86135,,Trunk of left lateral occipital artery,artery,head,midline,1202,2204
FJ1688,FMA50581,右小脑上动脉内侧支,Medial branch of right superior cerebellar artery,artery,head,right,342,354
FJ1688M,FMA50582,左小脑上动脉内侧支,Medial branch of left superior cerebellar artery,artery,head,left,343,354
FJ1689,FMA50566,右脑桥动脉内侧支,Medial branch of right pontine artery,artery,head,midline,282,294
FJ1689M,FMA50567,左脑桥动脉内侧支,Medial branch of left pontine artery,artery,head,midline,282,294
FJ1690,FMA50343,右额底内侧动脉,Right medial frontobasal artery,artery,head,midline,553,698
FJ1690M,FMA50344,左额底内侧动脉,Left medial frontobasal artery,artery,head,midline,557,698
FJ1691,FMA86136,,Trunk of right medial occipital artery,artery,head,midline,1724,2588
FJ1691M,FMA86137,,Trunk of left medial occipital artery,artery,head,midline,1713,2588
FJ1692,FMA50366,右大脑中动脉蝶段,Sphenoid part of right middle cerebral artery,artery,head,right,402,800
FJ1692M,FMA50367,左大脑中动脉蝶段,Sphenoid part of left middle cerebral artery,artery,head,left,402,800
FJ1693,FMA50467,右大脑中动脉颞中支,Middle temporal branch of right middle cerebral artery,artery,head,right,704,818
FJ1693M,FMA50468,左大脑中动脉颞中支,Middle temporal branch of left middle cerebral artery,artery,head,left,701,818
FJ1694M,FMA50370,左大脑中动脉岛叶段,Insular part of left middle cerebral artery,artery,head,left,2362,4706
FJ1695,FMA49869,右眼动脉,Right ophthalmic artery,artery,head,midline,1207,2410
FJ1695M,FMA49870,左眼动脉,Left ophthalmic artery,artery,head,midline,1207,2410
FJ1696,FMA50357,右胼缘动脉旁中央支,Paracentral branch of right callosomarginal artery,artery,head,midline,1170,2172
FJ1696M,FMA50358,左胼缘动脉旁中央支,Paracentral branch of left callosomarginal artery,artery,head,midline,1176,2172
FJ1697,FMA50357,右胼缘动脉旁中央支,Paracentral branch of right callosomarginal artery,artery,head,right,551,692
FJ1697M,FMA50358,左胼缘动脉旁中央支,Paracentral branch of left callosomarginal artery,artery,head,left,553,692
FJ1698,FMA50357,右胼缘动脉旁中央支,Paracentral branch of right callosomarginal artery,artery,head,midline,553,782
FJ1698M,FMA50358,左胼缘动脉旁中央支,Paracentral branch of left callosomarginal artery,artery,head,midline,557,782
FJ1699,FMA50359,右胼周动脉,Right pericallosal artery,artery,head,midline,984,1080
FJ1699M,FMA50360,左胼周动脉,Left pericallosal artery,artery,head,midline,972,1080
FJ1700,FMA50519,右小脑后下动脉,Right posterior inferior cerebellar artery,artery,head,right,272,326
FJ1700M,FMA50520,左小脑后下动脉,Left posterior inferior cerebellar artery,artery,head,left,274,326
FJ1701,FMA50519,右小脑后下动脉,Right posterior inferior cerebellar artery,artery,head,right,427,306
FJ1701M,FMA50520,左小脑后下动脉,Left posterior inferior cerebellar artery,artery,head,left,428,306
FJ1702,FMA50519,右小脑后下动脉,Right posterior inferior cerebellar artery,artery,head,right,356,240
FJ1702M,FMA50520,左小脑后下动脉,Left posterior inferior cerebellar artery,artery,head,left,356,240
FJ1703,FMA50519,右小脑后下动脉,Right posterior inferior cerebellar artery,artery,head,midline,348,224
FJ1703M,FMA50520,左小脑后下动脉,Left posterior inferior cerebellar artery,artery,head,midline,344,224
FJ1704,FMA50519,右小脑后下动脉,Right posterior inferior cerebellar artery,artery,head,right,261,286
FJ1704M,FMA50520,左小脑后下动脉,Left posterior inferior cerebellar artery,artery,head,left,258,286
FJ1705,FMA50519,右小脑后下动脉,Right posterior inferior cerebellar artery,artery,head,right,277,322
FJ1705M,FMA50520,左小脑后下动脉,Left posterior inferior cerebellar artery,artery,head,left,280,322
FJ1706,FMA50519,右小脑后下动脉,Right posterior inferior cerebellar artery,artery,head,right,290,292
FJ1706M,FMA50520,左小脑后下动脉,Left posterior inferior cerebellar artery,artery,head,left,284,292
FJ1707,FMA50519,右小脑后下动脉,Right posterior inferior cerebellar artery,artery,head,midline,122,84
FJ1707M,FMA50520,左小脑后下动脉,Left posterior inferior cerebellar artery,artery,head,left,122,84
FJ1708,FMA50519,右小脑后下动脉,Right posterior inferior cerebellar artery,artery,head,right,136,86
FJ1708M,FMA50520,左小脑后下动脉,Left posterior inferior cerebellar artery,artery,head,left,136,86
FJ1709,FMA50519,右小脑后下动脉,Right posterior inferior cerebellar artery,artery,head,right,238,176
FJ1709M,FMA50520,左小脑后下动脉,Left posterior inferior cerebellar artery,artery,head,left,238,176
FJ1710,FMA50519,右小脑后下动脉,Right posterior inferior cerebellar artery,artery,head,right,212,166
FJ1710M,FMA50520,左小脑后下动脉,Left posterior inferior cerebellar artery,artery,head,left,210,166
FJ1711,FMA50519,右小脑后下动脉,Right posterior inferior cerebellar artery,artery,head,right,821,736
FJ1711M,FMA50520,左小脑后下动脉,Left posterior inferior cerebellar artery,artery,head,left,817,736
FJ1712,FMA50380,右颞极动脉,Right polar temporal artery,artery,head,right,269,360
FJ1712M,FMA50381,左颞极动脉,Left polar temporal artery,artery,head,left,271,360
FJ1713,FMA50085,右后交通动脉,Right posterior communicating artery,artery,head,midline,122,204
FJ1713M,FMA50086,左后交通动脉,Left posterior communicating artery,artery,head,midline,122,204
FJ1714,FMA50641,右大脑后动脉交通后段,Postcommunicating part of right posterior cerebral artery,artery,head,midline,280,544
FJ1714M,FMA50642,左大脑后动脉交通后段,Postcommunicating part of left posterior cerebral artery,artery,head,midline,280,544
FJ1715,FMA50519,右小脑后下动脉,Right posterior inferior cerebellar artery,artery,head,right,668,796
FJ1715M,FMA50520,左小脑后下动脉,Left posterior inferior cerebellar artery,artery,head,left,673,796
FJ1716,FMA50489,右后顶动脉,Right posterior parietal artery,artery,head,right,3447,6812
FJ1716M,FMA50490,左后顶动脉,Left posterior parietal artery,artery,head,left,3447,6812
FJ1717,FMA50470,右大脑中动脉颞后支,Posterior temporal branch of right middle cerebral artery,artery,head,right,1697,3328
FJ1717M,FMA50471,左大脑中动脉颞后支,Posterior temporal branch of left middle cerebral artery,artery,head,left,1701,3328
FJ1718,FMA76128,右大脑中动脉下终支干,Trunk of inferior terminal branch of right middle cerebral artery,artery,head,right,208,368
FJ1718M,FMA76129,左大脑中动脉下终支干,Trunk of inferior terminal branch of left middle cerebral artery,artery,head,left,210,368
FJ1719,FMA71502,外侧枕动脉颞后支 (一组),Set of posterior temporal branches of lateral occipital artery,artery,head,right,983,1694
FJ1719M,FMA71502,外侧枕动脉颞后支 (一组),Set of posterior temporal branches of lateral occipital artery,artery,head,left,979,1694
FJ1720,FMA50664,右丘脑穿通动脉,Right thalamoperforating artery,artery,head,midline,503,706
FJ1720M,FMA50665,左丘脑穿通动脉,Left thalamoperforating artery,artery,head,midline,505,706
FJ1721M,FMA50661,左大脑后动脉后内侧中央支,Posteromedial central branch of left posterior cerebral artery,artery,head,left,196,252
FJ1722,FMA50353,右胼缘动脉后内侧支,Posteromedial branch of right callosomarginal artery,artery,head,midline,394,530
FJ1722M,FMA50354,左胼缘动脉后内侧支,Posteromedial branch of left callosomarginal artery,artery,head,midline,394,530
FJ1723,FMA50639,右大脑后动脉交通前段,Precommunicating part of right posterior cerebral artery,artery,head,midline,155,282
FJ1723M,FMA50640,左大脑后动脉交通前段,Precommunicating part of left posterior cerebral artery,artery,head,midline,155,282
FJ1724,FMA50445,右额前动脉,Right prefrontal artery,artery,head,right,2789,5424
FJ1724M,FMA50478,左额前动脉,Left prefrontal artery,artery,head,left,2786,5424
FJ1725,FMA76261,,Trunk of right vertebral artery,artery,head,right,489,800
FJ1725M,FMA76262,,Trunk of left vertebral artery,artery,head,left,489,800
FJ1726,FMA50574,右小脑上动脉,Right superior cerebellar artery,artery,head,midline,226,406
FJ1726M,FMA50575,左小脑上动脉,Left superior cerebellar artery,artery,head,midline,226,406
FJ1727,FMA50672,右后内侧脉络膜动脉,Right posterior medial choroidal artery,artery,head,midline,557,880
FJ1727M,FMA50673,左后内侧脉络膜动脉,Left posterior medial choroidal artery,artery,head,midline,557,880
FJ1728,FMA50696,右小脑上动脉内侧支小脑上蚓支,Superior vermian branch of medial branch of right superior cerebellar artery,artery,head,midline,283,412
FJ1728M,FMA50697,左小脑上动脉内侧支小脑上蚓支,Superior vermian branch of medial branch of left superior cerebellar artery,artery,head,midline,285,412
FJ1729,FMA50473,右大脑中动脉颞枕支,Temporo-occipital branch of right middle cerebral artery,artery,head,right,1538,2416
FJ1729M,FMA50474,左大脑中动脉颞枕支,Temporo-occipital branch of left middle cerebral artery,artery,head,left,1540,2416
FJ1730,FMA78454,,Third ventricle,heart,head,midline,1994,3870
FJ1731,FMA78469,,Fourth ventricle,heart,head,midline,3567,6940
FJ1732,FMA72670,左角回,Left angular gyrus,nerve,head,left,2048,3588
FJ1733,FMA72669,右角回,Right angular gyrus,nerve,head,right,2084,3554
FJ1734,FMA61961,,Anterior commissure,nerve,head,midline,428,812
FJ1735,FMA73462,左上丘臂,Brachium of left superior colliculus,nerve,head,midline,144,282
FJ1736,FMA73461,右上丘臂,Brachium of right superior colliculus,nerve,head,midline,138,266
FJ1737,FMA78497,,Central canal of spinal cord,nerve,head,midline,427,728
FJ1738,FMA78467,,Cerebral aqueduct,nerve,head,midline,310,518
FJ1741,FMA61970,穹窿连合,Commissure of fornix of forebrain,nerve,head,midline,5400,10632
FJ1742,FMA86464,,Corpus callosum,nerve,head,midline,16716,30232
FJ1743,FMA62032,,Habenula,nerve,head,midline,283,384
FJ1744,FMA72658,左额下回,Left inferior frontal gyrus,nerve,head,left,1927,3290
FJ1745,FMA72657,右额下回,Right inferior frontal gyrus,nerve,head,right,1928,3292
FJ1746,FMA72688,左颞下回,Left inferior temporal gyrus,nerve,head,left,1573,2732
FJ1747,FMA72687,右颞下回,Right inferior temporal gyrus,nerve,head,right,1610,2768
FJ1748,FMA72978,左岛叶(岛),Left insula,nerve,head,left,1250,2448
FJ1749,FMA72977,右岛叶(岛),Right insula,nerve,head,right,1261,2448
FJ1750,FMA72907,左内囊,Left internal capsule,nerve,head,left,5375,10740
FJ1751,FMA72906,右内囊,Right internal capsule,nerve,head,right,5376,10742
FJ1752,FMA75351,室间孔,Interventricular foramen,heart,head,midline,541,1068
FJ1753,FMA72833,左杏仁体,Left amygdala,nerve,head,left,202,382
FJ1754,FMA72827,左尾状核,Left caudate nucleus,nerve,head,left,1334,2544
FJ1755,FMA61934,,Choroid plexus of cerebral hemisphere,nerve,head,left,2913,4930
FJ1757,FMA72831,左苍白球,Left globus pallidus,nerve,head,left,3542,7080
FJ1758,FMA261085,,White matter of left temporal lobe,nerve,head,left,15286,25542
FJ1759,FMA72714,,Left hippocampus proper,nerve,head,left,492,980
FJ1760,FMA62008,,Hypothalamus,nerve,head,midline,1183,2050
FJ1761,FMA73464,左下丘臂,Brachium of left inferior colliculus,nerve,head,midline,156,308
FJ1762,FMA73435,左下丘,Left inferior colliculus,nerve,head,midline,81,156
FJ1763,FMA83740,,Interpeduncular fossa,nerve,head,midline,85,58
FJ1764,FMA61975,,Lamina terminalis,nerve,head,midline,246,286
FJ1766,FMA73304,左外侧膝状体,Left lateral geniculate body,nerve,head,left,112,196
FJ1767,FMA78450,左侧脑室,Left lateral ventricle,heart,head,left,8986,17968
FJ1769,FMA62004,,Medulla oblongata,nerve,head,midline,3196,6036
FJ1770,FMA242162,,Left cerebral crus,nerve,head,midline,4157,6468
FJ1775,FMA67943,,Pons,nerve,head,midline,5764,10304
FJ1776,FMA72829,左壳,Left putamen,nerve,head,left,3642,7056
FJ1777,FMA73414,左丘脑髓纹,Left stria medullaris of thalamus,nerve,head,midline,586,926
FJ1778,FMA72940,左终纹,Left stria terminalis,nerve,head,left,545,690
FJ1779,FMA73423,左上丘,Left superior colliculus,nerve,head,midline,93,180
FJ1780,FMA62327,,Tuber cinereum,nerve,head,midline,627,804
FJ1781,FMA67944,,Cerebellum,nerve,head,left,12098,23818
FJ1782,FMA258716,左丘脑,Left thalamus,nerve,head,midline,853,1702
FJ1787,FMA72656,左额中回,Left middle frontal gyrus,nerve,head,left,1973,3416
FJ1788,FMA72655,右额中回,Right middle frontal gyrus,nerve,head,right,1960,3326
FJ1789,FMA72686,左颞中回,Left middle temporal gyrus,nerve,head,left,1528,2710
FJ1790,FMA72685,右颞中回,Right middle temporal gyrus,nerve,head,right,1563,2754
FJ1795,FMA62033,,Pineal body,endocrine,head,midline,292,580
FJ1796,FMA13889,垂体,Pituitary gland,endocrine,head,midline,609,1164
FJ1797,FMA72666,左中央后回,Left postcentral gyrus,nerve,head,left,2033,3604
FJ1798,FMA72665,右中央后回,Right postcentral gyrus,nerve,head,right,2045,3604
FJ1799,FMA62072,,Posterior commissure,nerve,head,midline,419,834
FJ1800,FMA72662,左中央前回,Left precentral gyrus,nerve,head,left,2336,4042
FJ1801,FMA72661,右中央前回,Right precentral gyrus,nerve,head,right,2382,4042
FJ1802,FMA72826,右尾状核,Right caudate nucleus,nerve,head,right,1334,2570
FJ1803,FMA61934,,Choroid plexus of cerebral hemisphere,nerve,head,right,3014,4942
FJ1805,FMA72830,右苍白球,Right globus pallidus,nerve,head,right,2674,5344
FJ1806,FMA261083,,White matter of right temporal lobe,nerve,head,right,15757,26512
FJ1807,FMA72713,,Right hippocampus proper,nerve,head,right,515,1020
FJ1808,FMA62008,,Hypothalamus,nerve,head,midline,1191,2028
FJ1809,FMA73463,右下丘臂,Brachium of right inferior colliculus,nerve,head,midline,133,260
FJ1810,FMA73434,右下丘,Right inferior colliculus,nerve,head,midline,104,204
FJ1811,FMA83740,,Interpeduncular fossa,nerve,head,midline,95,76
FJ1812,FMA61975,,Lamina terminalis,nerve,head,midline,239,278
FJ1813,FMA73303,右外侧膝状体,Right lateral geniculate body,nerve,head,right,305,604
FJ1814,FMA78449,右侧脑室,Right lateral ventricle,heart,head,right,9011,18016
FJ1816,FMA73309,右内侧膝状体,Right medial geniculate body,nerve,head,right,101,198
FJ1816M,FMA73310,左内侧膝状体,Left medial geniculate body,nerve,head,left,101,198
FJ1817,FMA242160,,Right cerebral crus,nerve,head,midline,4050,6440
FJ1822,FMA67943,,Pons,nerve,head,midline,6179,10346
FJ1823,FMA72828,右壳,Right putamen,nerve,head,right,3690,7064
FJ1824,FMA73413,右丘脑髓纹,Right stria medullaris of thalamus,nerve,head,midline,539,848
FJ1825,FMA72939,,Right stria terminalis,nerve,head,midline,651,764
FJ1826,FMA73422,右上丘,Right superior colliculus,nerve,head,midline,91,176
FJ1827,FMA258714,右丘脑,Right thalamus,nerve,head,midline,381,758
FJ1828,FMA62327,,Tuber cinereum,nerve,head,midline,715,802
FJ1829,FMA72832,右杏仁体,Right amygdala,nerve,head,right,202,384
FJ1830,FMA67944,,Cerebellum,nerve,head,right,12226,23882
FJ1831,FMA62004,,Medulla oblongata,nerve,head,midline,3281,6060
FJ1832,FMA61842,,Septum of telencephalon,nerve,head,midline,5314,5704
FJ1833,FMA72654,左额上回,Left superior frontal gyrus,nerve,head,left,3625,6452
FJ1834,FMA72653,右额上回,Right superior frontal gyrus,nerve,head,right,3671,6450
FJ1835,FMA72672,左顶上小叶,Left superior parietal lobule,nerve,head,left,3181,5364
FJ1836,FMA72671,右顶上小叶,Right superior parietal lobule,nerve,head,right,3241,5640
FJ1837,FMA72801,左颞上回前部,Anterior part of left superior temporal gyrus,nerve,head,left,1039,1804
FJ1838,FMA72800,右颞上回前部,Anterior part of right superior temporal gyrus,nerve,head,right,1082,1892
FJ1839,FMA72805,左颞上回后部,Posterior part of left superior temporal gyrus,nerve,head,left,1200,2264
FJ1840,FMA72804,右颞上回后部,Posterior part of right superior temporal gyrus,nerve,head,right,1220,2264
FJ1841,FMA72668,左缘上回,Left supramarginal gyrus,nerve,head,left,1323,2344
FJ1842,FMA72667,右缘上回,Right supramarginal gyrus,nerve,head,right,1368,2314
FJ1843,FMA83966,,Tentorium cerebelli,nerve,head,right,11794,21924
FJ1844,FMA76647,,Trunk of basilar artery,artery,head,midline,128,244
FJ1858,FMA15747,肝静脉第IX段,Hepatovenous segment IX,vein,chest,right,5687,9550
FJ1867,FMA15793,,Tributary of middle hepatic vein,vein,chest,right,613,1222
FJ1874,FMA71710,肝左动脉左叶支,Left lobe branch of left hepatic artery,artery,chest,right,371,484
FJ1883,FMA71889,左肝胆道树尾状叶支,Caudate lobe tributary of left hepatic biliary tree,nerve,chest,midline,283,428
FJ1895,FMA63120,胰腺实质,Parenchyma of pancreas,digestive,chest,left,2462,4890
FJ1896,FMA63103,胰管树,Pancreatic duct tree,digestive,chest,midline,3941,3368
FJ1914,FMA82706,,Caudate lobe branch of right portal vein,vein,chest,right,180,316
FJ1916,FMA70447,肝右动脉尾状叶支,Caudate lobe branch of right hepatic artery,artery,chest,right,214,362
FJ1924,FMA71708,肝右动脉右叶支,Right lobe branch of right hepatic artery,artery,chest,right,1016,1374
FJ1933,FMA68109,,Bronchial artery,artery,chest,right,917,1340
FJ1934,FMA4149,,Esophageal artery,artery,chest,midline,727,1010
FJ1935,FMA5042,右最上肋间动脉,Right superior intercostal artery,artery,head,right,103,184
FJ1936,FMA3988,右腹壁上动脉,Right superior epigastric artery,artery,chest,midline,1149,2252
FJ1937,FMA76303,,Trunk of right internal thoracic artery,artery,chest,right,1775,3546
FJ1938,FMA22675,右胸外侧动脉,Right lateral thoracic artery,artery,chest,right,1215,2350
FJ1939,FMA66242,右第1肋间后动脉,Right first posterior intercostal artery,artery,chest,right,760,1508
FJ1950,FMA5041,右第2肋间后动脉,Right second posterior intercostal artery,artery,chest,right,1332,2656
FJ1961,FMA63822,,Set of posterior intercostal arteries,heart,chest,right,19082,37964
FJ1967,FMA4634,右肋下动脉,Right subcostal artery,artery,chest,right,780,1526
FJ1969,FMA10692,右肌膈动脉,Right musculophrenic artery,artery,chest,right,1268,2528
FJ1970,FMA4088,左最上肋间动脉,Left superior intercostal artery,artery,head,left,106,206
FJ1971,FMA4083,左腹壁上动脉,Left superior epigastric artery,artery,chest,midline,1167,2270
FJ1972,FMA76304,,Trunk of left internal thoracic artery,artery,chest,left,1823,3642
FJ1973,FMA66243,左第1肋间后动脉,Left first posterior intercostal artery,artery,chest,left,773,1538
FJ1974,FMA4112,左第2肋间后动脉,Left second posterior intercostal artery,artery,chest,left,1365,2724
FJ1975,FMA63822,,Set of posterior intercostal arteries,heart,chest,left,17901,35050
FJ1976,FMA22676,左胸外侧动脉,Left lateral thoracic artery,artery,chest,left,1216,2350
FJ1977,FMA4654,左肋下动脉,Left subcostal artery,artery,chest,left,706,1334
FJ1979,FMA4077,左肌膈动脉,Left musculophrenic artery,artery,chest,left,1284,2564
FJ1981,FMA5011,,Accessory hemiazygos vein,vein,chest,midline,2268,4532
FJ1985,FMA70839,肋间前静脉 (一组),Set of anterior intercostal veins,vein,chest,left,19220,37874
FJ1986,FMA4797,左最上肋间静脉,Left superior intercostal vein,vein,chest,left,396,786
FJ1987,FMA4951,左肋下静脉,Left subcostal vein,vein,chest,left,521,978
FJ1988,FMA4786,左肌膈静脉,Left musculophrenic vein,vein,chest,left,1620,3236
FJ1991,FMA4877,右最上肋间静脉,Right superior intercostal vein,vein,chest,right,562,1094
FJ1993,FMA4758,右胸廓内静脉,Right internal thoracic vein,vein,chest,right,1557,3038
FJ1994,FMA70839,肋间前静脉 (一组),Set of anterior intercostal veins,vein,chest,right,19693,38814
FJ1995,FMA4844,右肋下静脉,Right subcostal vein,vein,chest,right,656,1266
FJ1996,FMA4772,右肌膈静脉,Right musculophrenic vein,vein,chest,right,1622,3240
FJ2025,FMA14824,,Marginal colic artery,artery,abdomen,midline,1360,2106
FJ2034,FMA14819,回结肠动脉下支回肠支,Ileal branch of inferior branch of ileocolic artery,artery,abdomen,right,94,114
FJ2055,FMA43916,右足背动脉,Right dorsalis pedis artery,artery,legs,right,553,1102
FJ2056,FMA21354,,Deep dorsal vein of penis,vein,abdomen,midline,1228,2356
FJ2057,FMA21422,右旋股外侧动脉降支,Descending branch of right lateral circumflex femoral artery,artery,legs,right,2619,5234
FJ2058,FMA69517,,Distal perforating artery,artery,legs,right,407,786
FJ2059,FMA44882,左足背静脉弓,Dorsal venous arch of left foot,vein,legs,left,947,1890
FJ2060,FMA44882,左足背静脉弓,Dorsal venous arch of left foot,vein,legs,left,334,600
FJ2061,FMA44881,右足背静脉弓,Dorsal venous arch of right foot,vein,legs,right,948,1890
FJ2062,FMA44881,右足背静脉弓,Dorsal venous arch of right foot,vein,legs,right,341,608
FJ2063,FMA21423,左旋股外侧动脉降支,Descending branch of left lateral circumflex femoral artery,artery,legs,left,2617,5230
FJ2064,FMA69517,,Distal perforating artery,artery,legs,left,405,732
FJ2065,FMA66425,,Trunk of left anterior tibial artery,artery,legs,left,8708,17412
FJ2066,FMA43908,左胫前返动脉,Left anterior tibial recurrent artery,artery,legs,left,3223,6040
FJ2067,FMA69495,左弓状动脉,Left arcuate artery,artery,legs,left,324,642
FJ2068,FMA69515,左足底深动脉,Left deep plantar artery,artery,legs,left,242,480
FJ2069,FMA22508,左膝降动脉,Left descending genicular artery,artery,legs,left,3293,6530
FJ2070,FMA20819,阴茎左背动脉,Left dorsal artery of penis,artery,abdomen,left,1738,2588
FJ2072,FMA44660,,Dorsal digital artery of foot,artery,legs,left,2988,5476
FJ2073,FMA43917,左足背动脉,Left dorsalis pedis artery,artery,legs,left,576,1148
FJ2074,FMA20732,,Trunk of left femoral artery,artery,legs,left,373,740
FJ2076,FMA43893,左膝下外侧动脉,Left inferior lateral genicular artery,artery,legs,left,1116,2226
FJ2077,FMA43891,左膝下内侧动脉,Left inferior medial genicular artery,artery,legs,left,1148,2290
FJ2078,FMA20802,左旋股外侧动脉,Left lateral circumflex femoral artery,artery,abdomen,left,577,1102
FJ2079,FMA69567,,Trunk of left lateral plantar artery,artery,legs,left,453,900
FJ2080,FMA22589,左膝上外侧动脉,Left lateral superior genicular artery,artery,legs,left,1119,2234
FJ2081,FMA69491,左外侧跗动脉,Left lateral tarsal artery,artery,legs,left,806,1608
FJ2082,FMA69757,,Trunk of left medial plantar artery,artery,legs,left,410,764
FJ2083,FMA22587,左膝上内侧动脉,Left medial superior genicular artery,artery,legs,left,887,1766
FJ2084,FMA22563,左膝中动脉,Left middle genicular artery,artery,legs,left,1310,2360
FJ2085,FMA43944,左足底弓,Left plantar arch,heart,legs,left,607,1200
FJ2086,FMA77381,左腘动脉,Left popliteal artery,artery,legs,left,8368,16732
FJ2087,FMA66427,,Trunk of left posterior tibial artery,artery,legs,left,6658,13218
FJ2089,FMA43938,左足底内侧浅动脉,Left superficial medial plantar artery,artery,legs,left,476,948
FJ2090,FMA20797,,Left deep femoral artery,artery,legs,left,633,1228
FJ2091,FMA20802,左旋股外侧动脉,Left lateral circumflex femoral artery,artery,abdomen,left,1275,2502
FJ2092,FMA70821,足底总趾动脉(一组),Set of common plantar digital arteries,heart,legs,left,636,1070
FJ2093,FMA43923,,Left peroneal artery,artery,legs,left,6056,12108
FJ2094,FMA20797,,Left deep femoral artery,artery,legs,left,3071,6138
FJ2095,FMA71564,足底固有趾动脉(一组),Set of plantar digital arteries proper,heart,legs,left,612,1044
FJ2096,FMA69715,,Trunk of plantar metatarsal artery,artery,legs,left,1371,2724
FJ2097,FMA44337,左胫前静脉,Left anterior tibial vein,vein,legs,left,1435,2840
FJ2099,FMA51043,左股深静脉,Left deep femoral vein,vein,legs,left,3171,6338
FJ2100,FMA70922,穿静脉 (一组),Set of perforating veins,vein,legs,left,698,1372
FJ2102,FMA21189,左股静脉,Left femoral vein,vein,legs,left,332,658
FJ2103,FMA21380,左大隐静脉,Left great saphenous vein,vein,legs,left,15199,30040
FJ2107,FMA44888,左膝静脉,Left genicular vein,vein,legs,left,965,1894
FJ2108,FMA44888,左膝静脉,Left genicular vein,vein,legs,left,1118,2232
FJ2113,FMA44499,,Tributary of plantar venous arch,vein,legs,left,453,900
FJ2115,FMA44499,,Tributary of plantar venous arch,vein,legs,left,413,764
FJ2117,FMA44329,左腘静脉,Left popliteal vein,vein,legs,left,8433,16592
FJ2118,FMA44339,左胫后静脉,Left posterior tibial vein,vein,legs,left,6982,13826
FJ2119,FMA70922,穿静脉 (一组),Set of perforating veins,vein,legs,left,1087,1920
FJ2120,FMA70919,足底趾静脉 (一组),Set of plantar digital veins,vein,legs,left,4054,7716
FJ2121,FMA44335,左小隐静脉,Left small saphenous vein,vein,legs,left,8170,16336
FJ2122,FMA44341,左腹壁浅静脉,Left superficial epigastric vein,vein,abdomen,left,833,1470
FJ2124,FMA44888,左膝静脉,Left genicular vein,vein,legs,left,1186,2316
FJ2125,FMA44888,左膝静脉,Left genicular vein,vein,legs,left,851,1604
FJ2127,FMA20731,,Trunk of right femoral artery,artery,legs,right,634,1242
FJ2128,FMA44884,左足底静脉弓,Plantar venous arch of left foot,vein,legs,left,605,1200
FJ2129,FMA44883,右足底静脉弓,Plantar venous arch of right foot,vein,legs,right,621,1230
FJ2130,FMA66424,,Trunk of right anterior tibial artery,artery,legs,right,8669,17334
FJ2131,FMA43907,右胫前返动脉,Right anterior tibial recurrent artery,artery,legs,right,3278,6060
FJ2132,FMA44336,右胫前静脉,Right anterior tibial vein,vein,legs,right,1427,2840
FJ2133,FMA69494,右弓状动脉,Right arcuate artery,artery,legs,right,322,634
FJ2135,FMA51042,右股深静脉,Right deep femoral vein,vein,legs,right,3175,6346
FJ2136,FMA69514,右足底深动脉,Right deep plantar artery,artery,legs,right,245,484
FJ2137,FMA22507,右膝降动脉,Right descending genicular artery,artery,legs,right,3338,6536
FJ2138,FMA70922,穿静脉 (一组),Set of perforating veins,vein,legs,right,733,1424
FJ2141,FMA44660,,Dorsal digital artery of foot,artery,legs,right,2717,4976
FJ2143,FMA20731,,Trunk of right femoral artery,artery,legs,right,380,752
FJ2144,FMA21188,右股静脉,Right femoral vein,vein,legs,right,336,658
FJ2145,FMA21379,右大隐静脉,Right great saphenous vein,vein,legs,right,15163,30036
FJ2150,FMA43892,右膝下外侧动脉,Right inferior lateral genicular artery,artery,legs,right,1119,2226
FJ2151,FMA44887,右膝静脉,Right genicular vein,vein,legs,right,987,1926
FJ2152,FMA43890,右膝下内侧动脉,Right inferior medial genicular artery,artery,legs,right,1142,2280
FJ2153,FMA44887,右膝静脉,Right genicular vein,vein,legs,right,1117,2230
FJ2158,FMA20801,右旋股外侧动脉,Right lateral circumflex femoral artery,artery,abdomen,right,579,1110
FJ2159,FMA69566,,Trunk of right lateral plantar artery,artery,legs,right,470,936
FJ2160,FMA44499,,Tributary of plantar venous arch,vein,legs,right,470,936
FJ2162,FMA22588,右膝上外侧动脉,Right lateral superior genicular artery,artery,legs,right,1098,2192
FJ2163,FMA69490,右外侧跗动脉,Right lateral tarsal artery,artery,legs,right,852,1700
FJ2164,FMA69756,,Trunk of right medial plantar artery,artery,legs,right,412,772
FJ2165,FMA44499,,Tributary of plantar venous arch,vein,legs,right,407,772
FJ2166,FMA22586,右膝上内侧动脉,Right medial superior genicular artery,artery,legs,right,885,1764
FJ2167,FMA22562,右膝中动脉,Right middle genicular artery,artery,legs,right,1315,2348
FJ2169,FMA43943,右足底弓,Right plantar arch,heart,legs,right,622,1230
FJ2170,FMA77380,右腘动脉,Right popliteal artery,artery,legs,right,8391,16778
FJ2171,FMA44328,右腘静脉,Right popliteal vein,vein,legs,right,8505,16660
FJ2172,FMA66426,,Trunk of right posterior tibial artery,artery,legs,right,6601,13130
FJ2173,FMA44338,右胫后静脉,Right posterior tibial vein,vein,legs,right,6983,13782
FJ2174,FMA70922,穿静脉 (一组),Set of perforating veins,vein,legs,right,1120,1982
FJ2175,FMA70919,足底趾静脉 (一组),Set of plantar digital veins,vein,legs,right,3940,7420
FJ2176,FMA44334,右小隐静脉,Right small saphenous vein,vein,legs,right,8171,16332
FJ2178,FMA44340,右腹壁浅静脉,Right superficial epigastric vein,vein,abdomen,right,832,1486
FJ2179,FMA43937,右足底内侧浅动脉,Right superficial medial plantar artery,artery,legs,right,451,898
FJ2181,FMA44887,右膝静脉,Right genicular vein,vein,legs,right,1168,2296
FJ2182,FMA44887,右膝静脉,Right genicular vein,vein,legs,right,872,1636
FJ2183,FMA44337,左胫前静脉,Left anterior tibial vein,vein,legs,left,6399,12794
FJ2184,FMA44886,左腓静脉,Left fibular vein,vein,legs,left,312,530
FJ2185,FMA70917,足背趾静脉 (一组),Set of dorsal digital veins,vein,legs,left,2703,4720
FJ2186,FMA22954,,Dorsal metacarpal vein,vein,legs,left,2161,4292
FJ2187,FMA44886,左腓静脉,Left fibular vein,vein,legs,left,5430,10618
FJ2188,FMA44922,左旋股外侧静脉,Left lateral circumflex femoral vein,vein,abdomen,left,1513,2958
FJ2189,FMA44919,左旋股内侧静脉,Left medial circumflex femoral vein,vein,abdomen,left,577,1100
FJ2190,FMA44885,右腓静脉,Right fibular vein,vein,legs,left,632,1238
FJ2191,FMA44504,,Plantar metatarsal vein,vein,legs,left,1953,3706
FJ2192,FMA70922,穿静脉 (一组),Set of perforating veins,vein,legs,right,640,1242
FJ2193,FMA44336,右胫前静脉,Right anterior tibial vein,vein,legs,right,6383,12756
FJ2194,FMA44885,右腓静脉,Right fibular vein,vein,legs,right,323,574
FJ2195,FMA20801,右旋股外侧动脉,Right lateral circumflex femoral artery,artery,abdomen,right,1285,2506
FJ2196,FMA70821,足底总趾动脉(一组),Set of common plantar digital arteries,heart,legs,right,643,1052
FJ2197,FMA43922,,Right peroneal artery,artery,legs,right,6046,12088
FJ2198,FMA70917,足背趾静脉 (一组),Set of dorsal digital veins,vein,legs,right,2707,4718
FJ2199,FMA22954,,Dorsal metacarpal vein,vein,legs,right,2157,4290
FJ2200,FMA44885,右腓静脉,Right fibular vein,vein,legs,right,5405,10564
FJ2201,FMA44920,右旋股外侧静脉,Right lateral circumflex femoral vein,vein,abdomen,right,1506,2960
FJ2202,FMA44918,右旋股内侧静脉,Right medial circumflex femoral vein,vein,abdomen,right,583,1110
FJ2203,FMA20731,,Trunk of right femoral artery,artery,legs,right,3068,6132
FJ2204,FMA71564,足底固有趾动脉(一组),Set of plantar digital arteries proper,heart,legs,right,678,1002
FJ2205,FMA71564,足底固有趾动脉(一组),Set of plantar digital arteries proper,heart,legs,right,3499,6546
FJ2206,FMA69715,,Trunk of plantar metatarsal artery,artery,legs,right,1341,2644
FJ2207,FMA44504,,Plantar metatarsal vein,vein,legs,right,1923,3608
FJ2208,FMA21384,,Superficial dorsal vein of penis,vein,abdomen,midline,743,1480
FJ2209,FMA10697,右甲状腺下动脉,Right inferior thyroid artery,artery,head,right,311,482
FJ2210,FMA10680,左甲状腺下动脉,Left inferior thyroid artery,artery,head,left,302,480
FJ2211,FMA23069,左胸肩峰动脉肩峰支,Acromial branch of left thoraco-acromial artery,artery,chest,left,491,974
FJ2212,FMA22683,左旋肱前动脉,Left anterior circumflex humeral artery,artery,chest,left,1669,3272
FJ2213,FMA77955,左旋肱前静脉,Left anterior circumflex humeral vein,vein,chest,left,1554,3040
FJ2214,FMA22813,左骨间前动脉,Left anterior interosseous artery,artery,arms,left,991,1966
FJ2215,FMA22713,左尺侧下副动脉,Left inferior ulnar collateral artery,artery,arms,left,591,1176
FJ2216,FMA22656,左腋动脉,Left axillary artery,artery,chest,left,902,1800
FJ2217,FMA13331,左腋静脉,Left axillary vein,vein,chest,left,1089,2110
FJ2218,FMA22910,左贵要静脉,Left basilic vein,vein,arms,left,9177,18338
FJ2219,FMA22692,左肱动脉,Left brachial artery,artery,arms,left,1737,3470
FJ2220,FMA13326,左头静脉,Left cephalic vein,vein,arms,left,11505,22874
FJ2221,FMA23181,左旋肩胛动脉,Left circumflex scapular artery,artery,chest,left,389,762
FJ2222,FMA77950,左旋肩胛静脉,Left circumflex scapular vein,vein,chest,left,492,950
FJ2223,FMA76470,,Trunk of left common interosseous artery,artery,arms,left,220,436
FJ2224,FMA4086,左肋颈干,Left costocervical trunk,heart,head,left,142,242
FJ2225,FMA22697,左肱深动脉,Left deep brachial artery,artery,arms,left,1255,2506
FJ2226,FMA4134,左颈深动脉,Left deep cervical artery,artery,head,left,586,1100
FJ2227,FMA22840,左掌深弓,Left deep palmar arch,heart,arms,left,885,1764
FJ2228,FMA62507,左手背静脉网,Dorsal venous network of left hand,vein,arms,left,2157,4304
FJ2229,FMA22913,左掌深静脉弓,Left deep palmar venous arch,vein,arms,left,992,1940
FJ2230,FMA23073,左胸肩峰动脉三角肌支,Deltoid branch of left thoraco-acromial artery,artery,chest,left,398,788
FJ2231,FMA22773,左桡动脉腕背支,Dorsal carpal branch of left radial artery,artery,arms,left,169,320
FJ2232,FMA10552,左肩胛背动脉,Left dorsal scapular artery,artery,chest,left,2335,4532
FJ2233,FMA71212,左胸外侧静脉,Left lateral thoracic vein,vein,chest,left,1823,3640
FJ2234,FMA22969,左前臂正中静脉,Left median antebrachial vein,vein,arms,left,2685,5314
FJ2235,FMA22965,左肘正中静脉,Left median cubital vein,vein,arms,left,1253,2502
FJ2236,FMA22822,左尺动脉腕背支,Left dorsal carpal branch of ulnar artery,artery,arms,left,379,724
FJ2237,FMA22865,左掌骨动脉,Left palmar metacarpal artery,artery,arms,left,981,1826
FJ2238,FMA22921,左掌骨静脉,Left palmar metacarpal vein,vein,arms,left,324,596
FJ2239,FMA22687,左旋肱后动脉,Left posterior circumflex humeral artery,artery,chest,left,489,974
FJ2240,FMA22687,左旋肱后动脉,Left posterior circumflex humeral artery,artery,chest,left,367,688
FJ2241,FMA22805,左尺返后动脉,Left posterior ulnar recurrent artery,artery,arms,left,216,378
FJ2242,FMA66626,,Trunk of left radial artery,artery,arms,left,3884,7764
FJ2243,FMA22766,左桡返动脉,Left radial recurrent artery,artery,arms,left,1305,2606
FJ2244,FMA22949,左桡静脉,Left radial vein,vein,arms,left,2515,4932
FJ2245,FMA268669,左骨间返动脉,Left recurrent interosseous artery,artery,arms,left,652,1300
FJ2246,FMA66551,,Trunk of left subscapular artery,artery,chest,left,417,790
FJ2247,FMA23115,左肩胛下静脉,Left subscapular vein,vein,chest,left,262,520
FJ2248,FMA22837,左掌浅弓,Left superficial palmar arterial arch,artery,arms,left,1481,2956
FJ2249,FMA22916,左掌浅静脉弓,Left superficial palmar venous arch,vein,arms,left,1236,2424
FJ2250,FMA50860,左肩胛上静脉,Left suprascapular vein,vein,chest,left,998,1974
FJ2251,FMA10681,左肩胛上动脉,Left suprascapular artery,artery,chest,left,1062,1928
FJ2252,FMA66564,左胸肩峰动脉干,Trunk of left thoraco-acromial artery,artery,chest,left,236,468
FJ2253,FMA66322,左胸背动脉,Left thoracodorsal artery,artery,chest,left,1100,2104
FJ2254,FMA71215,左胸背静脉,Left thoracodorsal vein,vein,chest,left,846,1688
FJ2255,FMA4084,左甲状颈干,Left thyrocervical trunk,heart,head,left,79,122
FJ2256,FMA10683,左颈浅动脉,Left superficial cervical artery,artery,head,left,426,646
FJ2257,FMA81009,,Trunk of left transverse cervical artery,artery,head,left,200,366
FJ2258,FMA66624,,Trunk of left ulnar artery,artery,arms,left,3562,7114
FJ2259,FMA22802,左尺返前动脉,Left anterior ulnar recurrent artery,artery,arms,left,236,466
FJ2260,FMA22952,左尺静脉,Left ulnar vein,vein,arms,left,2962,5918
FJ2261,FMA23127,左肱深动脉桡侧副支,Radial collateral branch of left deep brachial artery,artery,arms,left,728,1452
FJ2262,FMA23126,右肱深动脉桡侧副支,Radial collateral branch of right deep brachial artery,artery,arms,right,671,1338
FJ2263,FMA23068,右胸肩峰动脉肩峰支,Acromial branch of right thoraco-acromial artery,artery,chest,right,504,996
FJ2264,FMA22682,右旋肱前动脉,Right anterior circumflex humeral artery,artery,chest,right,1652,3238
FJ2265,FMA77954,右旋肱前静脉,Right anterior circumflex humeral vein,vein,chest,right,1577,3020
FJ2266,FMA22812,右骨间前动脉,Right anterior interosseous artery,artery,arms,right,1008,1992
FJ2267,FMA22712,右尺侧下副动脉,Right inferior ulnar collateral artery,artery,arms,right,609,1204
FJ2268,FMA22655,右腋动脉,Right axillary artery,artery,chest,right,915,1826
FJ2269,FMA13330,右腋静脉,Right axillary vein,vein,chest,right,1112,2146
FJ2270,FMA22909,右贵要静脉,Right basilic vein,vein,arms,right,9080,18150
FJ2271,FMA22691,右肱动脉,Right brachial artery,artery,arms,right,1558,3112
FJ2272,FMA13325,右头静脉,Right cephalic vein,vein,arms,right,11381,22622
FJ2273,FMA23180,右旋肩胛动脉,Right circumflex scapular artery,artery,chest,right,399,778
FJ2274,FMA77949,右旋肩胛静脉,Right circumflex scapular vein,vein,chest,right,505,960
FJ2275,FMA22691,右肱动脉,Right brachial artery,artery,arms,right,222,430
FJ2276,FMA5039,右肋颈干,Right costocervical trunk,heart,head,right,140,244
FJ2277,FMA22696,右肱深动脉,Right deep brachial artery,artery,arms,right,1175,2346
FJ2278,FMA10660,右颈深动脉,Right deep cervical artery,artery,head,right,594,1104
FJ2279,FMA22839,右掌深弓,Right deep palmar arch,heart,arms,right,870,1736
FJ2280,FMA62506,右手背静脉网,Dorsal venous network of right hand,vein,arms,right,2187,4330
FJ2281,FMA22912,右掌深静脉弓,Right deep palmar venous arch,vein,arms,right,1012,1942
FJ2282,FMA23072,右胸肩峰动脉三角肌支,Deltoid branch of right thoraco-acromial artery,artery,chest,right,409,812
FJ2283,FMA22772,右桡动脉腕背支,Dorsal carpal branch of right radial artery,artery,arms,right,166,312
FJ2284,FMA4057,右肩胛背动脉,Right dorsal scapular artery,artery,chest,right,2293,4446
FJ2285,FMA71211,右胸外侧静脉,Right lateral thoracic vein,vein,chest,right,1830,3650
FJ2286,FMA22968,右前臂正中静脉,Right median antebrachial vein,vein,arms,right,2716,5386
FJ2287,FMA22964,右肘正中静脉,Right median cubital vein,vein,arms,right,1253,2502
FJ2288,FMA22821,右尺动脉腕背支,Right dorsal carpal branch of ulnar artery,artery,arms,right,378,730
FJ2289,FMA22864,右掌骨动脉,Right palmar metacarpal artery,artery,arms,right,980,1816
FJ2290,FMA22920,右掌骨静脉,Right palmar metacarpal vein,vein,arms,right,315,600
FJ2291,FMA22685,右旋肱后动脉,Right posterior circumflex humeral artery,artery,chest,right,495,984
FJ2292,FMA22685,右旋肱后动脉,Right posterior circumflex humeral artery,artery,chest,right,570,1126
FJ2293,FMA22804,右尺返后动脉,Right posterior ulnar recurrent artery,artery,arms,right,226,380
FJ2294,FMA22691,右肱动脉,Right brachial artery,artery,arms,right,3738,7472
FJ2295,FMA22764,右桡返动脉,Right radial recurrent artery,artery,arms,right,1303,2602
FJ2296,FMA22948,右桡静脉,Right radial vein,vein,arms,right,2713,5282
FJ2297,FMA268667,右骨间返动脉,Right recurrent interosseous artery,artery,arms,right,637,1270
FJ2298,FMA66550,,Trunk of right subscapular artery,artery,chest,right,431,786
FJ2299,FMA23114,右肩胛下静脉,Right subscapular vein,vein,chest,right,265,526
FJ2300,FMA22835,右掌浅弓,Right superficial palmar arterial arch,artery,arms,right,1506,3008
FJ2301,FMA22915,右掌浅静脉弓,Right superficial palmar venous arch,vein,arms,right,1256,2434
FJ2302,FMA50859,右肩胛上静脉,Right suprascapular vein,vein,chest,right,1003,1986
FJ2303,FMA10698,右肩胛上动脉,Right suprascapular artery,artery,chest,right,1027,1912
FJ2304,FMA66563,右胸肩峰动脉干,Trunk of right thoraco-acromial artery,artery,chest,right,238,472
FJ2305,FMA66321,右胸背动脉,Right thoracodorsal artery,artery,chest,right,1106,2108
FJ2306,FMA71214,右胸背静脉,Right thoracodorsal vein,vein,chest,right,853,1692
FJ2307,FMA3992,右甲状颈干,Right thyrocervical trunk,heart,head,right,76,108
FJ2308,FMA10700,右颈浅动脉,Right superficial cervical artery,artery,head,right,449,624
FJ2309,FMA3992,右甲状颈干,Right thyrocervical trunk,heart,head,right,201,364
FJ2310,FMA22691,右肱动脉,Right brachial artery,artery,arms,right,3440,6876
FJ2311,FMA22801,右尺返前动脉,Right anterior ulnar recurrent artery,artery,arms,right,239,472
FJ2312,FMA22951,右尺静脉,Right ulnar vein,vein,arms,right,3043,6076
FJ2313,FMA22936,左肱静脉内侧支,Left medial brachial vein,vein,arms,left,1454,2852
FJ2314,FMA22778,左示指桡侧动脉,Left arteria radialis indicis,artery,arms,left,377,750
FJ2315,FMA85118,左第1掌侧总指动脉,Left first common palmar digital artery,artery,arms,left,232,444
FJ2316,FMA85120,左第2掌侧总指动脉,Left second common palmar digital artery,artery,arms,left,209,414
FJ2317,FMA85122,左第3掌侧总指动脉,Left third common palmar digital artery,artery,arms,left,208,406
FJ2318,FMA70801,指背动脉(一组),Set of dorsal digital arteries,heart,legs,left,4237,7674
FJ2319,FMA85103,左小指掌侧固有静脉,Proper palmar digital vein of left little finger,vein,arms,left,1068,2070
FJ2320,FMA22921,左掌骨静脉,Left palmar metacarpal vein,vein,arms,left,629,1214
FJ2321,FMA85103,左小指掌侧固有静脉,Proper palmar digital vein of left little finger,vein,legs,left,474,878
FJ2322,FMA22923,,Common palmar digital vein,vein,arms,left,280,518
FJ2323,FMA22921,左掌骨静脉,Left palmar metacarpal vein,vein,arms,left,386,720
FJ2324,FMA85097,左示指掌侧固有静脉,Proper palmar digital vein of left index finger,vein,legs,left,307,554
FJ2325,FMA85097,左示指掌侧固有静脉,Proper palmar digital vein of left index finger,vein,legs,left,438,824
FJ2326,FMA85099,左中指掌侧固有静脉,Proper palmar digital vein of left middle finger,vein,legs,left,394,758
FJ2327,FMA85101,左环指掌侧固有静脉,Proper palmar digital vein of left ring finger,vein,legs,left,392,700
FJ2328,FMA85101,左环指掌侧固有静脉,Proper palmar digital vein of left ring finger,vein,legs,left,389,728
FJ2329,FMA85103,左小指掌侧固有静脉,Proper palmar digital vein of left little finger,vein,legs,left,305,538
FJ2330,FMA23064,左胸肩峰动脉胸肌支,Pectoral branch of left thoraco-acromial artery,artery,chest,left,1693,3376
FJ2331,FMA23125,左肱深动脉中副支,Middle collateral branch of left deep brachial artery,artery,arms,left,950,1896
FJ2332,FMA22778,左示指桡侧动脉,Left arteria radialis indicis,artery,legs,left,407,732
FJ2333,FMA23051,左示指掌侧固有动脉内侧支,Medial proper palmar digital artery of left index finger,artery,legs,left,446,806
FJ2334,FMA22860,左中指掌侧固有动脉外侧支,Lateral proper palmar digital artery of left middle finger,artery,legs,left,439,808
FJ2335,FMA85116,左环指掌侧固有动脉外侧支,Lateral proper palmar digital artery of left ring finger,artery,legs,left,403,716
FJ2336,FMA23055,左小指掌侧固有动脉外侧支,Lateral proper palmar digital artery of left little finger,artery,legs,left,328,604
FJ2337,FMA85124,左第4掌侧总指动脉,Left fourth common palmar digital artery,artery,arms,left,493,920
FJ2338,FMA22907,左拇主要动脉,Left arteria princeps pollicis,artery,arms,left,575,1078
FJ2339,FMA22907,左拇主要动脉,Left arteria princeps pollicis,artery,arms,left,400,780
FJ2340,FMA85099,左中指掌侧固有静脉,Proper palmar digital vein of left middle finger,vein,legs,left,447,818
FJ2341,FMA22935,右肱静脉内侧支,Right medial brachial vein,vein,arms,right,1337,2570
FJ2342,FMA22777,右示指桡侧动脉,Right arteria radialis indicis,artery,arms,right,375,742
FJ2343,FMA22856,右第1掌侧总指动脉,Right first common palmar digital artery,artery,arms,right,221,434
FJ2344,FMA85119,右第2掌侧总指动脉,Right second common palmar digital artery,artery,arms,right,209,410
FJ2345,FMA85121,右第3掌侧总指动脉,Right third common palmar digital artery,artery,arms,right,210,412
FJ2346,FMA70801,指背动脉(一组),Set of dorsal digital arteries,heart,legs,right,4264,7724
FJ2347,FMA70800,掌背动脉(一组),Set of dorsal metacarpal arteries,heart,arms,right,2167,4314
FJ2348,FMA70800,掌背动脉(一组),Set of dorsal metacarpal arteries,heart,arms,left,2169,4314
FJ2349,FMA85102,右小指掌侧固有静脉,Proper palmar digital vein of right little finger,vein,arms,right,1080,2088
FJ2350,FMA22920,右掌骨静脉,Right palmar metacarpal vein,vein,arms,right,624,1206
FJ2351,FMA85102,右小指掌侧固有静脉,Proper palmar digital vein of right little finger,vein,legs,right,479,886
FJ2352,FMA22923,,Common palmar digital vein,vein,arms,right,294,540
FJ2353,FMA22920,右掌骨静脉,Right palmar metacarpal vein,vein,arms,right,377,724
FJ2354,FMA85096,右示指掌侧固有静脉,Proper palmar digital vein of right index finger,vein,legs,right,340,562
FJ2355,FMA85096,右示指掌侧固有静脉,Proper palmar digital vein of right index finger,vein,legs,right,444,832
FJ2356,FMA85098,右中指掌侧固有静脉,Proper palmar digital vein of right middle finger,vein,legs,right,392,760
FJ2357,FMA85098,右中指掌侧固有静脉,Proper palmar digital vein of right middle finger,vein,legs,right,455,826
FJ2358,FMA85100,右环指掌侧固有静脉,Proper palmar digital vein of right ring finger,vein,legs,right,372,698
FJ2359,FMA85100,右环指掌侧固有静脉,Proper palmar digital vein of right ring finger,vein,legs,right,389,726
FJ2360,FMA85102,右小指掌侧固有静脉,Proper palmar digital vein of right little finger,vein,legs,right,302,548
FJ2361,FMA23063,右胸肩峰动脉胸肌支,Pectoral branch of right thoraco-acromial artery,artery,chest,right,1702,3400
FJ2362,FMA23124,右肱深动脉中副支,Middle collateral branch of right deep brachial artery,artery,arms,right,844,1684
FJ2363,FMA22777,右示指桡侧动脉,Right arteria radialis indicis,artery,legs,right,392,726
FJ2364,FMA23050,右示指掌侧固有动脉内侧支,Medial proper palmar digital artery of right index finger,artery,legs,right,442,800
FJ2365,FMA22858,右中指掌侧固有动脉外侧支,Lateral proper palmar digital artery of right middle finger,artery,legs,right,442,806
FJ2366,FMA85115,右环指掌侧固有动脉外侧支,Lateral proper palmar digital artery of right ring finger,artery,legs,right,391,720
FJ2367,FMA85112,右中指掌侧固有动脉内侧支,Medial proper palmar digital artery of right middle finger,artery,legs,right,451,826
FJ2368,FMA23054,右小指掌侧固有动脉外侧支,Lateral proper palmar digital artery of right little finger,artery,legs,right,335,614
FJ2369,FMA23052,右环指掌侧固有动脉内侧支,Medial proper palmar digital artery of right ring finger,artery,legs,right,396,726
FJ2370,FMA85123,右第4掌侧总指动脉,Right fourth common palmar digital artery,artery,arms,right,511,936
FJ2371,FMA22905,右拇主要动脉,Right arteria princeps pollicis,artery,arms,right,579,1070
FJ2372,FMA22905,右拇主要动脉,Right arteria princeps pollicis,artery,arms,right,401,780
FJ2373,FMA22707,右尺侧上副动脉,Right superior ulnar collateral artery,artery,arms,right,740,1476
FJ2374,FMA22708,左尺侧上副动脉,Left superior ulnar collateral artery,artery,arms,left,740,1476
FJ2386,FMA70447,肝右动脉尾状叶支,Caudate lobe branch of right hepatic artery,artery,chest,right,214,362
FJ2394,FMA71708,肝右动脉右叶支,Right lobe branch of right hepatic artery,artery,chest,right,1016,1374
FJ2409,FMA15744,,Hepatovenous segment VI,vein,chest,right,5091,8534
FJ2417,FMA7247,肺动脉瓣左前半月瓣,Left anterior cusp of pulmonary valve,heart,chest,left,708,1272
FJ2418,FMA7265,左心室外侧乳头肌前外侧头,Anterolateral head of lateral papillary muscle of left ventricle,heart,chest,left,532,816
FJ2419,FMA7260,右心室前乳头肌,Anterior papillary muscle of right ventricle,heart,chest,left,580,882
FJ2420,FMA7242,二尖瓣前尖,Anterior leaflet of mitral valve,heart,chest,left,4052,7558
FJ2421,FMA7238,三尖瓣前尖,Anterior leaflet of tricuspid valve,heart,chest,midline,4282,8160
FJ2422,FMA9466,左心室腔,Cavity of left ventricle,heart,chest,left,879,1722
FJ2423,FMA9291,右心室腔,Cavity of right ventricle,heart,chest,left,973,1918
FJ2426,FMA7254,主动脉瓣左后半月瓣,Left posterior cusp of aortic valve,heart,chest,left,526,914
FJ2427,FMA7250,肺动脉瓣后半月瓣,Posterior cusp of pulmonary valve,heart,chest,left,573,996
FJ2428,FMA13884,心室壁,Wall of ventricle,heart,chest,left,21053,37442
FJ2429,FMA7266,,Posterior papillary muscle of left ventricle,heart,chest,left,487,780
FJ2430,FMA7261,右心室后乳头肌,Posterior papillary muscle of right ventricle,heart,chest,left,484,692
FJ2431,FMA7252,主动脉瓣右后半月瓣,Right posterior cusp of aortic valve,heart,chest,left,215,316
FJ2432,FMA7243,二尖瓣后尖,Posterior leaflet of mitral valve,heart,chest,left,2560,3820
FJ2433,FMA7239,三尖瓣后尖,Posterior leaflet of tricuspid valve,heart,chest,midline,2729,4926
FJ2434,FMA7249,肺动脉瓣右前半月瓣,Right anterior cusp of pulmonary valve,heart,chest,left,769,1370
FJ2435,FMA7253,主动脉瓣前半月瓣,Anterior cusp of aortic valve,heart,chest,left,508,920
FJ2436,FMA7240,三尖瓣隔侧尖,Septal leaflet of tricuspid valve,heart,chest,midline,2591,4526
FJ2437,FMA7262,右心室隔侧乳头肌,Septal papillary muscle of right ventricle,heart,chest,left,539,844
FJ2438,FMA9531,左心房壁,Wall of left atrium,heart,chest,left,4284,7544
FJ2439,FMA9457,右心房腔壁,Wall of right atrium,heart,chest,right,9887,17784
FJ2440,FMA9615,环状软骨,Cricoid cartilage,connective,head,midline,937,1702
FJ2441,FMA68227,,Inferior lingular bronchial tree,respiratory,chest,left,631,1134
FJ2442,FMA68230,左肺下叶内侧底段支气管树,Left medial basal segmental bronchial tree,respiratory,chest,left,409,730
FJ2443,FMA68222,左肺上叶前段支气管树,Left anterior segmental bronchial tree,respiratory,chest,left,270,440
FJ2444,FMA68223,左肺上叶尖后段支气管树(尖部),Left apical segmental bronchial tree,respiratory,chest,left,332,572
FJ2445,FMA68232,左肺下叶外侧底段支气管树,Left lateral basal segmental bronchial tree,respiratory,chest,left,354,626
FJ2446,FMA68233,左肺下叶后底段支气管树,Left posterior basal segmental bronchial tree,respiratory,chest,left,405,722
FJ2447,FMA68225,左肺上叶尖后段支气管树(后部),Left posterior segmental bronchial tree,respiratory,chest,left,175,284
FJ2448,FMA68228,左肺下叶上段支气管树,Left superior segmental bronchial tree,respiratory,chest,left,270,444
FJ2449,FMA68215,,Lateral segmental bronchial tree,respiratory,chest,right,477,858
FJ2451,FMA68214,,Medial segmental bronchial tree,respiratory,chest,right,297,514
FJ2452,FMA68321,右肺下叶前底段支气管树,Right anterior basal segmental bronchial tree,respiratory,chest,right,303,528
FJ2453,FMA68212,右肺上叶前段支气管树,Right anterior segmental bronchial tree,respiratory,chest,right,232,390
FJ2454,FMA68211,右肺上叶尖段支气管树,Right apical segmental bronchial tree,respiratory,chest,right,226,388
FJ2455,FMA68220,右肺下叶外侧底段支气管树,Right lateral basal segmental bronchial tree,respiratory,chest,right,379,650
FJ2456,FMA68218,右肺下叶内侧底段支气管树,Right medial basal segmental bronchial tree,respiratory,chest,right,115,170
FJ2457,FMA68221,右肺下叶后底段支气管树,Right posterior basal segmental bronchial tree,respiratory,chest,right,373,654
FJ2458,FMA68213,右肺上叶后段支气管树,Right posterior segmental bronchial tree,respiratory,chest,right,291,510
FJ2459,FMA68216,右肺下叶上段支气管树,Right superior segmental bronchial tree,respiratory,chest,right,318,516
FJ2460,FMA68223,左肺上叶尖后段支气管树(尖部),Left apical segmental bronchial tree,respiratory,chest,left,147,214
FJ2461,FMA68223,左肺上叶尖后段支气管树(尖部),Left apical segmental bronchial tree,respiratory,chest,left,99,136
FJ2462,FMA68223,左肺上叶尖后段支气管树(尖部),Left apical segmental bronchial tree,respiratory,chest,left,106,126
FJ2463,FMA68223,左肺上叶尖后段支气管树(尖部),Left apical segmental bronchial tree,respiratory,head,left,97,114
FJ2464,FMA68223,左肺上叶尖后段支气管树(尖部),Left apical segmental bronchial tree,respiratory,head,left,70,64
FJ2465,FMA68225,左肺上叶尖后段支气管树(后部),Left posterior segmental bronchial tree,respiratory,chest,left,81,92
FJ2466,FMA68225,左肺上叶尖后段支气管树(后部),Left posterior segmental bronchial tree,respiratory,chest,left,68,64
FJ2467,FMA68222,左肺上叶前段支气管树,Left anterior segmental bronchial tree,respiratory,chest,left,258,418
FJ2468,FMA68222,左肺上叶前段支气管树,Left anterior segmental bronchial tree,respiratory,chest,left,161,208
FJ2469,FMA68222,左肺上叶前段支气管树,Left anterior segmental bronchial tree,respiratory,chest,left,89,84
FJ2470,FMA68221,右肺下叶后底段支气管树,Right posterior basal segmental bronchial tree,respiratory,chest,right,484,846
FJ2471,FMA68222,左肺上叶前段支气管树,Left anterior segmental bronchial tree,respiratory,chest,left,82,108
FJ2472,FMA68222,左肺上叶前段支气管树,Left anterior segmental bronchial tree,respiratory,chest,left,101,116
FJ2473,FMA68222,左肺上叶前段支气管树,Left anterior segmental bronchial tree,respiratory,chest,left,116,116
FJ2474,FMA68222,左肺上叶前段支气管树,Left anterior segmental bronchial tree,respiratory,chest,left,119,136
FJ2475,FMA68227,,Inferior lingular bronchial tree,respiratory,chest,left,133,214
FJ2476,FMA68226,,Superior lingular bronchial tree,respiratory,chest,left,108,136
FJ2477,FMA68226,,Superior lingular bronchial tree,respiratory,chest,left,89,74
FJ2478,FMA68226,,Superior lingular bronchial tree,respiratory,chest,left,87,88
FJ2479,FMA68228,左肺下叶上段支气管树,Left superior segmental bronchial tree,respiratory,chest,left,133,208
FJ2480,FMA68228,左肺下叶上段支气管树,Left superior segmental bronchial tree,respiratory,chest,left,94,108
FJ2481,FMA68221,右肺下叶后底段支气管树,Right posterior basal segmental bronchial tree,respiratory,chest,right,273,344
FJ2482,FMA68228,左肺下叶上段支气管树,Left superior segmental bronchial tree,respiratory,chest,left,87,104
FJ2483,FMA68228,左肺下叶上段支气管树,Left superior segmental bronchial tree,respiratory,chest,left,83,92
FJ2484,FMA68228,左肺下叶上段支气管树,Left superior segmental bronchial tree,respiratory,chest,left,97,128
FJ2485,FMA68228,左肺下叶上段支气管树,Left superior segmental bronchial tree,respiratory,chest,left,75,60
FJ2486,FMA68221,右肺下叶后底段支气管树,Right posterior basal segmental bronchial tree,respiratory,chest,right,167,248
FJ2487,FMA68221,右肺下叶后底段支气管树,Right posterior basal segmental bronchial tree,respiratory,chest,right,830,1448
FJ2488,FMA68218,右肺下叶内侧底段支气管树,Right medial basal segmental bronchial tree,respiratory,chest,right,477,732
FJ2489,FMA68221,右肺下叶后底段支气管树,Right posterior basal segmental bronchial tree,respiratory,chest,right,374,618
FJ2490,FMA68220,右肺下叶外侧底段支气管树,Right lateral basal segmental bronchial tree,respiratory,chest,right,348,566
FJ2491,FMA68220,右肺下叶外侧底段支气管树,Right lateral basal segmental bronchial tree,respiratory,chest,right,839,1440
FJ2492,FMA68220,右肺下叶外侧底段支气管树,Right lateral basal segmental bronchial tree,respiratory,chest,right,206,272
FJ2493,FMA68321,右肺下叶前底段支气管树,Right anterior basal segmental bronchial tree,respiratory,chest,right,860,1428
FJ2494,FMA68321,右肺下叶前底段支气管树,Right anterior basal segmental bronchial tree,respiratory,chest,right,211,304
FJ2495,FMA68216,右肺下叶上段支气管树,Right superior segmental bronchial tree,respiratory,chest,right,527,866
FJ2496,FMA68216,右肺下叶上段支气管树,Right superior segmental bronchial tree,respiratory,chest,right,1482,2752
FJ2497,FMA68216,右肺下叶上段支气管树,Right superior segmental bronchial tree,respiratory,chest,right,214,294
FJ2498,FMA68216,右肺下叶上段支气管树,Right superior segmental bronchial tree,respiratory,chest,right,385,660
FJ2499,FMA68216,右肺下叶上段支气管树,Right superior segmental bronchial tree,respiratory,chest,right,822,1456
FJ2500,FMA68216,右肺下叶上段支气管树,Right superior segmental bronchial tree,respiratory,chest,right,174,266
FJ2501,FMA68216,右肺下叶上段支气管树,Right superior segmental bronchial tree,respiratory,chest,right,325,554
FJ2502,FMA68216,右肺下叶上段支气管树,Right superior segmental bronchial tree,respiratory,chest,right,233,352
FJ2503,FMA68215,,Lateral segmental bronchial tree,respiratory,chest,right,488,734
FJ2504,FMA68215,,Lateral segmental bronchial tree,respiratory,chest,right,1419,2456
FJ2505,FMA68215,,Lateral segmental bronchial tree,respiratory,chest,right,331,472
FJ2506,FMA68214,,Medial segmental bronchial tree,respiratory,chest,right,1364,2482
FJ2507,FMA68214,,Medial segmental bronchial tree,respiratory,chest,right,881,1516
FJ2508,FMA68214,,Medial segmental bronchial tree,respiratory,chest,right,529,834
FJ2509,FMA68212,右肺上叶前段支气管树,Right anterior segmental bronchial tree,respiratory,chest,right,1307,2350
FJ2510,FMA68212,右肺上叶前段支气管树,Right anterior segmental bronchial tree,respiratory,chest,right,494,836
FJ2511,FMA68212,右肺上叶前段支气管树,Right anterior segmental bronchial tree,respiratory,chest,right,198,286
FJ2512,FMA68212,右肺上叶前段支气管树,Right anterior segmental bronchial tree,respiratory,chest,right,227,340
FJ2513,FMA68212,右肺上叶前段支气管树,Right anterior segmental bronchial tree,respiratory,chest,right,449,770
FJ2514,FMA68212,右肺上叶前段支气管树,Right anterior segmental bronchial tree,respiratory,chest,right,385,636
FJ2515,FMA68213,右肺上叶后段支气管树,Right posterior segmental bronchial tree,respiratory,chest,right,1269,2204
FJ2516,FMA68213,右肺上叶后段支气管树,Right posterior segmental bronchial tree,respiratory,chest,right,544,882
FJ2517,FMA68213,右肺上叶后段支气管树,Right posterior segmental bronchial tree,respiratory,chest,right,199,302
FJ2518,FMA68213,右肺上叶后段支气管树,Right posterior segmental bronchial tree,respiratory,chest,right,147,210
FJ2519,FMA68213,右肺上叶后段支气管树,Right posterior segmental bronchial tree,respiratory,chest,right,158,228
FJ2520,FMA68211,右肺上叶尖段支气管树,Right apical segmental bronchial tree,respiratory,chest,right,1011,1794
FJ2521,FMA68211,右肺上叶尖段支气管树,Right apical segmental bronchial tree,respiratory,chest,right,358,600
FJ2522,FMA68211,右肺上叶尖段支气管树,Right apical segmental bronchial tree,respiratory,chest,right,533,882
FJ2523,FMA68211,右肺上叶尖段支气管树,Right apical segmental bronchial tree,respiratory,chest,right,144,208
FJ2524,FMA68211,右肺上叶尖段支气管树,Right apical segmental bronchial tree,respiratory,head,right,200,286
FJ2525,FMA68211,右肺上叶尖段支气管树,Right apical segmental bronchial tree,respiratory,head,right,127,176
FJ2526,FMA68211,右肺上叶尖段支气管树,Right apical segmental bronchial tree,respiratory,head,right,125,170
FJ2527,FMA68233,左肺下叶后底段支气管树,Left posterior basal segmental bronchial tree,respiratory,chest,left,138,210
FJ2528,FMA68233,左肺下叶后底段支气管树,Left posterior basal segmental bronchial tree,respiratory,chest,left,164,256
FJ2529,FMA68233,左肺下叶后底段支气管树,Left posterior basal segmental bronchial tree,respiratory,chest,left,109,106
FJ2530,FMA68233,左肺下叶后底段支气管树,Left posterior basal segmental bronchial tree,respiratory,chest,left,86,108
FJ2531,FMA68233,左肺下叶后底段支气管树,Left posterior basal segmental bronchial tree,respiratory,chest,left,78,58
FJ2532,FMA68232,左肺下叶外侧底段支气管树,Left lateral basal segmental bronchial tree,respiratory,chest,left,166,278
FJ2533,FMA68232,左肺下叶外侧底段支气管树,Left lateral basal segmental bronchial tree,respiratory,chest,left,133,154
FJ2534,FMA68232,左肺下叶外侧底段支气管树,Left lateral basal segmental bronchial tree,respiratory,chest,left,70,68
FJ2535,FMA68231,左肺下叶前底段支气管树,Left anterior basal segmental bronchial tree,respiratory,chest,left,186,296
FJ2536,FMA68231,左肺下叶前底段支气管树,Left anterior basal segmental bronchial tree,respiratory,chest,left,187,298
FJ2537,FMA68230,左肺下叶内侧底段支气管树,Left medial basal segmental bronchial tree,respiratory,chest,left,76,92
FJ2538,FMA68231,左肺下叶前底段支气管树,Left anterior basal segmental bronchial tree,respiratory,chest,left,110,138
FJ2539,FMA68418,右主支气管,Right main bronchus proper,respiratory,chest,right,2564,4468
FJ2540,FMA68226,,Superior lingular bronchial tree,respiratory,chest,left,230,366
FJ2541,FMA7394,,Trachea,respiratory,head,midline,2607,4996
FJ2542,FMA46444,左尾骨肌,Left coccygeus,muscle,abdomen,left,1482,2082
FJ2543,FMA21930,,External anal sphincter,muscle,abdomen,midline,240,364
FJ2544,FMA45859,左髂尾肌,Left iliococcygeus,muscle,abdomen,left,2898,3846
FJ2545,FMA45855,左耻尾肌,Left pubococcygeus,muscle,abdomen,left,2937,4670
FJ2546,FMA45857,左耻骨直肠肌,Left puborectalis,muscle,abdomen,left,3163,3618
FJ2547,FMA46443,右尾骨肌,Right coccygeus,muscle,abdomen,right,1607,2086
FJ2548,FMA21930,,External anal sphincter,muscle,abdomen,midline,250,368
FJ2549,FMA45858,右髂尾肌,Right iliococcygeus,muscle,abdomen,midline,3319,3864
FJ2550,FMA45854,右耻尾肌,Right pubococcygeus,muscle,abdomen,midline,3498,4616
FJ2551,FMA45856,右耻骨直肠肌,Right puborectalis,muscle,abdomen,midline,4164,3638
FJ2552,FMA46442,提肛肌腱弓,Tendinous arch of levator ani,muscle,abdomen,left,440,710
FJ2553,FMA46442,提肛肌腱弓,Tendinous arch of levator ani,muscle,abdomen,right,434,722
FJ2561,FMA7196,,Spleen,lymph,chest,left,689,1330
FJ2563,FMA7131,食管,Esophagus,digestive,chest,midline,323,578
FJ2564,FMA7148,胃,Stomach,digestive,chest,left,914,1810
FJ2565,FMA14542,阑尾,Appendix,digestive,abdomen,right,244,442
FJ2566,FMA14545,,Ascending colon,digestive,abdomen,right,1812,3310
FJ2567,FMA14547,,Descending colon,digestive,abdomen,left,3039,5588
FJ2568,FMA15044,,Taenia libera,muscle,abdomen,midline,15598,15244
FJ2569,FMA15042,,Taenia mesocolica,muscle,abdomen,midline,15282,13342
FJ2570,FMA15043,,Taenia omentalis,muscle,abdomen,midline,12767,15922
FJ2571,FMA14544,,Rectum,digestive,abdomen,midline,1121,2118
FJ2572,FMA14546,,Transverse colon,digestive,chest,midline,1923,3472
FJ2573,FMA7206,十二指肠,Duodenum,digestive,chest,right,977,1860
FJ2574,FMA14964,,Proximal part of ileum,digestive,abdomen,right,197,380
FJ2575,FMA14964,,Proximal part of ileum,digestive,abdomen,left,144,276
FJ2576,FMA14965,,Middle part of ileum,digestive,abdomen,left,94,172
FJ2577,FMA14965,,Middle part of ileum,digestive,abdomen,left,174,314
FJ2578,FMA14965,,Middle part of ileum,digestive,abdomen,left,161,292
FJ2579,FMA14965,,Middle part of ileum,digestive,abdomen,midline,150,280
FJ2580,FMA14965,,Middle part of ileum,digestive,abdomen,right,176,344
FJ2581,FMA14965,,Middle part of ileum,digestive,abdomen,right,118,198
FJ2582,FMA14965,,Middle part of ileum,digestive,abdomen,right,114,212
FJ2583,FMA14965,,Middle part of ileum,digestive,abdomen,right,102,198
FJ2584,FMA14965,,Middle part of ileum,digestive,abdomen,midline,116,228
FJ2585,FMA14964,,Proximal part of ileum,digestive,abdomen,right,158,288
FJ2586,FMA14965,,Middle part of ileum,digestive,abdomen,midline,143,264
FJ2587,FMA14966,,Distal part of ileum,digestive,abdomen,left,117,228
FJ2588,FMA14966,,Distal part of ileum,digestive,abdomen,left,142,266
FJ2589,FMA14966,,Distal part of ileum,digestive,abdomen,left,168,326
FJ2590,FMA14966,,Distal part of ileum,digestive,abdomen,midline,97,184
FJ2591,FMA14966,,Distal part of ileum,digestive,abdomen,midline,118,226
FJ2592,FMA14966,,Distal part of ileum,digestive,abdomen,right,129,236
FJ2593,FMA14966,,Distal part of ileum,digestive,abdomen,right,134,262
FJ2594,FMA14966,,Distal part of ileum,digestive,abdomen,right,113,220
FJ2595,FMA14966,,Distal part of ileum,digestive,abdomen,right,139,258
FJ2596,FMA14964,,Proximal part of ileum,digestive,abdomen,right,135,226
FJ2597,FMA14966,,Distal part of ileum,digestive,abdomen,right,106,202
FJ2598,FMA14966,,Distal part of ileum,digestive,abdomen,right,129,246
FJ2599,FMA14966,,Distal part of ileum,digestive,abdomen,right,156,288
FJ2600,FMA14964,,Proximal part of ileum,digestive,abdomen,right,136,256
FJ2601,FMA14964,,Proximal part of ileum,digestive,abdomen,midline,125,208
FJ2602,FMA14964,,Proximal part of ileum,digestive,abdomen,left,139,270
FJ2603,FMA14964,,Proximal part of ileum,digestive,abdomen,left,154,294
FJ2604,FMA14964,,Proximal part of ileum,digestive,abdomen,left,114,198
FJ2605,FMA14964,,Proximal part of ileum,digestive,abdomen,left,177,332
FJ2606,FMA16981,空肠近侧部,Proximal part of jejunum,digestive,abdomen,left,207,320
FJ2607,FMA16982,,Middle part of jejunum,digestive,abdomen,left,127,240
FJ2608,FMA16982,,Middle part of jejunum,digestive,abdomen,left,133,262
FJ2609,FMA16982,,Middle part of jejunum,digestive,abdomen,left,98,192
FJ2610,FMA16982,,Middle part of jejunum,digestive,abdomen,left,156,296
FJ2611,FMA16983,,Distal part of jejunum,digestive,abdomen,left,123,226
FJ2612,FMA16983,,Distal part of jejunum,digestive,abdomen,midline,134,248
FJ2613,FMA16983,,Distal part of jejunum,digestive,abdomen,midline,91,176
FJ2614,FMA16983,,Distal part of jejunum,digestive,abdomen,midline,120,232
FJ2615,FMA16983,,Distal part of jejunum,digestive,abdomen,midline,147,264
FJ2616,FMA16983,,Distal part of jejunum,digestive,abdomen,right,233,444
FJ2617,FMA16981,空肠近侧部,Proximal part of jejunum,digestive,abdomen,left,135,234
FJ2618,FMA16983,,Distal part of jejunum,digestive,abdomen,right,117,222
FJ2619,FMA16983,,Distal part of jejunum,digestive,abdomen,right,142,260
FJ2620,FMA16983,,Distal part of jejunum,digestive,abdomen,right,154,284
FJ2621,FMA16983,,Distal part of jejunum,digestive,abdomen,right,278,500
FJ2622,FMA16981,空肠近侧部,Proximal part of jejunum,digestive,abdomen,left,99,160
FJ2623,FMA16981,空肠近侧部,Proximal part of jejunum,digestive,abdomen,left,206,386
FJ2624,FMA16981,空肠近侧部,Proximal part of jejunum,digestive,abdomen,left,94,172
FJ2625,FMA16981,空肠近侧部,Proximal part of jejunum,digestive,abdomen,left,79,152
FJ2626,FMA16981,空肠近侧部,Proximal part of jejunum,digestive,abdomen,left,188,330
FJ2627,FMA16981,空肠近侧部,Proximal part of jejunum,digestive,abdomen,left,99,190
FJ2628,FMA16982,,Middle part of jejunum,digestive,abdomen,left,128,236
FJ2629,FMA63120,胰腺实质,Parenchyma of pancreas,digestive,chest,left,2153,4272
FJ2631,FMA74912,左冠状动脉前室间支干,Trunk of anterior interventricular branch of left coronary artery,artery,chest,left,1549,3032
FJ2632,FMA3872,左冠状动脉前室间支第1右前支,First right anterior branch of anterior interventricular branch of left coronary artery,artery,chest,left,91,108
FJ2633,FMA3860,左冠状动脉前室间支对角支,Diagonal branch of anterior descending branch of left coronary artery,artery,chest,left,318,492
FJ2634,FMA3860,左冠状动脉前室间支对角支,Diagonal branch of anterior descending branch of left coronary artery,artery,chest,left,158,196
FJ2635,FMA3860,左冠状动脉前室间支对角支,Diagonal branch of anterior descending branch of left coronary artery,artery,chest,left,495,766
FJ2636,FMA3860,左冠状动脉前室间支对角支,Diagonal branch of anterior descending branch of left coronary artery,artery,chest,left,282,420
FJ2637,FMA3860,左冠状动脉前室间支对角支,Diagonal branch of anterior descending branch of left coronary artery,artery,chest,left,144,160
FJ2638,FMA3860,左冠状动脉前室间支对角支,Diagonal branch of anterior descending branch of left coronary artery,artery,chest,left,246,290
FJ2639,FMA3860,左冠状动脉前室间支对角支,Diagonal branch of anterior descending branch of left coronary artery,artery,chest,left,122,150
FJ2640,FMA3860,左冠状动脉前室间支对角支,Diagonal branch of anterior descending branch of left coronary artery,artery,chest,left,218,260
FJ2641,FMA3876,左冠状动脉前室间支第3右前支,Third right anterior branch of anterior interventricular branch of left coronary artery,artery,chest,left,322,442
FJ2642,FMA3860,左冠状动脉前室间支对角支,Diagonal branch of anterior descending branch of left coronary artery,artery,chest,left,525,964
FJ2643,FMA3868,左冠状动脉前室间支动脉圆锥支,Conus branch of anterior interventricular branch of left coronary artery,artery,chest,left,269,478
FJ2644,FMA3868,左冠状动脉前室间支动脉圆锥支,Conus branch of anterior interventricular branch of left coronary artery,artery,chest,left,193,306
FJ2645,FMA3872,左冠状动脉前室间支第1右前支,First right anterior branch of anterior interventricular branch of left coronary artery,artery,chest,left,224,318
FJ2646,FMA3874,左冠状动脉前室间支第2右前支,Second right anterior branch of anterior interventricular branch of left coronary artery,artery,chest,left,287,470
FJ2647,FMA3876,左冠状动脉前室间支第3右前支,Third right anterior branch of anterior interventricular branch of left coronary artery,artery,chest,left,216,306
FJ2648,FMA3860,左冠状动脉前室间支对角支,Diagonal branch of anterior descending branch of left coronary artery,artery,chest,left,203,286
FJ2649,FMA3895,左冠状动脉旋支,Circumflex branch of left coronary artery,artery,chest,left,692,1380
FJ2650,FMA3895,左冠状动脉旋支,Circumflex branch of left coronary artery,artery,chest,left,316,396
FJ2651,FMA3895,左冠状动脉旋支,Circumflex branch of left coronary artery,artery,chest,left,395,510
FJ2653,FMA3895,左冠状动脉旋支,Circumflex branch of left coronary artery,artery,chest,left,232,252
FJ2654,FMA3895,左冠状动脉旋支,Circumflex branch of left coronary artery,artery,chest,left,150,172
FJ2655,FMA4706,,Coronary sinus,vein,chest,left,331,624
FJ2656,FMA4707,,Great cardiac vein,vein,chest,left,434,826
FJ2657,FMA66403,心大静脉(前室间沟部),Anterior interventricular vein,vein,chest,left,237,336
FJ2658,FMA66403,心大静脉(前室间沟部),Anterior interventricular vein,vein,chest,left,268,416
FJ2659,FMA66403,心大静脉(前室间沟部),Anterior interventricular vein,vein,chest,left,399,556
FJ2660,FMA66403,心大静脉(前室间沟部),Anterior interventricular vein,vein,chest,left,182,232
FJ2661,FMA66403,心大静脉(前室间沟部),Anterior interventricular vein,vein,chest,left,266,430
FJ2662,FMA66403,心大静脉(前室间沟部),Anterior interventricular vein,vein,chest,left,126,238
FJ2663,FMA66403,心大静脉(前室间沟部),Anterior interventricular vein,vein,chest,left,183,266
FJ2664,FMA66403,心大静脉(前室间沟部),Anterior interventricular vein,vein,chest,left,137,210
FJ2665,FMA66403,心大静脉(前室间沟部),Anterior interventricular vein,vein,chest,left,426,624
FJ2667,FMA3818,,Marginal branch of right coronary artery,artery,chest,left,267,360
FJ2668,FMA3818,,Marginal branch of right coronary artery,artery,chest,left,176,216
FJ2670,FMA3807,,Conus branch of right coronary artery,artery,chest,left,280,442
FJ2671,FMA3815,右冠状动脉第1前室支,First anterior ventricular branch of right coronary artery,artery,chest,left,313,478
FJ2672,FMA3818,,Marginal branch of right coronary artery,artery,chest,midline,447,742
FJ2673,FMA3815,右冠状动脉第1前室支,First anterior ventricular branch of right coronary artery,artery,chest,left,243,338
FJ2674,FMA3818,,Marginal branch of right coronary artery,artery,chest,midline,186,284
FJ2675,FMA3818,,Marginal branch of right coronary artery,artery,chest,midline,148,200
FJ2676,FMA3807,,Conus branch of right coronary artery,artery,chest,left,233,304
FJ2677,FMA3815,右冠状动脉第1前室支,First anterior ventricular branch of right coronary artery,artery,chest,left,198,252
FJ2678,FMA4713,,Middle cardiac vein,vein,chest,left,450,770
FJ2679,FMA4713,,Middle cardiac vein,vein,chest,left,184,252
FJ2680,FMA4713,,Middle cardiac vein,vein,chest,left,331,376
FJ2681,FMA4713,,Middle cardiac vein,vein,chest,left,210,204
FJ2682,FMA4713,,Middle cardiac vein,vein,chest,left,365,360
FJ2683,FMA4713,,Middle cardiac vein,vein,chest,left,178,168
FJ2684,FMA4713,,Middle cardiac vein,vein,chest,left,192,264
FJ2685,FMA4713,,Middle cardiac vein,vein,chest,left,171,236
FJ2686,FMA4713,,Middle cardiac vein,vein,chest,left,220,280
FJ2687,FMA4713,,Middle cardiac vein,vein,chest,left,493,618
FJ2688,FMA4713,,Middle cardiac vein,vein,chest,left,313,306
FJ2689,FMA4713,,Middle cardiac vein,vein,chest,left,172,274
FJ2690,FMA4713,,Middle cardiac vein,vein,chest,left,232,364
FJ2691,FMA4713,,Middle cardiac vein,vein,chest,left,125,156
FJ2692,FMA3840,右冠状动脉后室间支,Posterior interventricular branch of right coronary artery,artery,chest,left,608,930
FJ2695,FMA3840,右冠状动脉后室间支,Posterior interventricular branch of right coronary artery,artery,chest,left,163,236
FJ2696,FMA3840,右冠状动脉后室间支,Posterior interventricular branch of right coronary artery,artery,chest,left,286,336
FJ2697,FMA3840,右冠状动脉后室间支,Posterior interventricular branch of right coronary artery,artery,chest,left,188,220
FJ2698,FMA3840,右冠状动脉后室间支,Posterior interventricular branch of right coronary artery,artery,chest,left,195,200
FJ2699,FMA3840,右冠状动脉后室间支,Posterior interventricular branch of right coronary artery,artery,chest,left,126,126
FJ2700,FMA3840,右冠状动脉后室间支,Posterior interventricular branch of right coronary artery,artery,chest,left,197,280
FJ2701,FMA4712,左心室后静脉,Posterior vein of left ventricle,vein,chest,left,497,834
FJ2702,FMA4712,左心室后静脉,Posterior vein of left ventricle,vein,chest,left,229,254
FJ2703,FMA4708,左缘静脉,Left marginal vein,vein,chest,left,547,960
FJ2704,FMA4708,左缘静脉,Left marginal vein,vein,chest,left,195,280
FJ2705,FMA4708,左缘静脉,Left marginal vein,vein,chest,left,185,238
FJ2706,FMA4712,左心室后静脉,Posterior vein of left ventricle,vein,chest,left,340,356
FJ2707,FMA4712,左心室后静脉,Posterior vein of left ventricle,vein,chest,left,377,508
FJ2708,FMA4712,左心室后静脉,Posterior vein of left ventricle,vein,chest,left,387,446
FJ2709,FMA4712,左心室后静脉,Posterior vein of left ventricle,vein,chest,left,352,468
FJ2710,FMA4712,左心室后静脉,Posterior vein of left ventricle,vein,chest,left,175,224
FJ2711,FMA4712,左心室后静脉,Posterior vein of left ventricle,vein,chest,left,172,184
FJ2712,FMA4712,左心室后静脉,Posterior vein of left ventricle,vein,chest,left,119,126
FJ2713,FMA4712,左心室后静脉,Posterior vein of left ventricle,vein,chest,left,310,310
FJ2714,FMA3837,右冠状动脉第1后室支,First posterior ventricular branch of right coronary artery,artery,chest,left,482,794
FJ2715,FMA3837,右冠状动脉第1后室支,First posterior ventricular branch of right coronary artery,artery,chest,left,185,218
FJ2716,FMA3837,右冠状动脉第1后室支,First posterior ventricular branch of right coronary artery,artery,chest,left,188,232
FJ2717,FMA3837,右冠状动脉第1后室支,First posterior ventricular branch of right coronary artery,artery,chest,left,259,340
FJ2718,FMA3837,右冠状动脉第1后室支,First posterior ventricular branch of right coronary artery,artery,chest,left,139,186
FJ2719,FMA3837,右冠状动脉第1后室支,First posterior ventricular branch of right coronary artery,artery,chest,left,299,380
FJ2720,FMA3837,右冠状动脉第1后室支,First posterior ventricular branch of right coronary artery,artery,chest,left,233,320
FJ2721,FMA3837,右冠状动脉第1后室支,First posterior ventricular branch of right coronary artery,artery,chest,left,198,256
FJ2722,FMA3837,右冠状动脉第1后室支,First posterior ventricular branch of right coronary artery,artery,chest,left,244,320
FJ2723,FMA3802,右冠状动脉干,Trunk of right coronary artery,artery,chest,midline,2255,4502
FJ2724,FMA4714,,Small cardiac vein,vein,chest,midline,294,570
FJ2725,FMA76767,,Anterior cardiac vein,vein,chest,left,288,452
FJ2727,FMA4716,右缘静脉,Right marginal vein,vein,chest,left,627,970
FJ2728,FMA4716,右缘静脉,Right marginal vein,vein,chest,midline,190,282
FJ2729,FMA4716,右缘静脉,Right marginal vein,vein,chest,left,156,222
FJ2730,FMA76767,,Anterior cardiac vein,vein,chest,left,192,278
FJ2731,FMA4714,,Small cardiac vein,vein,chest,midline,454,892
FJ2732,FMA3892,,Septal branch of anterior interventricular artery,artery,chest,left,425,478
FJ2733,FMA3892,,Septal branch of anterior interventricular artery,artery,chest,left,286,332
FJ2734,FMA3892,,Septal branch of anterior interventricular artery,artery,chest,left,254,334
FJ2735,FMA3847,右后室间支第1室间隔支,First septal branch of right posterior interventricular artery,artery,chest,midline,285,328
FJ2736,FMA3848,右后室间支第2室间隔支,Second septal branch of right posterior interventricular artery,artery,chest,left,286,324
FJ2737,FMA3855,左冠状动脉干,Trunk of left coronary artery,artery,chest,left,121,204
FJ2738,FMA46702,左颏舌肌,Left genioglossus,muscle,head,midline,4685,8214
FJ2739,FMA46704,左解舌肌,Left hyoglossus,muscle,head,midline,1709,2888
FJ2740,FMA46636,左咽下缩肌,Left inferior pharyngeal constrictor,muscle,head,midline,4424,7422
FJ2741,FMA46729,左腭帆提肌,Left levator veli palatini,muscle,head,left,6821,12318
FJ2742,FMA46633,右咽中缩肌,Right middle pharyngeal constrictor,muscle,head,midline,3497,5904
FJ2743,FMA46672,左腭咽肌,Left palatopharyngeus,muscle,head,midline,20760,41400
FJ2744,FMA55620,左颊咽缝,Left pterygomandibular raphe,muscle,head,left,1214,1982
FJ2745,FMA46670,左咽鼓管咽肌,Left salpingopharyngeus,muscle,head,left,4846,9152
FJ2746,FMA46668,左茎突咽肌,Left stylopharyngeus,muscle,head,left,1985,3268
FJ2747,FMA46632,左咽上缩肌,Left superior pharyngeal constrictor,muscle,head,left,6380,10702
FJ2748,FMA46732,左腭帆张肌,Left tensor veli palatini,muscle,head,midline,7523,13872
FJ2749,FMA55077,咽缝,Pharyngeal raphe,muscle,head,midline,12514,12968
FJ2750,FMA46698,右颏舌肌,Right genioglossus,muscle,head,midline,4261,7594
FJ2751,FMA46703,右解舌肌,Right hyoglossus,muscle,head,midline,1653,2874
FJ2752,FMA46635,右咽下缩肌,Right inferior pharyngeal constrictor,muscle,head,midline,4406,7448
FJ2753,FMA46728,右腭帆提肌,Right levator veli palatini,muscle,head,right,6835,12312
FJ2754,FMA46634,左咽中缩肌,Left middle pharyngeal constrictor,muscle,head,midline,3454,5912
FJ2755,FMA46671,右腭咽肌,Right palatopharyngeus,muscle,head,midline,20746,41400
FJ2756,FMA55619,右颊咽缝,Right pterygomandibular raphe,muscle,head,right,1186,1982
FJ2757,FMA46669,右咽鼓管咽肌,Right salpingopharyngeus,muscle,head,right,4853,9152
FJ2758,FMA46667,右茎突咽肌,Right stylopharyngeus,muscle,head,right,13352,25752
FJ2759,FMA46631,右咽上缩肌,Right superior pharyngeal constrictor,muscle,head,right,6403,10702
FJ2760,FMA46731,右腭帆张肌,Right tensor veli palatini,muscle,head,midline,7464,13872
FJ2761,FMA54640,,Tongue,digestive,head,midline,276,524
FJ2762,FMA46733,腭垂肌,Uvular muscle,muscle,head,midline,894,1632
FJ2763,FMA72311,左茎突舌骨韧带,Left stylohyoid ligament,connective,head,left,3528,5758
FJ2764,FMA72309,右茎突舌骨韧带,Right stylohyoid ligament,connective,head,right,3514,5758
FJ2765,FMA59805,左舌下腺,Left sublingual gland,digestive,head,left,143,230
FJ2766,FMA59803,左下颌下腺,Left submandibular gland,digestive,head,left,123,228
FJ2767,FMA59804,右舌下腺,Right sublingual gland,digestive,head,right,143,244
FJ2768,FMA59802,右下颌下腺,Right submandibular gland,digestive,head,right,122,228
FJ2769,FMA9615,环状软骨,Cricoid cartilage,connective,head,midline,937,1702
FJ2770,FMA55130,,Epiglottis,respiratory,head,midline,2992,3602
FJ2771,FMA55227,,Hyo-epiglottic ligament,connective,head,midline,1686,2112
FJ2772,FMA52749,舌骨,Hyoid bone,bone,head,midline,687,1196
FJ2773,FMA55118,左楔状软骨,Left cuneiform cartilage,connective,head,midline,91,174
FJ2774,FMA46605,左杓会厌肌,Left aryepiglotticus,muscle,head,midline,5804,4510
FJ2775,FMA55114,左杓状软骨,Left arytenoid cartilage,connective,head,midline,284,536
FJ2776,FMA55116,左小角软骨,Left corniculate cartilage,connective,head,midline,110,136
FJ2777,FMA55252,左弹性圆锥,Left conus elasticus,respiratory,head,midline,2858,4306
FJ2778,FMA46581,左环杓侧肌,Left lateral crico-arytenoid,muscle,head,midline,3559,6214
FJ2779,FMA55141,左甲状舌骨外侧韧带,Left lateral thyrohyoid ligament,connective,head,left,561,964
FJ2780,FMA46585,左杓斜肌,Left oblique arytenoid,muscle,head,midline,4267,6304
FJ2781,FMA46614,左环甲肌斜部,Oblique part of left cricothyroid,endocrine,head,midline,3572,5580
FJ2782,FMA46578,左环杓后肌,Left posterior crico-arytenoid,muscle,head,midline,2611,4842
FJ2783,FMA46612,左环甲肌直部,Straight part of left cricothyroid,endocrine,head,midline,2393,3270
FJ2784,FMA46590,左甲杓肌,Left thyro-arytenoid,muscle,head,midline,3588,6092
FJ2785,FMA46590,左甲杓肌,Left thyro-arytenoid,muscle,head,midline,5969,9290
FJ2786,FMA55134,左甲状舌骨膜,Left thyrohyoid membrane,respiratory,head,midline,2853,4884
FJ2787,FMA55246,左声韧带,Left vocal ligament,connective,head,midline,2492,1858
FJ2788,FMA46593,左声带肌,Left vocalis,muscle,head,midline,679,1152
FJ2789,FMA55237,环甲正中韧带,Median cricothyroid ligament,connective,head,midline,1779,2052
FJ2790,FMA55138,甲状舌骨正中韧带,Median thyrohyoid ligament,connective,head,midline,1842,2856
FJ2791,FMA46604,右杓会厌肌,Right aryepiglotticus,muscle,head,midline,4947,4366
FJ2792,FMA55113,右杓状软骨,Right arytenoid cartilage,connective,head,midline,282,540
FJ2793,FMA55115,右小角软骨,Right corniculate cartilage,connective,head,midline,108,172
FJ2794,FMA55251,右弹性圆锥,Right conus elasticus,respiratory,head,midline,4274,4366
FJ2795,FMA55117,右楔状软骨,Right cuneiform cartilage,connective,head,midline,88,170
FJ2796,FMA46580,右环杓侧肌,Right lateral crico-arytenoid,muscle,head,midline,3501,6198
FJ2797,FMA55140,右甲状舌骨外侧韧带,Right lateral thyrohyoid ligament,connective,head,right,554,974
FJ2798,FMA46584,右杓斜肌,Right oblique arytenoid,muscle,head,midline,4117,6084
FJ2799,FMA46613,右环甲肌斜部,Oblique part of right cricothyroid,endocrine,head,midline,3434,5566
FJ2800,FMA46577,右环杓后肌,Right posterior crico-arytenoid,muscle,head,midline,2567,4812
FJ2801,FMA46611,环甲肌直部 (右),Straight part of right cricothyroid,endocrine,head,midline,2255,3232
FJ2802,FMA46589,右甲杓肌,Right thyro-arytenoid,muscle,head,midline,3594,6092
FJ2803,FMA46589,右甲杓肌,Right thyro-arytenoid,muscle,head,midline,6818,10650
FJ2804,FMA55133,右甲状舌骨膜,Right thyrohyoid membrane,respiratory,head,midline,2832,4884
FJ2805,FMA55245,右声韧带,Right vocal ligament,connective,head,midline,1437,1644
FJ2806,FMA46592,右声带肌,Right vocalis,muscle,head,midline,656,1148
FJ2807,FMA55230,,Thyro-epiglottic ligament,connective,head,midline,1081,1042
FJ2808,FMA55099,甲状软骨,Thyroid cartilage,connective,head,midline,1360,2610
FJ2809,FMA46582,,Transverse arytenoid,muscle,head,midline,4869,6580
FJ2810,FMA7163,皮肤,Skin,skin,abdomen,midline,102467,203382
FJ2811,FMA52781,,External ear,skin,head,midline,1774,2910
FJ2812,FMA54237,眉毛,Eyebrow,skin,head,midline,17143,7912
FJ2813,FMA54241,头发,Hair of head,skin,head,midline,12464,18006
FJ2814,FMA59816,,Lip,digestive,head,midline,2240,1340
FJ2815,FMA54319,阴毛,Pubic hair,skin,abdomen,midline,5523,2960
FJ2816,FMA13365,,Caudate lobe of liver,nerve,chest,midline,2526,5020
FJ2817,FMA7202,胆囊,Gallbladder,digestive,chest,right,1202,2396
FJ2818,FMA15739,肝静脉第II段,Hepatovenous segment II,vein,chest,left,7482,14326
FJ2819,FMA15741,,Hepatovenous segment III,vein,chest,left,5487,10326
FJ2820,FMA15742,,Hepatovenous segment IV,vein,chest,right,11418,17942
FJ2821,FMA15743,,Hepatovenous segment V,vein,chest,right,6605,11442
FJ2822,FMA15744,,Hepatovenous segment VI,vein,chest,right,9988,19450
FJ2823,FMA15746,,Hepatovenous segment VIII,vein,chest,right,10230,19156
FJ2824,FMA15746,,Hepatovenous segment VIII,vein,chest,right,11459,21592
FJ2881,FMA8647,左肺下叶后底段动脉,Left posterior basal segmental artery,artery,chest,left,878,1748
FJ2882,FMA8646,左肺下叶外侧底段动脉,Left lateral basal segmental artery,artery,chest,left,66,62
FJ2883,FMA8645,左肺下叶前底段动脉,Left anterior basal segmental artery,artery,chest,left,1292,2400
FJ2884,FMA8644,左肺下叶内侧底段动脉,Left medial basal segmental artery,artery,chest,left,698,1274
FJ2885,FMA8644,左肺下叶内侧底段动脉,Left medial basal segmental artery,artery,chest,left,276,462
FJ2886,FMA8645,左肺下叶前底段动脉,Left anterior basal segmental artery,artery,chest,left,102,138
FJ2887,FMA8645,左肺下叶前底段动脉,Left anterior basal segmental artery,artery,chest,left,88,104
FJ2888,FMA8642,左肺下叶上段动脉,Left superior segmental artery,artery,chest,left,332,590
FJ2889,FMA8642,左肺下叶上段动脉,Left superior segmental artery,artery,chest,left,85,94
FJ2890,FMA8642,左肺下叶上段动脉,Left superior segmental artery,artery,chest,left,91,114
FJ2891,FMA8642,左肺下叶上段动脉,Left superior segmental artery,artery,chest,left,224,418
FJ2892,FMA8647,左肺下叶后底段动脉,Left posterior basal segmental artery,artery,chest,left,115,150
FJ2893,FMA8642,左肺下叶上段动脉,Left superior segmental artery,artery,chest,left,87,126
FJ2894,FMA8642,左肺下叶上段动脉,Left superior segmental artery,artery,chest,left,242,416
FJ2895,FMA8642,左肺下叶上段动脉,Left superior segmental artery,artery,chest,left,96,136
FJ2896,FMA8640,,Inferior lingular artery,artery,chest,left,1111,2112
FJ2897,FMA8640,,Inferior lingular artery,artery,chest,left,306,486
FJ2898,FMA8639,,Superior lingular artery,artery,chest,left,609,1084
FJ2899,FMA8639,,Superior lingular artery,artery,chest,left,85,84
FJ2900,FMA8639,,Superior lingular artery,artery,chest,left,133,210
FJ2901,FMA8639,,Superior lingular artery,artery,chest,left,105,200
FJ2902,FMA13279,左肺上叶前段动脉,Left anterior segmental artery,artery,chest,left,400,692
FJ2903,FMA8647,左肺下叶后底段动脉,Left posterior basal segmental artery,artery,chest,left,354,618
FJ2904,FMA13279,左肺上叶前段动脉,Left anterior segmental artery,artery,chest,left,127,210
FJ2905,FMA13279,左肺上叶前段动脉,Left anterior segmental artery,artery,chest,left,147,280
FJ2906,FMA13279,左肺上叶前段动脉,Left anterior segmental artery,artery,chest,left,543,1006
FJ2907,FMA13279,左肺上叶前段动脉,Left anterior segmental artery,artery,chest,left,131,150
FJ2908,FMA13279,左肺上叶前段动脉,Left anterior segmental artery,artery,chest,left,435,786
FJ2909,FMA13279,左肺上叶前段动脉,Left anterior segmental artery,artery,chest,left,101,120
FJ2910,FMA13279,左肺上叶前段动脉,Left anterior segmental artery,artery,chest,left,146,210
FJ2911,FMA8635,左肺上叶尖后段动脉(后部),Left posterior segmental artery,artery,chest,left,184,318
FJ2912,FMA8635,左肺上叶尖后段动脉(后部),Left posterior segmental artery,artery,chest,left,118,150
FJ2913,FMA8635,左肺上叶尖后段动脉(后部),Left posterior segmental artery,artery,chest,left,125,198
FJ2914,FMA8647,左肺下叶后底段动脉,Left posterior basal segmental artery,artery,chest,left,79,92
FJ2915,FMA8634,左肺上叶尖后段动脉(尖部),Left apical segmental artery,artery,chest,left,220,418
FJ2916,FMA8634,左肺上叶尖后段动脉(尖部),Left apical segmental artery,artery,chest,left,121,174
FJ2917,FMA8634,左肺上叶尖后段动脉(尖部),Left apical segmental artery,artery,head,left,133,196
FJ2918,FMA8634,左肺上叶尖后段动脉(尖部),Left apical segmental artery,artery,chest,left,123,188
FJ2919,FMA8647,左肺下叶后底段动脉,Left posterior basal segmental artery,artery,chest,left,330,560
FJ2920,FMA8647,左肺下叶后底段动脉,Left posterior basal segmental artery,artery,chest,left,164,262
FJ2921,FMA8646,左肺下叶外侧底段动脉,Left lateral basal segmental artery,artery,chest,left,861,1710
FJ2922,FMA8646,左肺下叶外侧底段动脉,Left lateral basal segmental artery,artery,chest,left,397,670
FJ2923,FMA8646,左肺下叶外侧底段动脉,Left lateral basal segmental artery,artery,chest,left,151,236
FJ2924,FMA8614,,Trunk of left pulmonary artery,artery,chest,left,2727,5450
FJ2925,FMA50305,,Trunk of left superior pulmonary vein,vein,chest,left,209,414
FJ2926,FMA9438,左肺上叶后段静脉,Left posterior segmental vein,vein,chest,left,144,250
FJ2927,FMA9438,左肺上叶后段静脉,Left posterior segmental vein,vein,chest,left,178,332
FJ2928,FMA9438,左肺上叶后段静脉,Left posterior segmental vein,vein,chest,left,216,334
FJ2929,FMA9438,左肺上叶后段静脉,Left posterior segmental vein,vein,chest,left,98,150
FJ2930,FMA8667,左肺上叶前段静脉,Left anterior segmental vein,vein,chest,left,239,468
FJ2931,FMA8667,左肺上叶前段静脉,Left anterior segmental vein,vein,chest,left,150,242
FJ2932,FMA8667,左肺上叶前段静脉,Left anterior segmental vein,vein,chest,left,88,128
FJ2933,FMA50305,,Trunk of left superior pulmonary vein,vein,chest,left,239,472
FJ2934,FMA8669,,Inferior lingular vein,vein,chest,left,161,278
FJ2935,FMA8669,,Inferior lingular vein,vein,chest,left,115,136
FJ2936,FMA9437,左肺上叶尖段静脉,Left apical segmental vein,vein,chest,left,228,448
FJ2937,FMA8668,,Superior lingular vein,vein,chest,left,218,416
FJ2938,FMA8668,,Superior lingular vein,vein,chest,left,125,180
FJ2939,FMA9438,左肺上叶后段静脉,Left posterior segmental vein,vein,chest,left,293,522
FJ2940,FMA9438,左肺上叶后段静脉,Left posterior segmental vein,vein,chest,left,90,112
FJ2941,FMA9438,左肺上叶后段静脉,Left posterior segmental vein,vein,chest,left,106,190
FJ2942,FMA9438,左肺上叶后段静脉,Left posterior segmental vein,vein,chest,left,105,168
FJ2943,FMA9438,左肺上叶后段静脉,Left posterior segmental vein,vein,chest,left,109,176
FJ2944,FMA50306,,Trunk of left inferior pulmonary vein,vein,chest,left,157,310
FJ2945,FMA9451,左肺下叶后底段静脉,Left posterior basal segmental vein,vein,chest,left,209,376
FJ2946,FMA9451,左肺下叶后底段静脉,Left posterior basal segmental vein,vein,chest,left,117,200
FJ2947,FMA9437,左肺上叶尖段静脉,Left apical segmental vein,vein,chest,left,90,174
FJ2948,FMA9451,左肺下叶后底段静脉,Left posterior basal segmental vein,vein,chest,left,83,104
FJ2949,FMA9451,左肺下叶后底段静脉,Left posterior basal segmental vein,vein,chest,left,119,190
FJ2950,FMA50306,,Trunk of left inferior pulmonary vein,vein,chest,left,165,326
FJ2951,FMA9450,左肺下叶外侧底段静脉,Left lateral basal segmental vein,vein,chest,left,355,678
FJ2952,FMA9450,左肺下叶外侧底段静脉,Left lateral basal segmental vein,vein,chest,left,82,144
FJ2953,FMA9450,左肺下叶外侧底段静脉,Left lateral basal segmental vein,vein,chest,left,114,168
FJ2954,FMA9450,左肺下叶外侧底段静脉,Left lateral basal segmental vein,vein,chest,left,92,110
FJ2955,FMA50306,,Trunk of left inferior pulmonary vein,vein,chest,left,280,556
FJ2956,FMA8678,左肺下叶前底段静脉,Left anterior basal segmental vein,vein,chest,left,312,590
FJ2957,FMA8678,左肺下叶前底段静脉,Left anterior basal segmental vein,vein,chest,left,93,136
FJ2958,FMA9437,左肺上叶尖段静脉,Left apical segmental vein,vein,chest,left,186,314
FJ2959,FMA8678,左肺下叶前底段静脉,Left anterior basal segmental vein,vein,chest,left,274,504
FJ2960,FMA8678,左肺下叶前底段静脉,Left anterior basal segmental vein,vein,chest,left,101,162
FJ2961,FMA9437,左肺上叶尖段静脉,Left apical segmental vein,vein,chest,left,103,188
FJ2962,FMA9437,左肺上叶尖段静脉,Left apical segmental vein,vein,chest,left,117,200
FJ2963,FMA9437,左肺上叶尖段静脉,Left apical segmental vein,vein,chest,left,76,114
FJ2964,FMA9437,左肺上叶尖段静脉,Left apical segmental vein,vein,chest,left,104,174
FJ2965,FMA9438,左肺上叶后段静脉,Left posterior segmental vein,vein,chest,left,100,142
FJ2966,FMA8612,,Pulmonary trunk,heart,chest,left,871,1302
FJ2967,FMA68662,右肺尖段动脉尖部,Apical part of right apical segmental artery,artery,chest,right,234,360
FJ2968,FMA68670,右肺后段动脉尖部,Apical part of right posterior segmental artery,artery,chest,right,88,90
FJ2969,FMA68670,右肺后段动脉尖部,Apical part of right posterior segmental artery,artery,chest,right,100,120
FJ2970,FMA68673,右肺后段动脉后部,Posterior part of right posterior segmental artery,artery,chest,right,408,726
FJ2971,FMA68673,右肺后段动脉后部,Posterior part of right posterior segmental artery,artery,chest,right,121,134
FJ2972,FMA68673,右肺后段动脉后部,Posterior part of right posterior segmental artery,artery,chest,right,167,236
FJ2973,FMA8616,,Trunk of right upper lobar artery,artery,chest,right,325,486
FJ2974,FMA68677,右肺前段动脉后支,Posterior branch of right anterior segmental artery,artery,chest,right,165,302
FJ2975,FMA68683,右肺前段动脉前支,Anterior branch of right anterior segmental artery,artery,chest,right,162,240
FJ2976,FMA68683,右肺前段动脉前支,Anterior branch of right anterior segmental artery,artery,chest,right,90,102
FJ2977,FMA68683,右肺前段动脉前支,Anterior branch of right anterior segmental artery,artery,chest,right,125,178
FJ2978,FMA68665,右肺尖段动脉前部,Anterior part of right apical segmental artery,artery,chest,right,167,250
FJ2979,FMA68683,右肺前段动脉前支,Anterior branch of right anterior segmental artery,artery,chest,right,109,130
FJ2980,FMA68677,右肺前段动脉后支,Posterior branch of right anterior segmental artery,artery,chest,right,102,130
FJ2981,FMA68677,右肺前段动脉后支,Posterior branch of right anterior segmental artery,artery,chest,right,263,424
FJ2982,FMA68691,,Anterior branch of lateral segmental artery,artery,chest,right,296,490
FJ2983,FMA68690,,Posterior branch of lateral segmental artery,artery,chest,right,149,232
FJ2984,FMA68690,,Posterior branch of lateral segmental artery,artery,chest,right,68,68
FJ2985,FMA68691,,Anterior branch of lateral segmental artery,artery,chest,right,83,80
FJ2986,FMA68693,,Superior branch of medial segmental artery,artery,chest,right,76,72
FJ2987,FMA68694,,Inferior branch of medial segmental artery,artery,chest,right,89,108
FJ2988,FMA68694,,Inferior branch of medial segmental artery,artery,chest,right,130,180
FJ2989,FMA68665,右肺尖段动脉前部,Anterior part of right apical segmental artery,artery,chest,right,368,620
FJ2990,FMA68693,,Superior branch of medial segmental artery,artery,chest,right,313,604
FJ2991,FMA68712,右下叶上段动脉外侧支,Lateral branch of right superior segmental artery,artery,chest,right,366,630
FJ2992,FMA68712,右下叶上段动脉外侧支,Lateral branch of right superior segmental artery,artery,chest,right,143,172
FJ2993,FMA68712,右下叶上段动脉外侧支,Lateral branch of right superior segmental artery,artery,chest,right,60,56
FJ2994,FMA68706,右下叶上段动脉内侧支,Medial branch of right superior segmental artery,artery,chest,right,167,236
FJ2995,FMA68706,右下叶上段动脉内侧支,Medial branch of right superior segmental artery,artery,chest,right,353,604
FJ2996,FMA68706,右下叶上段动脉内侧支,Medial branch of right superior segmental artery,artery,chest,right,200,296
FJ2997,FMA68709,右下叶上段动脉上支,Superior branch of right superior segmental artery,artery,chest,right,178,294
FJ2998,FMA68709,右下叶上段动脉上支,Superior branch of right superior segmental artery,artery,chest,right,173,254
FJ2999,FMA68709,右下叶上段动脉上支,Superior branch of right superior segmental artery,artery,chest,right,511,854
FJ3000,FMA68665,右肺尖段动脉前部,Anterior part of right apical segmental artery,artery,head,right,134,202
FJ3001,FMA68725,右肺下叶前底段动脉外侧支,Lateral branch of right anterior basal segmental artery,artery,chest,right,241,414
FJ3002,FMA68723,右肺下叶前底段动脉底支,Basal branch of right anterior basal segmental artery,artery,chest,right,109,144
FJ3003,FMA68723,右肺下叶前底段动脉底支,Basal branch of right anterior basal segmental artery,artery,chest,right,232,316
FJ3004,FMA68728,右肺下叶外侧底段动脉外侧支,Lateral branch of right lateral basal segmental artery,artery,chest,right,111,190
FJ3005,FMA68728,右肺下叶外侧底段动脉外侧支,Lateral branch of right lateral basal segmental artery,artery,chest,right,237,416
FJ3006,FMA68728,右肺下叶外侧底段动脉外侧支,Lateral branch of right lateral basal segmental artery,artery,chest,right,730,1456
FJ3007,FMA68728,右肺下叶外侧底段动脉外侧支,Lateral branch of right lateral basal segmental artery,artery,chest,right,222,310
FJ3008,FMA68741,右肺下叶后底段动脉内侧底支,Mediobasal branch of right posterior basal segmental artery,artery,chest,right,466,806
FJ3009,FMA68735,右肺下叶后底段动脉副下段支,Accessory subsuperior branch of right posterior basal segmental artery,artery,chest,right,118,154
FJ3010,FMA68735,右肺下叶后底段动脉副下段支,Accessory subsuperior branch of right posterior basal segmental artery,artery,chest,right,75,68
FJ3011,FMA68665,右肺尖段动脉前部,Anterior part of right apical segmental artery,artery,head,right,130,174
FJ3012,FMA68741,右肺下叶后底段动脉内侧底支,Mediobasal branch of right posterior basal segmental artery,artery,chest,right,71,70
FJ3013,FMA68738,右肺下叶后底段动脉外侧底支,Laterobasal branch of right posterior basal segmental artery,artery,chest,right,841,1506
FJ3014,FMA68738,右肺下叶后底段动脉外侧底支,Laterobasal branch of right posterior basal segmental artery,artery,chest,right,376,642
FJ3015,FMA68662,右肺尖段动脉尖部,Apical part of right apical segmental artery,artery,chest,right,101,112
FJ3016,FMA68662,右肺尖段动脉尖部,Apical part of right apical segmental artery,artery,chest,right,517,856
FJ3017,FMA68662,右肺尖段动脉尖部,Apical part of right apical segmental artery,artery,chest,right,148,212
FJ3018,FMA68670,右肺后段动脉尖部,Apical part of right posterior segmental artery,artery,chest,right,498,912
FJ3019,FMA8613,,Trunk of right pulmonary artery,artery,chest,midline,341,678
FJ3020,FMA50302,,Trunk of right superior pulmonary vein,vein,chest,right,171,324
FJ3021,FMA68926,右肺前段静脉上部,Superior part of right anterior segmental vein,vein,chest,right,158,254
FJ3022,FMA8663,右肺上叶后段静脉,Right posterior segmental vein,vein,chest,right,141,228
FJ3023,FMA8663,右肺上叶后段静脉,Right posterior segmental vein,vein,chest,right,109,168
FJ3024,FMA8663,右肺上叶后段静脉,Right posterior segmental vein,vein,chest,right,77,110
FJ3025,FMA8663,右肺上叶后段静脉,Right posterior segmental vein,vein,chest,right,100,164
FJ3026,FMA8663,右肺上叶后段静脉,Right posterior segmental vein,vein,chest,right,106,188
FJ3027,FMA68926,右肺前段静脉上部,Superior part of right anterior segmental vein,vein,chest,right,171,298
FJ3028,FMA68928,右肺前段静脉下部,Inferior part of right anterior segmental vein,vein,chest,right,111,202
FJ3029,FMA68928,右肺前段静脉下部,Inferior part of right anterior segmental vein,vein,chest,right,86,124
FJ3030,FMA68982,,Superior part of medial segmental vein,vein,chest,right,282,526
FJ3031,FMA68880,右肺上叶尖段静脉干,Trunk of right apical segmental vein,vein,chest,right,140,266
FJ3032,FMA68983,,Inferior part of medial segmental vein,vein,chest,right,258,486
FJ3033,FMA68983,,Inferior part of medial segmental vein,vein,chest,right,75,106
FJ3034,FMA68945,,Anterior part of lateral segmental vein,vein,chest,right,197,390
FJ3035,FMA68945,,Anterior part of lateral segmental vein,vein,chest,right,117,226
FJ3036,FMA68945,,Anterior part of lateral segmental vein,vein,chest,right,161,308
FJ3037,FMA68944,,Posterior part of lateral segmental vein,vein,chest,right,212,416
FJ3038,FMA68944,,Posterior part of lateral segmental vein,vein,chest,right,137,250
FJ3039,FMA68944,,Posterior part of lateral segmental vein,vein,chest,right,123,224
FJ3040,FMA50303,,Trunk of right inferior pulmonary vein,vein,chest,right,113,196
FJ3041,FMA9428,右肺下叶后底段静脉,Right posterior basal segmental vein,vein,chest,right,297,586
FJ3042,FMA68921,右肺上叶尖段静脉前部,Anterior part of right apical segmental vein,vein,chest,right,134,188
FJ3043,FMA9428,右肺下叶后底段静脉,Right posterior basal segmental vein,vein,chest,right,159,254
FJ3044,FMA9428,右肺下叶后底段静脉,Right posterior basal segmental vein,vein,chest,right,98,126
FJ3045,FMA9428,右肺下叶后底段静脉,Right posterior basal segmental vein,vein,chest,right,127,206
FJ3046,FMA9428,右肺下叶后底段静脉,Right posterior basal segmental vein,vein,chest,right,121,178
FJ3047,FMA9428,右肺下叶后底段静脉,Right posterior basal segmental vein,vein,chest,right,131,226
FJ3048,FMA9428,右肺下叶后底段静脉,Right posterior basal segmental vein,vein,chest,right,101,170
FJ3049,FMA8673,右肺下叶前底段静脉,Right anterior basal segmental vein,vein,chest,right,171,322
FJ3050,FMA8670,右肺下叶上段静脉,Right superior segmental vein,vein,chest,right,284,548
FJ3051,FMA8670,右肺下叶上段静脉,Right superior segmental vein,vein,chest,right,205,338
FJ3052,FMA8670,右肺下叶上段静脉,Right superior segmental vein,vein,chest,right,68,102
FJ3053,FMA68921,右肺上叶尖段静脉前部,Anterior part of right apical segmental vein,vein,chest,right,103,178
FJ3054,FMA9422,右肺下叶内侧底段静脉,Right medial basal segmental vein,vein,chest,right,143,206
FJ3055,FMA9422,右肺下叶内侧底段静脉,Right medial basal segmental vein,vein,chest,right,73,80
FJ3056,FMA8673,右肺下叶前底段静脉,Right anterior basal segmental vein,vein,chest,right,136,264
FJ3057,FMA9428,右肺下叶后底段静脉,Right posterior basal segmental vein,vein,chest,right,89,122
FJ3058,FMA9428,右肺下叶后底段静脉,Right posterior basal segmental vein,vein,chest,right,100,174
FJ3059,FMA9425,右肺下叶外侧底段静脉,Right lateral basal segmental vein,vein,chest,right,231,424
FJ3060,FMA9425,右肺下叶外侧底段静脉,Right lateral basal segmental vein,vein,chest,right,123,216
FJ3061,FMA9425,右肺下叶外侧底段静脉,Right lateral basal segmental vein,vein,chest,right,85,152
FJ3062,FMA9425,右肺下叶外侧底段静脉,Right lateral basal segmental vein,vein,chest,right,120,218
FJ3063,FMA8670,右肺下叶上段静脉,Right superior segmental vein,vein,chest,right,97,134
FJ3064,FMA8681,右肺上叶尖段静脉尖部,Apical part of right apical segmental vein,vein,chest,right,132,230
FJ3065,FMA8670,右肺下叶上段静脉,Right superior segmental vein,vein,chest,right,95,146
FJ3066,FMA8670,右肺下叶上段静脉,Right superior segmental vein,vein,chest,right,100,136
FJ3067,FMA8681,右肺上叶尖段静脉尖部,Apical part of right apical segmental vein,vein,chest,right,107,204
FJ3068,FMA8681,右肺上叶尖段静脉尖部,Apical part of right apical segmental vein,vein,chest,right,81,102
FJ3069,FMA8663,右肺上叶后段静脉,Right posterior segmental vein,vein,chest,right,185,356
FJ3070,FMA8663,右肺上叶后段静脉,Right posterior segmental vein,vein,chest,right,132,230
FJ3071,FMA71867,肝右前叶上段胆管支,Anterior superior tributary of right hepatic biliary tree,bone,chest,right,395,686
FJ3072,FMA71868,肝右前叶下段胆管支,Anterior inferior tributary of right hepatic biliary tree,bone,chest,right,1265,1708
FJ3073,FMA15420,肝门静脉右前叶上段支,Anterior superior segmental branch of right portal vein,vein,chest,right,404,770
FJ3074,FMA15421,肝门静脉右前叶下段支,Anterior inferior segmental branch of right portal vein,vein,chest,right,1582,2832
FJ3075,FMA70443,,Anterior inferior segmental hepatic artery,artery,chest,right,1244,1666
FJ3076,FMA70442,,Anterior superior segmental hepatic artery,artery,chest,right,459,892
FJ3077,FMA70455,肝左动脉尾状叶支,Caudate lobe branch of left hepatic artery,artery,chest,midline,250,430
FJ3078,FMA76536,,Trunk of common hepatic artery,artery,chest,midline,184,348
FJ3079,FMA14668,,Common hepatic duct,digestive,chest,right,684,1364
FJ3080,FMA14539,,Cystic duct,digestive,chest,right,156,278
FJ3081,FMA76548,,Trunk of hepatic artery proper,artery,chest,right,181,358
FJ3082,FMA71904,,Pre-hepatic portal vein,vein,chest,right,1793,3582
FJ3083,FMA15800,肝中静脉右前下段支,Anterior inferior segmental tributary of middle hepatic vein,vein,chest,right,1409,2806
FJ3084,FMA15801,肝中静脉左内下段支,Medial inferior segmental tributary of middle hepatic vein,vein,chest,right,1515,3026
FJ3085,FMA15801,肝中静脉左内下段支,Medial inferior segmental tributary of middle hepatic vein,vein,chest,right,293,582
FJ3086,FMA15800,肝中静脉右前下段支,Anterior inferior segmental tributary of middle hepatic vein,vein,chest,right,502,990
FJ3088,FMA71887,肝左外上段胆管支,Lateral superior tributary of left hepatic biliary tree,bone,chest,left,368,608
FJ3089,FMA71888,肝左外下段胆管支,Lateral inferior tributary of left hepatic biliary tree,bone,chest,left,443,664
FJ3090,FMA71887,肝左外上段胆管支,Lateral superior tributary of left hepatic biliary tree,bone,chest,left,503,808
FJ3091,FMA70452,,Lateral superior segmental hepatic artery,artery,chest,left,341,598
FJ3092,FMA70453,,Lateral inferior segmental hepatic artery,artery,chest,left,364,618
FJ3093,FMA70452,,Lateral superior segmental hepatic artery,artery,chest,left,460,658
FJ3094,FMA76903,肝左尾状叶导管,Left duct of caudate lobe of liver,nerve,chest,midline,281,428
FJ3095,FMA70457,肝左动脉干,Trunk of left hepatic artery,artery,chest,midline,666,1328
FJ3096,FMA14670,左肝管,Left hepatic duct,digestive,chest,midline,428,848
FJ3097,FMA15804,肝左静脉外侧下段支,Lateral inferior segmental tributary of left hepatic vein,vein,chest,midline,385,722
FJ3098,FMA15803,肝左静脉外侧上段支,Lateral superior segmental tributary of left hepatic vein,vein,chest,left,348,684
FJ3099,FMA15804,肝左静脉外侧下段支,Lateral inferior segmental tributary of left hepatic vein,vein,chest,left,272,488
FJ3100,FMA15804,肝左静脉外侧下段支,Lateral inferior segmental tributary of left hepatic vein,vein,chest,left,195,354
FJ3101,FMA15802,肝左静脉内侧上段支,Medial superior segmental tributary of left hepatic vein,vein,chest,midline,440,872
FJ3102,FMA82697,肝门静脉左支干,Trunk of left portal vein,vein,chest,midline,367,730
FJ3103,FMA71886,肝左内下段胆管支,Medial inferior tributary of left hepatic biliary tree,bone,chest,midline,432,698
FJ3104,FMA71885,肝左内上段胆管支,Medial superior tributary of left hepatic biliary tree,bone,chest,right,344,570
FJ3105,FMA71885,肝左内上段胆管支,Medial superior tributary of left hepatic biliary tree,bone,chest,right,371,494
FJ3106,FMA70450,,Medial inferior segmental hepatic artery,artery,chest,midline,425,754
FJ3107,FMA70449,,Medial superior segmental hepatic artery,artery,chest,right,496,612
FJ3108,FMA71870,肝右后叶下段胆管支,Posterior inferior tributary of right hepatic biliary tree,bone,chest,right,503,870
FJ3109,FMA71869,肝右后叶上段胆管支,Posterior superior tributary of right hepatic biliary tree,bone,chest,right,404,628
FJ3110,FMA71869,肝右后叶上段胆管支,Posterior superior tributary of right hepatic biliary tree,bone,chest,right,896,1196
FJ3111,FMA15424,肝门静脉右后叶下段支,Posterior inferior segmental branch of right portal vein,vein,chest,right,1100,2194
FJ3112,FMA15423,肝门静脉右后叶上段支,Posterior superior segmental branch of right portal vein,vein,chest,right,554,1100
FJ3113,FMA15423,肝门静脉右后叶上段支,Posterior superior segmental branch of right portal vein,vein,chest,right,1031,1712
FJ3114,FMA70446,,Posterior inferior segmental hepatic artery,artery,chest,right,479,772
FJ3115,FMA70445,,Posterior superior segmental hepatic artery,artery,chest,right,1037,1616
FJ3116,FMA70445,,Posterior superior segmental hepatic artery,artery,chest,right,631,814
FJ3117,FMA70456,肝右动脉干,Trunk of right hepatic artery,artery,chest,right,223,442
FJ3118,FMA15797,肝右静脉后下段支,Posterior inferior segmental tributary of right hepatic vein,vein,chest,right,728,1402
FJ3119,FMA15796,肝右静脉后上段支,Posterior superior segmental tributary of right hepatic vein,vein,chest,right,1033,2062
FJ3120,FMA15797,肝右静脉后下段支,Posterior inferior segmental tributary of right hepatic vein,vein,chest,right,718,1418
FJ3121,FMA15798,肝右静脉前上段支,Anterior superior segmental tributary of right hepatic vein,vein,chest,right,1882,3722
FJ3122,FMA82695,肝门静脉右支干,Trunk of right portal vein,vein,chest,right,105,206
FJ3123,FMA14669,右肝管,Right hepatic duct,digestive,chest,right,115,226
FJ3124,FMA15425,肝门静脉左支尾状叶支,Caudate lobe branch of left portal vein,vein,chest,midline,319,494
FJ3125,FMA15432,肝门静脉左外下段支,Lateral inferior segmental branch of left portal vein,vein,chest,left,1161,2284
FJ3126,FMA15431,肝门静脉左外上段支,Lateral superior segmental branch of left portal vein,vein,chest,left,1217,2364
FJ3127,FMA15428,肝门静脉左内上段支,Medial superior segmental branch of left portal vein,vein,chest,right,662,1162
FJ3128,FMA15429,肝门静脉左内下段支,Medial inferior segmental branch of left portal vein,vein,chest,midline,838,1660
FJ3129,FMA15630,左肾上腺,Left adrenal gland,endocrine,chest,left,2000,3996
FJ3130,FMA15629,右肾上腺,Right adrenal gland,endocrine,chest,right,1149,2294
FJ3131,FMA13295,膈,Diaphragm,muscle,chest,midline,35527,68522
FJ3132,FMA19618,阴茎海绵体,Corpus cavernosum of penis,reproductive,abdomen,midline,830,1272
FJ3133,FMA19617,阴茎尿道海绵体,Corpus spongiosum of penis,reproductive,abdomen,midline,296,576
FJ3134,FMA18247,,Glans penis,reproductive,abdomen,midline,942,1374
FJ3135,FMA19236,左输精管,Left deferent duct,reproductive,abdomen,left,863,1110
FJ3136,FMA18257,左附睾,Left epididymis,reproductive,legs,left,184,238
FJ3137,FMA19388,左精囊,Left seminal vesicle,reproductive,abdomen,left,244,370
FJ3138,FMA7212,左睾丸,Left testis,reproductive,legs,left,107,210
FJ3139,FMA9600,前列腺,Prostate,reproductive,abdomen,midline,223,442
FJ3140,FMA19235,右输精管,Right deferent duct,reproductive,abdomen,right,787,944
FJ3141,FMA18256,右附睾,Right epididymis,reproductive,legs,right,115,76
FJ3142,FMA7211,右睾丸,Right testis,reproductive,legs,right,108,212
FJ3143,FMA19387,右精囊,Right seminal vesicle,reproductive,abdomen,right,235,360
FJ3144,FMA15572,左输尿管,Left ureter,urinary,abdomen,left,1125,2062
FJ3145,FMA7205,左肾,Left kidney,urinary,chest,left,1497,2982
FJ3146,FMA15571,右输尿管,Right ureter,urinary,abdomen,right,1132,1924
FJ3147,FMA7204,右肾,Right kidney,urinary,abdomen,right,1163,2310
FJ3148,FMA19667,尿道,Urethra,urinary,abdomen,midline,358,440
FJ3149,FMA15900,膀胱,Urinary bladder,urinary,abdomen,midline,127,226
FJ3150,FMA71195,胸腺左叶,Left lobe of thymus,lymph,chest,midline,606,1050
FJ3151,FMA71194,胸腺右叶,Right lobe of thymus,lymph,chest,midline,599,1030
FJ3152,FMA16586,右髋骨,Right hip bone,bone,abdomen,right,1282,2374
FJ3153,FMA7488,剑突,Xiphoid process,bone,chest,midline,495,922
FJ3154,FMA10037,第10胸椎,Tenth thoracic vertebra,bone,chest,midline,1584,2790
FJ3155,FMA10059,第11胸椎,Eleventh thoracic vertebra,bone,chest,midline,1593,2674
FJ3156,FMA10081,第12胸椎,Twelfth thoracic vertebra,bone,chest,midline,1593,2772
FJ3157,FMA13072,第1腰椎,First lumbar vertebra,bone,chest,midline,1682,2972
FJ3158,FMA9165,第1胸椎,First thoracic vertebra,bone,head,midline,1078,1700
FJ3159,FMA13073,第2腰椎,Second lumbar vertebra,bone,abdomen,midline,1875,3214
FJ3160,FMA9187,第2胸椎,Second thoracic vertebra,bone,head,midline,1161,1938
FJ3161,FMA12521,第3颈椎,Third cervical vertebra,bone,head,midline,1323,2030
FJ3162,FMA13074,第3腰椎,Third lumbar vertebra,bone,abdomen,midline,1849,3272
FJ3163,FMA9209,第3胸椎,Third thoracic vertebra,bone,chest,midline,1175,2038
FJ3164,FMA12522,第4颈椎,Fourth cervical vertebra,bone,head,midline,1469,2410
FJ3165,FMA13075,第4腰椎,Fourth lumbar vertebra,bone,abdomen,midline,1968,3512
FJ3166,FMA9248,第4胸椎,Fourth thoracic vertebra,bone,chest,midline,1210,2066
FJ3167,FMA12523,第5颈椎,Fifth cervical vertebra,bone,head,midline,1539,2196
FJ3168,FMA13076,第5腰椎,Fifth lumbar vertebra,bone,abdomen,midline,2115,3892
FJ3169,FMA9922,第5胸椎,Fifth thoracic vertebra,bone,chest,midline,1321,2280
FJ3170,FMA12524,第6颈椎,Sixth cervical vertebra,bone,head,midline,1498,2374
FJ3171,FMA9945,第6胸椎,Sixth thoracic vertebra,bone,chest,midline,1353,2248
FJ3172,FMA12525,第7颈椎,Seventh cervical vertebra,bone,head,midline,1324,1820
FJ3173,FMA9968,第7胸椎,Seventh thoracic vertebra,bone,chest,midline,1478,2574
FJ3174,FMA9991,第8胸椎,Eighth thoracic vertebra,bone,chest,midline,1392,2424
FJ3175,FMA10014,第9胸椎,Ninth thoracic vertebra,bone,chest,midline,1443,2586
FJ3176,FMA12519,,Atlas,bone,head,midline,1433,2094
FJ3177,FMA12520,,Axis,bone,head,midline,1540,2288
FJ3178,FMA7487,胸骨体,Body of sternum,bone,chest,midline,3691,4646
FJ3179,FMA32653,左足第2趾远节趾骨,Distal phalanx of left second toe,bone,legs,left,169,240
FJ3180,FMA32655,左足第3趾远节趾骨,Distal phalanx of left third toe,bone,legs,left,188,336
FJ3181,FMA32657,左足第4趾远节趾骨,Distal phalanx of left fourth toe,bone,legs,left,146,226
FJ3182,FMA32651,左足拇趾远节趾骨,Distal phalanx of left big toe,bone,legs,left,256,378
FJ3183,FMA23953,左手示指远节指骨,Distal phalanx of left index finger,bone,legs,left,204,328
FJ3184,FMA23959,左手小指远节指骨,Distal phalanx of left little finger,bone,legs,left,154,198
FJ3185,FMA32659,左足小趾远节趾骨,Distal phalanx of left little toe,bone,legs,left,160,220
FJ3186,FMA23955,左手中指远节指骨,Distal phalanx of left middle finger,bone,legs,left,173,266
FJ3187,FMA23957,左手无名指远节指骨,Distal phalanx of left ring finger,bone,legs,left,140,196
FJ3188,FMA23951,左手拇指远节指骨,Distal phalanx of left thumb,bone,arms,left,189,270
FJ3189,FMA32652,右足第2趾远节趾骨,Distal phalanx of right second toe,bone,legs,right,170,200
FJ3190,FMA32654,右足第3趾远节趾骨,Distal phalanx of right third toe,bone,legs,right,162,260
FJ3191,FMA32656,右足第4趾远节趾骨,Distal phalanx of right fourth toe,bone,legs,right,144,244
FJ3192,FMA32650,右足拇趾远节趾骨,Distal phalanx of right big toe,bone,legs,right,289,440
FJ3193,FMA24460,右手示指远节指骨,Distal phalanx of right index finger,bone,legs,right,188,210
FJ3194,FMA24463,右手小指远节指骨,Distal phalanx of right little finger,bone,legs,right,140,188
FJ3195,FMA32658,右足小趾远节趾骨,Distal phalanx of right little toe,bone,legs,right,178,210
FJ3196,FMA24461,右手中指远节指骨,Distal phalanx of right middle finger,bone,legs,right,143,174
FJ3197,FMA24462,右手无名指远节指骨,Distal phalanx of right ring finger,bone,legs,right,114,112
FJ3198,FMA24459,右手拇指远节指骨,Distal phalanx of right thumb,bone,arms,right,187,240
FJ3200,FMA52734,额骨,Frontal bone,bone,head,midline,8472,14510
FJ3201,FMA52749,舌骨,Hyoid bone,bone,head,midline,687,1196
FJ3202,FMA25058,,Intervertebral disk of axis,bone,head,midline,1941,3712
FJ3203,FMA13501,第4胸椎间盘,Intervertebral disk of fourth thoracic vertebra,bone,chest,midline,1164,1560
FJ3204,FMA13502,第5胸椎间盘,Intervertebral disk of fifth thoracic vertebra,bone,chest,midline,1470,1836
FJ3205,FMA13503,第6胸椎间盘,Intervertebral disk of sixth thoracic vertebra,bone,chest,midline,2106,2564
FJ3206,FMA13504,第7胸椎间盘,Intervertebral disk of seventh thoracic vertebra,bone,chest,midline,2105,2630
FJ3207,FMA13505,第8胸椎间盘,Intervertebral disk of eighth thoracic vertebra,bone,chest,midline,2919,2894
FJ3208,FMA13506,第9胸椎间盘,Intervertebral disk of ninth thoracic vertebra,bone,chest,midline,2876,2940
FJ3209,FMA13507,第10胸椎间盘,Intervertebral disk of tenth thoracic vertebra,bone,chest,midline,2963,3102
FJ3210,FMA13508,第11胸椎间盘,Intervertebral disk of eleventh thoracic vertebra,bone,chest,midline,3353,3336
FJ3211,FMA13509,,Intervertebral disk of twelfth thoracic vertebra,bone,chest,midline,4131,3476
FJ3212,FMA16033,第1腰椎间盘,Intervertebral disk of first lumbar vertebra,bone,chest,midline,3874,3498
FJ3213,FMA13896,第3颈椎间盘,Intervertebral disk of third cervical vertebra,bone,head,midline,608,770
FJ3214,FMA16034,第2腰椎间盘,Intervertebral disk of second lumbar vertebra,bone,abdomen,midline,3518,3406
FJ3215,FMA16035,第3腰椎间盘,Intervertebral disk of third lumbar vertebra,bone,abdomen,midline,4151,3454
FJ3216,FMA16036,第4腰椎间盘,Intervertebral disk of fourth lumbar vertebra,bone,abdomen,midline,3650,3512
FJ3217,FMA16037,第5腰椎间盘,Intervertebral disk of fifth lumbar vertebra,bone,abdomen,midline,2582,3498
FJ3218,FMA13897,第4颈椎间盘,Intervertebral disk of fourth cervical vertebra,bone,head,midline,676,926
FJ3219,FMA13898,第5颈椎间盘,Intervertebral disk of fifth cervical vertebra,bone,head,midline,685,956
FJ3220,FMA13899,第6颈椎间盘,Intervertebral disk of sixth cervical vertebra,bone,head,midline,888,892
FJ3221,FMA13900,第7颈椎间盘,Intervertebral disk of seventh cervical vertebra,bone,head,midline,949,1092
FJ3222,FMA10458,第1胸椎间盘,Intervertebral disk of first thoracic vertebra,bone,head,midline,1049,1232
FJ3223,FMA13495,第2胸椎间盘,Intervertebral disk of second thoracic vertebra,bone,chest,midline,1237,1374
FJ3224,FMA13500,第3胸椎间盘,Intervertebral disk of third thoracic vertebra,bone,chest,midline,1495,1474
FJ3225,FMA8472,左侧第10肋,Left tenth rib,bone,chest,left,3419,6826
FJ3226,FMA8532,左侧第11肋,Left eleventh rib,bone,chest,left,2435,4866
FJ3227,FMA8534,左侧第12肋,Left twelfth rib,bone,chest,left,1411,2818
FJ3228,FMA7987,左侧第1肋,Left first rib,bone,head,left,1641,3276
FJ3229,FMA8012,左侧第2肋,Left second rib,bone,chest,left,2862,5594
FJ3230,FMA8039,左侧第3肋,Left third rib,bone,chest,left,3637,7254
FJ3231,FMA8148,左侧第4肋,Left fourth rib,bone,chest,left,4445,8850
FJ3232,FMA8093,左侧第5肋,Left fifth rib,bone,chest,left,4912,9710
FJ3233,FMA8202,左侧第6肋,Left sixth rib,bone,chest,left,5172,10264
FJ3234,FMA8256,左侧第7肋,Left seventh rib,bone,chest,left,5054,10032
FJ3235,FMA8310,左侧第8肋,Left eighth rib,bone,chest,left,4211,8336
FJ3236,FMA8391,左侧第9肋,Left ninth rib,bone,chest,left,3805,7576
FJ3237,FMA13323,左锁骨,Left clavicle,bone,chest,left,602,1176
FJ3239,FMA8005,左侧第1肋软骨,Left first costal cartilage,connective,chest,left,418,642
FJ3240,FMA24465,左手第1掌骨,Left first metacarpal bone,bone,arms,left,304,578
FJ3241,FMA24508,左足第1跖骨,Left first metatarsal bone,bone,legs,left,614,1172
FJ3242,FMA8031,左侧第2肋软骨,Left second costal cartilage,connective,chest,left,330,588
FJ3243,FMA24467,左手第2掌骨,Left second metacarpal bone,bone,arms,left,420,774
FJ3244,FMA24510,左足第2跖骨,Left second metatarsal bone,bone,legs,left,487,774
FJ3245,FMA8058,左侧第3肋软骨,Left third costal cartilage,connective,chest,left,328,604
FJ3246,FMA24469,左手第3掌骨,Left third metacarpal bone,bone,arms,left,392,708
FJ3247,FMA24512,左足第3跖骨,Left third metatarsal bone,bone,legs,left,429,742
FJ3248,FMA8167,左侧第4肋软骨,Left fourth costal cartilage,connective,chest,left,371,658
FJ3249,FMA24471,左手第4掌骨,Left fourth metacarpal bone,bone,arms,left,316,528
FJ3250,FMA24514,左足第4跖骨,Left fourth metatarsal bone,bone,legs,left,437,772
FJ3251,FMA8112,左侧第5肋软骨,Left fifth costal cartilage,connective,chest,left,594,1086
FJ3252,FMA24473,左手第5掌骨,Left fifth metacarpal bone,bone,arms,left,282,500
FJ3253,FMA24516,左足第5跖骨,Left fifth metatarsal bone,bone,legs,left,447,864
FJ3254,FMA8221,左侧第6肋软骨,Left sixth costal cartilage,connective,chest,left,815,1498
FJ3255,FMA8275,左侧第7肋软骨,Left seventh costal cartilage,connective,chest,left,1367,2314
FJ3256,FMA24498,左跟骨,Left calcaneus,bone,legs,left,719,1288
FJ3257,FMA24447,左头状骨,Left capitate,bone,arms,left,237,402
FJ3258,FMA24529,左骰骨,Left cuboid bone,bone,legs,left,494,886
FJ3259,FMA24475,左股骨,Left femur,bone,legs,left,1623,3204
FJ3260,FMA24481,左腓骨,Left fibula,bone,legs,left,577,1124
FJ3261,FMA24449,左钩骨,Left hamate,bone,arms,left,280,452
FJ3262,FMA23131,左肱骨,Left humerus,bone,arms,left,2073,3844
FJ3263,FMA54738,左下鼻甲,Left inferior nasal concha,bone,head,midline,482,738
FJ3264,FMA24524,左中间楔骨,Left intermediate cuneiform bone,bone,legs,left,305,466
FJ3265,FMA53646,左泪骨,Left lacrimal bone,bone,head,left,366,640
FJ3266,FMA45098,左足籽骨,Sesamoid bone of left foot,bone,legs,left,78,100
FJ3267,FMA24526,左外侧楔骨,Left lateral cuneiform bone,bone,legs,left,405,680
FJ3268,FMA24438,左月骨,Left lunate,bone,arms,left,187,314
FJ3269,FMA53650,左上颌骨,Left maxilla,bone,head,left,3577,5198
FJ3270,FMA45098,左足籽骨,Sesamoid bone of left foot,bone,legs,left,96,144
FJ3271,FMA24522,左内侧楔骨,Left medial cuneiform bone,bone,legs,left,582,996
FJ3273,FMA53656,左腭骨,Left palatine bone,bone,head,left,1164,1938
FJ3274,FMA52789,左顶骨,Left parietal bone,bone,head,left,8367,13210
FJ3275,FMA24487,左髌骨,Left patella,bone,legs,left,180,310
FJ3276,FMA24442,左豌豆骨,Left pisiform,bone,arms,left,116,210
FJ3277,FMA23465,左桡骨,Left radius,bone,arms,left,368,632
FJ3278,FMA24436,左手舟骨,Left scaphoid,bone,arms,left,176,312
FJ3279,FMA13396,左肩胛骨,Left scapula,bone,chest,left,14068,28106
FJ3280,FMA24483,左距骨,Left talus,bone,legs,left,776,1356
FJ3281,FMA52739,左颞骨,Left temporal bone,bone,head,left,3013,4936
FJ3282,FMA24478,左胫骨,Left tibia,bone,legs,left,880,1692
FJ3283,FMA24444,左大多角骨,Left trapezium,bone,arms,left,226,356
FJ3284,FMA24445,左小多角骨,Left trapezoid,bone,arms,left,279,398
FJ3285,FMA24440,左三角骨,Left triquetral,bone,arms,left,180,304
FJ3286,FMA23468,左尺骨,Left ulna,bone,arms,left,496,824
FJ3287,FMA52893,左颧骨,Left zygomatic bone,bone,head,left,929,1434
FJ3288,FMA16587,左髋骨,Left hip bone,bone,abdomen,left,1257,2332
FJ3289,FMA52748,下颌骨,Mandible,bone,head,midline,2845,5576
FJ3290,FMA7486,,Manubrium,bone,chest,midline,1446,2546
FJ3291,FMA23942,左手无名指中节指骨,Middle phalanx of left ring finger,bone,legs,left,216,340
FJ3292,FMA24457,右手无名指中节指骨,Middle phalanx of right ring finger,bone,legs,right,219,316
FJ3293,FMA32643,左足第2趾中节趾骨,Middle phalanx of left second toe,bone,legs,left,197,324
FJ3294,FMA32645,左足第3趾中节趾骨,Middle phalanx of left third toe,bone,legs,left,185,294
FJ3295,FMA32647,左足第4趾中节趾骨,Middle phalanx of left fourth toe,bone,legs,left,183,284
FJ3296,FMA23938,左手示指中节指骨,Middle phalanx of left index finger,bone,legs,left,188,306
FJ3297,FMA23944,左手小指中节指骨,Middle phalanx of left little finger,bone,legs,left,192,254
FJ3298,FMA230988,左足小趾中节趾骨,Middle phalanx of left little toe,bone,legs,left,143,226
FJ3299,FMA23940,左手中指中节指骨,Middle phalanx of left middle finger,bone,legs,left,229,384
FJ3300,FMA32642,右足第2趾中节趾骨,Middle phalanx of right second toe,bone,legs,right,192,264
FJ3301,FMA32644,右足第3趾中节趾骨,Middle phalanx of right third toe,bone,legs,right,190,292
FJ3302,FMA32646,右足第4趾中节趾骨,Middle phalanx of right fourth toe,bone,legs,right,220,350
FJ3303,FMA24455,右手示指中节指骨,Middle phalanx of right index finger,bone,legs,right,190,264
FJ3304,FMA24458,右手小指中节指骨,Middle phalanx of right little finger,bone,legs,right,169,208
FJ3305,FMA230986,右足小趾中节趾骨,Middle phalanx of right little toe,bone,legs,right,102,136
FJ3306,FMA24456,右手中指中节指骨,Middle phalanx of right middle finger,bone,legs,right,227,342
FJ3307,FMA24501,左足舟骨,Navicular bone of left foot,bone,legs,left,459,744
FJ3308,FMA24500,右足舟骨,Navicular bone of right foot,bone,legs,right,455,716
FJ3309,FMA52735,枕骨,Occipital bone,bone,head,midline,6995,12450
FJ3310,FMA43253,右足拇趾近节趾骨,Proximal phalanx of right big toe,bone,legs,right,281,486
FJ3311,FMA32637,左足第3趾近节趾骨,Proximal phalanx of left third toe,bone,legs,left,248,408
FJ3312,FMA32639,左足第4趾近节趾骨,Proximal phalanx of left fourth toe,bone,legs,left,255,438
FJ3313,FMA71915,左手示指近节指骨,Proximal phalanx of left index finger,bone,legs,left,222,392
FJ3314,FMA66791,左手小指近节指骨,Proximal phalanx of left little finger,bone,legs,left,164,274
FJ3315,FMA32641,左足小趾近节趾骨,Proximal phalanx of left little toe,bone,legs,left,231,396
FJ3316,FMA71908,左手中指近节指骨,Proximal phalanx of left middle finger,bone,legs,left,264,460
FJ3317,FMA71916,左手无名指近节指骨,Proximal phalanx of left ring finger,bone,legs,left,205,376
FJ3318,FMA65470,左手拇指近节指骨,Proximal phalanx of left thumb,bone,arms,left,202,346
FJ3319,FMA32634,右足第2趾近节趾骨,Proximal phalanx of right second toe,bone,legs,right,236,414
FJ3320,FMA32636,右足第3趾近节趾骨,Proximal phalanx of right third toe,bone,legs,right,276,422
FJ3321,FMA32638,右足第4趾近节趾骨,Proximal phalanx of right fourth toe,bone,legs,right,254,438
FJ3322,FMA24451,右手示指近节指骨,Proximal phalanx of right index finger,bone,legs,right,226,386
FJ3323,FMA24454,右手小指近节指骨,Proximal phalanx of right little finger,bone,legs,right,187,314
FJ3324,FMA32640,右足小趾近节趾骨,Proximal phalanx of right little toe,bone,legs,right,238,406
FJ3325,FMA24452,右手中指近节指骨,Proximal phalanx of right middle finger,bone,legs,right,271,458
FJ3326,FMA24453,右手无名指近节指骨,Proximal phalanx of right ring finger,bone,legs,right,209,376
FJ3327,FMA24450,右手拇指近节指骨,Proximal phalanx of right thumb,bone,arms,right,197,318
FJ3328,FMA32635,左足第2趾近节趾骨,Proximal phalanx of left second toe,bone,legs,left,233,380
FJ3329,FMA43254,左足拇趾近节趾骨,Proximal phalanx of left big toe,bone,legs,left,318,516
FJ3330,FMA8445,右侧第10肋,Right tenth rib,bone,chest,right,3415,6820
FJ3331,FMA8531,右侧第11肋,Right eleventh rib,bone,chest,right,2437,4866
FJ3332,FMA8533,右侧第12肋,Right twelfth rib,bone,chest,right,1412,2818
FJ3333,FMA7875,右侧第1肋软骨,Right first costal cartilage,connective,chest,right,436,676
FJ3334,FMA7857,右侧第1肋,Right first rib,bone,head,right,1642,3276
FJ3335,FMA7886,右侧第2肋软骨,Right second costal cartilage,connective,chest,right,383,658
FJ3336,FMA7882,右侧第2肋,Right second rib,bone,chest,right,2861,5594
FJ3337,FMA7913,右侧第3肋软骨,Right third costal cartilage,connective,chest,right,386,652
FJ3338,FMA7909,右侧第3肋,Right third rib,bone,chest,right,3634,7254
FJ3339,FMA7976,右侧第4肋软骨,Right fourth costal cartilage,connective,chest,right,391,694
FJ3340,FMA7957,右侧第4肋,Right fourth rib,bone,chest,right,4435,8832
FJ3341,FMA8070,右侧第5肋软骨,Right fifth costal cartilage,connective,chest,right,652,1168
FJ3342,FMA8066,右侧第5肋,Right fifth rib,bone,chest,right,4910,9710
FJ3343,FMA8194,右侧第6肋软骨,Right sixth costal cartilage,connective,chest,right,971,1546
FJ3344,FMA8175,右侧第6肋,Right sixth rib,bone,chest,right,5168,10246
FJ3345,FMA8248,右侧第7肋软骨,Right seventh costal cartilage,connective,chest,right,1538,2450
FJ3346,FMA8229,右侧第7肋,Right seventh rib,bone,chest,right,5058,10032
FJ3347,FMA8283,右侧第8肋,Right eighth rib,bone,chest,right,4199,8336
FJ3348,FMA8364,右侧第9肋,Right ninth rib,bone,chest,right,3808,7576
FJ3349,FMA23464,右桡骨,Right radius,bone,arms,right,388,672
FJ3350,FMA24464,右手第1掌骨,Right first metacarpal bone,bone,arms,right,307,566
FJ3351,FMA24507,右足第1跖骨,Right first metatarsal bone,bone,legs,right,602,1122
FJ3352,FMA24466,右手第2掌骨,Right second metacarpal bone,bone,arms,right,418,748
FJ3353,FMA24509,右足第2跖骨,Right second metatarsal bone,bone,legs,right,515,752
FJ3354,FMA24468,右手第3掌骨,Right third metacarpal bone,bone,arms,right,404,702
FJ3355,FMA24511,右足第3跖骨,Right third metatarsal bone,bone,legs,right,423,700
FJ3356,FMA24470,右手第4掌骨,Right fourth metacarpal bone,bone,arms,right,340,536
FJ3357,FMA24513,右足第4跖骨,Right fourth metatarsal bone,bone,legs,right,397,674
FJ3358,FMA24472,右手第5掌骨,Right fifth metacarpal bone,bone,arms,right,279,506
FJ3359,FMA24515,右足第5跖骨,Right fifth metatarsal bone,bone,legs,right,436,794
FJ3360,FMA24497,右跟骨,Right calcaneus,bone,legs,right,739,1262
FJ3361,FMA24446,右头状骨,Right capitate,bone,arms,right,256,428
FJ3362,FMA13322,右锁骨,Right clavicle,bone,chest,right,583,1146
FJ3364,FMA24528,右骰骨,Right cuboid bone,bone,legs,right,543,932
FJ3365,FMA24474,右股骨,Right femur,bone,legs,right,1574,3102
FJ3366,FMA24480,右腓骨,Right fibula,bone,legs,right,593,1142
FJ3367,FMA24448,右钩骨,Right hamate,bone,arms,right,335,522
FJ3368,FMA23130,右肱骨,Right humerus,bone,arms,right,2233,3784
FJ3369,FMA54737,右下鼻甲,Right inferior nasal concha,bone,head,midline,572,714
FJ3370,FMA24523,右中间楔骨,Right intermediate cuneiform bone,bone,legs,right,288,450
FJ3371,FMA53645,右泪骨,Right lacrimal bone,bone,head,midline,401,702
FJ3372,FMA45097,右足籽骨,Sesamoid bone of right foot,bone,legs,right,73,80
FJ3373,FMA24525,右外侧楔骨,Right lateral cuneiform bone,bone,legs,right,395,626
FJ3374,FMA24437,右月骨,Right lunate,bone,arms,right,196,332
FJ3375,FMA53649,右上颌骨,Right maxilla,bone,head,right,3513,5324
FJ3376,FMA45097,右足籽骨,Sesamoid bone of right foot,bone,legs,right,104,158
FJ3377,FMA24521,右内侧楔骨,Right medial cuneiform bone,bone,legs,right,615,952
FJ3379,FMA53655,右腭骨,Right palatine bone,bone,head,right,1132,1736
FJ3380,FMA52788,右顶骨,Right parietal bone,bone,head,right,8028,13002
FJ3381,FMA24486,右髌骨,Right patella,bone,legs,right,178,306
FJ3382,FMA24441,右豌豆骨,Right pisiform,bone,arms,right,110,190
FJ3383,FMA24435,右手舟骨,Right scaphoid,bone,arms,right,195,322
FJ3384,FMA13395,右肩胛骨,Right scapula,bone,chest,right,13118,26172
FJ3385,FMA24482,右距骨,Right talus,bone,legs,right,812,1380
FJ3386,FMA52738,右颞骨,Right temporal bone,bone,head,right,3102,4928
FJ3387,FMA24477,右胫骨,Right tibia,bone,legs,right,857,1664
FJ3388,FMA24443,右大多角骨,Right trapezium,bone,arms,right,277,434
FJ3389,FMA23725,右小多角骨,Right trapezoid,bone,arms,right,271,360
FJ3390,FMA24439,右三角骨,Right triquetral,bone,arms,right,139,170
FJ3391,FMA23467,右尺骨,Right ulna,bone,arms,right,500,834
FJ3392,FMA52892,右颧骨,Right zygomatic bone,bone,head,right,934,1556
FJ3393,FMA16202,骶骨,Sacrum,bone,abdomen,midline,5293,9922
FJ3394,FMA52736,蝶骨,Sphenoid bone,bone,head,midline,4957,8154
FJ3396,FMA14643,,Mesentery of small intestine,digestive,abdomen,midline,56947,38274
FJ3397,FMA16549,,Mesoappendix,digestive,abdomen,right,812,1388
FJ3398,FMA14647,,Transverse mesocolon,digestive,abdomen,midline,1366,1484
FJ3399,FMA14828,左结肠动脉升支,Ascending branch of left colic artery,artery,abdomen,left,329,498
FJ3400,FMA15394,左结肠静脉,Left colic vein,vein,abdomen,left,343,542
FJ3401,FMA70479,,Anterior inferior pancreaticoduodenal artery,artery,abdomen,right,218,356
FJ3406,FMA14816,,Anterior cecal artery,artery,abdomen,right,97,120
FJ3409,FMA14782,胰十二指肠前上动脉,Anterior superior pancreaticoduodenal artery,artery,chest,right,287,454
FJ3410,FMA14818,,Appendicular artery,artery,abdomen,right,733,868
FJ3411,FMA3768,,Arch of aorta,artery,chest,left,381,670
FJ3413,FMA3736,,Ascending aorta,artery,chest,midline,229,396
FJ3414,FMA75856,,Trunk of superior branch of ileocolic artery,artery,abdomen,right,262,358
FJ3415,FMA15408,,Ileocolic vein,vein,abdomen,right,275,444
FJ3416,FMA4838,,Azygos vein,vein,chest,midline,9132,18260
FJ3417,FMA69316,,Trunk of brachiocephalic artery,artery,chest,midline,160,262
FJ3418,FMA14177,主动脉弓支气管支,Bronchial branch of arch of aorta,artery,chest,midline,794,1142
FJ3419,FMA14793,,Caudal pancreatic artery,artery,chest,left,642,656
FJ3420,FMA14773,,Splenic artery,artery,chest,left,599,440
FJ3421,FMA14812,,Celiac trunk,heart,chest,midline,133,238
FJ3426,FMA21386,阴茎左背浅静脉,Left superficial dorsal vein of penis,vein,abdomen,midline,2453,4878
FJ3427,FMA3784,,Descending aorta,artery,chest,left,2351,4562
FJ3428,FMA14829,左结肠动脉降支,Descending branch of left colic artery,artery,abdomen,left,297,482
FJ3429,FMA15394,左结肠静脉,Left colic vein,vein,abdomen,left,317,472
FJ3430,FMA14787,,Dorsal pancreatic artery,artery,chest,midline,687,1330
FJ3431,FMA71537,胸主动脉食管支(一组),Set of oesophageal branches of thoracic aorta,artery,chest,midline,925,1338
FJ3432,FMA76574,,Trunk of gastroduodenal artery,artery,chest,midline,119,204
FJ3433,FMA14792,,Great pancreatic artery,artery,chest,left,144,270
FJ3434,FMA4944,,Hemiazygos vein,vein,chest,midline,2135,4266
FJ3437,FMA75857,,Trunk of inferior branch of ileocolic artery,artery,abdomen,right,134,186
FJ3438,FMA15405,,Ileal vein,vein,abdomen,right,140,212
FJ3439,FMA66499,,Trunk of ileocolic artery,artery,abdomen,right,136,244
FJ3440,FMA15408,,Ileocolic vein,vein,abdomen,right,164,250
FJ3441,FMA10951,,Inferior vena cava,vein,chest,right,793,1410
FJ3442,FMA66359,,Trunk of inferior mesenteric artery,artery,abdomen,midline,299,546
FJ3443,FMA15391,,Inferior mesenteric vein,vein,abdomen,left,574,1108
FJ3444,FMA14790,,Inferior pancreatic artery,artery,chest,left,500,928
FJ3446,FMA14805,,Inferior pancreaticoduodenal artery,artery,abdomen,midline,154,260
FJ3447,FMA68068,,Inferior phrenic vein,vein,chest,left,651,1042
FJ3448,FMA68068,,Inferior phrenic vein,vein,chest,left,654,798
FJ3449,FMA68068,,Inferior phrenic vein,vein,chest,left,478,500
FJ3450,FMA68068,,Inferior phrenic vein,vein,chest,left,297,328
FJ3451,FMA68068,,Inferior phrenic vein,vein,chest,left,624,592
FJ3452,FMA68068,,Inferior phrenic vein,vein,chest,left,510,992
FJ3458,FMA70487,左肾动脉前干,Anterior division of left renal artery,artery,chest,left,736,1468
FJ3459,FMA70487,左肾动脉前干,Anterior division of left renal artery,artery,abdomen,left,310,534
FJ3460,FMA70487,左肾动脉前干,Anterior division of left renal artery,artery,chest,left,392,598
FJ3461,FMA70487,左肾动脉前干,Anterior division of left renal artery,artery,chest,left,2917,4366
FJ3462,FMA70487,左肾动脉前干,Anterior division of left renal artery,artery,chest,left,758,1510
FJ3463,FMA70487,左肾动脉前干,Anterior division of left renal artery,artery,abdomen,left,1471,2932
FJ3464,FMA69384,,Trunk of left common iliac artery,artery,abdomen,left,128,248
FJ3465,FMA21388,左髂总静脉,Left common iliac vein,vein,abdomen,midline,244,430
FJ3466,FMA69391,,Trunk proper of left external iliac artery,artery,abdomen,left,236,462
FJ3467,FMA69266,左肾上腺下动脉,Left inferior suprarenal artery,artery,chest,left,810,954
FJ3468,FMA70187,,Trunk of left internal iliac artery,artery,abdomen,left,194,270
FJ3469,FMA18888,左髂内静脉,Left internal iliac vein,vein,abdomen,left,134,208
FJ3470,FMA18888,左髂内静脉,Left internal iliac vein,vein,abdomen,left,121,176
FJ3471,FMA18888,左髂内静脉,Left internal iliac vein,vein,abdomen,left,144,180
FJ3472,FMA14756,左肾上腺中动脉,Left middle suprarenal artery,artery,chest,left,540,552
FJ3473,FMA70490,左肾动脉后干,Posterior division of left renal artery,artery,chest,left,288,334
FJ3474,FMA70490,左肾动脉后干,Posterior division of left renal artery,artery,chest,left,174,254
FJ3475,FMA70490,左肾动脉后干,Posterior division of left renal artery,artery,chest,left,244,398
FJ3476,FMA66364,左肾动脉干,Trunk of left renal artery,artery,chest,left,132,258
FJ3477,FMA14336,左肾静脉,Left renal vein,vein,chest,midline,334,652
FJ3478,FMA14336,左肾静脉,Left renal vein,vein,chest,left,3657,4260
FJ3479,FMA69319,,Trunk of left subclavian artery,artery,chest,left,362,646
FJ3480,FMA14349,左肾上腺静脉,Left suprarenal vein,vein,chest,left,476,674
FJ3481,FMA70493,左肾动脉输尿管段,Ureteric segment of left renal artery,artery,abdomen,left,868,1296
FJ3482,FMA4761,左头臂静脉,Left brachiocephalic vein,vein,chest,midline,377,748
FJ3483,FMA75867,,Trunk of left internal carotid artery,artery,head,left,126,170
FJ3484,FMA18886,左髂外静脉,Left external iliac vein,vein,abdomen,left,376,670
FJ3485,FMA4762,左颈内静脉,Left internal jugular vein,vein,head,left,158,280
FJ3486,FMA4763,左锁骨下静脉,Left subclavian vein,vein,head,left,271,434
FJ3493,FMA4950,左腰升静脉,Left ascending lumbar vein,vein,abdomen,right,893,1772
FJ3494,FMA14826,左结肠动脉,Left colic artery,artery,abdomen,left,131,182
FJ3495,FMA15394,左结肠静脉,Left colic vein,vein,abdomen,left,67,102
FJ3496,FMA20819,阴茎左背动脉,Left dorsal artery of penis,artery,abdomen,left,2867,5076
FJ3497,FMA20819,阴茎左背动脉,Left dorsal artery of penis,artery,abdomen,midline,758,1456
FJ3499,FMA14768,左胃动脉,Left gastric artery,artery,chest,left,578,1100
FJ3500,FMA15399,左胃静脉,Left gastric vein,vein,chest,midline,672,1166
FJ3501,FMA14796,胃网膜左动脉,Left gastro-epiploic artery,artery,chest,left,1232,2420
FJ3502,FMA15390,胃网膜左静脉,Left gastroepiploic vein,vein,chest,left,316,444
FJ3510,FMA18904,左髂腰静脉,Left iliolumbar vein,vein,abdomen,left,5400,10692
FJ3511,FMA20689,左腹壁下动脉,Left inferior epigastric artery,artery,abdomen,left,3414,6824
FJ3512,FMA21164,左腹壁下静脉,Left inferior epigastric vein,vein,abdomen,left,3740,7466
FJ3513,FMA18913,左臀下静脉,Left inferior gluteal vein,vein,abdomen,left,5681,11352
FJ3514,FMA14747,左膈下动脉,Left inferior phrenic artery,artery,chest,left,594,742
FJ3515,FMA14747,左膈下动脉,Left inferior phrenic artery,artery,chest,left,603,772
FJ3516,FMA14747,左膈下动脉,Left inferior phrenic artery,artery,chest,left,305,334
FJ3517,FMA14747,左膈下动脉,Left inferior phrenic artery,artery,chest,left,338,384
FJ3518,FMA14747,左膈下动脉,Left inferior phrenic artery,artery,chest,left,496,556
FJ3519,FMA14747,左膈下动脉,Left inferior phrenic artery,artery,chest,left,233,266
FJ3520,FMA14747,左膈下动脉,Left inferior phrenic artery,artery,chest,left,190,188
FJ3522,FMA18886,左髂外静脉,Left external iliac vein,vein,abdomen,left,100,168
FJ3523,FMA18886,左髂外静脉,Left external iliac vein,vein,abdomen,left,100,186
FJ3524,FMA18886,左髂外静脉,Left external iliac vein,vein,abdomen,left,88,112
FJ3525,FMA18919,左阴部内静脉,Left internal pudendal vein,vein,abdomen,left,3813,7452
FJ3526,FMA18907,左骶外侧静脉,Left lateral sacral vein,vein,abdomen,midline,1610,3046
FJ3527,FMA18916,左闭孔静脉,Left obturator vein,vein,abdomen,left,2480,4954
FJ3529,FMA20736,左腹壁浅动脉,Left superficial epigastric artery,artery,abdomen,left,1391,2622
FJ3530,FMA4785,左腹壁上静脉,Left superior epigastric vein,vein,abdomen,left,1597,2938
FJ3531,FMA18910,左臀上静脉,Left superior gluteal vein,vein,abdomen,left,262,320
FJ3532,FMA14760,左睾丸动脉,Left testicular artery,artery,abdomen,left,6233,12420
FJ3533,FMA14345,左睾丸静脉,Left testicular vein,vein,abdomen,left,7286,14488
FJ3541,FMA77168,,Median sacral vein,vein,abdomen,midline,2391,4666
FJ3542,FMA14810,,Middle colic artery,artery,chest,midline,944,1430
FJ3543,FMA15406,,Middle colic vein,vein,chest,midline,889,1324
FJ3544,FMA14773,,Splenic artery,artery,chest,left,2325,2588
FJ3545,FMA15398,,Pancreaticoduodenal vein,vein,chest,right,540,660
FJ3546,FMA70480,,Posterior inferior pancreaticoduodenal artery,artery,abdomen,right,246,384
FJ3553,FMA14817,,Posterior cecal artery,artery,abdomen,right,132,90
FJ3557,FMA14784,胰十二指肠后上动脉,Posterior superior pancreaticoduodenal artery,artery,chest,right,278,394
FJ3558,FMA70486,右肾动脉前干,Anterior division of right renal artery,artery,abdomen,right,570,1066
FJ3559,FMA70486,右肾动脉前干,Anterior division of right renal artery,artery,chest,right,372,718
FJ3560,FMA70486,右肾动脉前干,Anterior division of right renal artery,artery,chest,right,346,666
FJ3561,FMA70486,右肾动脉前干,Anterior division of right renal artery,artery,abdomen,right,355,636
FJ3562,FMA70486,右肾动脉前干,Anterior division of right renal artery,artery,abdomen,right,745,1254
FJ3563,FMA70486,右肾动脉前干,Anterior division of right renal artery,artery,abdomen,right,2995,4700
FJ3564,FMA69325,,Trunk of right common carotid artery,artery,head,right,448,884
FJ3565,FMA69383,,Trunk of right common iliac artery,artery,abdomen,right,117,220
FJ3566,FMA21387,右髂总静脉,Right common iliac vein,vein,abdomen,right,199,358
FJ3567,FMA69390,,Trunk proper of right external iliac artery,artery,abdomen,right,214,396
FJ3568,FMA18885,右髂外静脉,Right external iliac vein,vein,abdomen,right,396,724
FJ3569,FMA18809,右髂内动脉,Right internal iliac artery,artery,abdomen,right,201,276
FJ3570,FMA18887,右髂内静脉,Right internal iliac vein,vein,abdomen,right,157,216
FJ3571,FMA18887,右髂内静脉,Right internal iliac vein,vein,abdomen,right,134,202
FJ3572,FMA18887,右髂内静脉,Right internal iliac vein,vein,abdomen,right,149,192
FJ3573,FMA70489,右肾动脉后干,Posterior division of right renal artery,artery,abdomen,right,297,496
FJ3574,FMA70489,右肾动脉后干,Posterior division of right renal artery,artery,abdomen,right,253,428
FJ3575,FMA70489,右肾动脉后干,Posterior division of right renal artery,artery,abdomen,right,994,1850
FJ3576,FMA66363,右肾动脉干,Trunk of right renal artery,artery,chest,right,145,282
FJ3577,FMA14335,右肾静脉,Right renal vein,vein,abdomen,right,172,332
FJ3578,FMA14335,右肾静脉,Right renal vein,vein,abdomen,right,3865,4682
FJ3579,FMA69318,,Trunk of right subclavian artery,artery,head,right,247,452
FJ3580,FMA14343,右肾上腺静脉,Right suprarenal vein,vein,chest,right,474,608
FJ3581,FMA70492,右肾动脉输尿管段,Ureteric segment of right renal artery,artery,abdomen,right,280,468
FJ3582,FMA70492,右肾动脉输尿管段,Ureteric segment of right renal artery,artery,abdomen,right,365,606
FJ3583,FMA66647,,Trunk of right brachiocephalic vein,vein,chest,right,275,546
FJ3584,FMA69265,右肾上腺下动脉,Right inferior suprarenal artery,artery,chest,right,606,754
FJ3585,FMA4754,右颈内静脉,Right internal jugular vein,vein,head,right,153,226
FJ3586,FMA14755,右肾上腺中动脉,Right middle suprarenal artery,artery,chest,right,625,654
FJ3587,FMA4755,右锁骨下静脉,Right subclavian vein,vein,head,right,209,368
FJ3588,FMA14832,,Superior rectal artery,artery,abdomen,midline,310,404
FJ3589,FMA4843,右腰升静脉,Right ascending lumbar vein,vein,abdomen,left,3944,7884
FJ3590,FMA14811,右结肠动脉,Right colic artery,artery,abdomen,right,744,1000
FJ3591,FMA15407,右结肠静脉,Right colic vein,vein,abdomen,right,775,1204
FJ3592,FMA20818,阴茎右背动脉,Right dorsal artery of penis,artery,abdomen,right,2838,5108
FJ3593,FMA20818,阴茎右背动脉,Right dorsal artery of penis,artery,abdomen,midline,792,1542
FJ3594,FMA14776,右胃动脉,Right gastric artery,artery,chest,midline,267,478
FJ3595,FMA15400,右胃静脉,Right gastric vein,vein,chest,midline,257,470
FJ3596,FMA14781,胃网膜右动脉,Right gastro-epiploic artery,artery,chest,left,1890,3694
FJ3597,FMA15397,胃网膜右静脉,Right gastroepiploic vein,vein,chest,left,441,668
FJ3603,FMA18903,右髂腰静脉,Right iliolumbar vein,vein,abdomen,right,5430,10610
FJ3604,FMA20688,右腹壁下动脉,Right inferior epigastric artery,artery,abdomen,right,3446,6888
FJ3605,FMA21163,右腹壁下静脉,Right inferior epigastric vein,vein,abdomen,right,3897,7790
FJ3606,FMA18912,右臀下静脉,Right inferior gluteal vein,vein,abdomen,right,5755,11506
FJ3607,FMA18887,右髂内静脉,Right internal iliac vein,vein,abdomen,right,79,94
FJ3608,FMA18887,右髂内静脉,Right internal iliac vein,vein,abdomen,right,111,202
FJ3609,FMA18887,右髂内静脉,Right internal iliac vein,vein,abdomen,right,70,74
FJ3610,FMA18918,右阴部内静脉,Right internal pudendal vein,vein,abdomen,right,3755,7356
FJ3611,FMA18906,右骶外侧静脉,Right lateral sacral vein,vein,abdomen,right,1642,3102
FJ3612,FMA18915,右闭孔静脉,Right obturator vein,vein,abdomen,right,2476,4804
FJ3614,FMA20735,右腹壁浅动脉,Right superficial epigastric artery,artery,abdomen,right,1565,2924
FJ3615,FMA4771,右腹壁上静脉,Right superior epigastric vein,vein,abdomen,right,1649,3142
FJ3616,FMA18909,右臀上静脉,Right superior gluteal vein,vein,abdomen,right,243,330
FJ3617,FMA14759,右睾丸动脉,Right testicular artery,artery,abdomen,right,6497,12938
FJ3618,FMA14341,右睾丸静脉,Right testicular vein,vein,abdomen,right,6899,13640
FJ3619,FMA14746,右膈下动脉,Right inferior phrenic artery,artery,chest,right,599,840
FJ3620,FMA14746,右膈下动脉,Right inferior phrenic artery,artery,chest,right,580,734
FJ3621,FMA14746,右膈下动脉,Right inferior phrenic artery,artery,chest,right,356,440
FJ3622,FMA14746,右膈下动脉,Right inferior phrenic artery,artery,chest,right,322,380
FJ3623,FMA14746,右膈下动脉,Right inferior phrenic artery,artery,chest,right,215,238
FJ3624,FMA14746,右膈下动脉,Right inferior phrenic artery,artery,chest,right,472,502
FJ3625,FMA14746,右膈下动脉,Right inferior phrenic artery,artery,chest,right,343,342
FJ3626,FMA14746,右膈下动脉,Right inferior phrenic artery,artery,chest,right,302,286
FJ3631,FMA15370,,Lumbar vein,vein,abdomen,left,4585,8834
FJ3632,FMA14735,,Lumbar artery,artery,abdomen,left,6183,12058
FJ3635,FMA15370,,Lumbar vein,vein,abdomen,right,4635,8920
FJ3636,FMA14735,,Lumbar artery,artery,abdomen,right,6330,12498
FJ3637,FMA21385,阴茎右背浅静脉,Right superficial dorsal vein of penis,vein,abdomen,midline,1393,2782
FJ3638,FMA14830,,Sigmoid artery,artery,abdomen,left,1222,1702
FJ3639,FMA15395,,Sigmoid vein,vein,abdomen,left,1131,1422
FJ3640,FMA14773,,Splenic artery,artery,chest,left,1273,1742
FJ3641,FMA14331,,Splenic vein,vein,chest,left,922,1144
FJ3644,FMA66358,肠系膜上动脉干,Trunk of superior mesenteric artery,artery,abdomen,right,782,1506
FJ3645,FMA4720,,Superior vena cava,vein,chest,right,318,598
FJ3646,FMA15398,,Pancreaticoduodenal vein,vein,abdomen,right,262,388
FJ3647,FMA14332,,Superior mesenteric vein,vein,abdomen,right,489,702
FJ3648,FMA78121,,Superior phrenic vein,vein,chest,right,584,682
FJ3649,FMA78121,,Superior phrenic vein,vein,chest,right,298,308
FJ3650,FMA78121,,Superior phrenic vein,vein,chest,right,397,418
FJ3651,FMA78121,,Superior phrenic vein,vein,chest,right,286,346
FJ3652,FMA78121,,Superior phrenic vein,vein,chest,right,588,556
FJ3653,FMA78121,,Superior phrenic vein,vein,chest,right,1355,1610
FJ3654,FMA78121,,Superior phrenic vein,vein,chest,right,454,382
FJ3655,FMA15398,,Pancreaticoduodenal vein,vein,chest,right,285,438
FJ3656,FMA66504,,Trunk of superior rectal artery,artery,abdomen,midline,260,418
FJ3657,FMA15393,,Superior rectal vein,vein,abdomen,midline,285,478
FJ3658,FMA12858,,Ascending lumbar vein,vein,abdomen,midline,2979,5934
FJ3659,FMA10951,,Inferior vena cava,vein,abdomen,midline,968,1670
FJ3660,FMA3895,左冠状动脉旋支,Circumflex branch of left coronary artery,artery,chest,left,254,484
FJ3661,FMA3895,左冠状动脉旋支,Circumflex branch of left coronary artery,artery,chest,left,415,658
FJ3662,FMA3895,左冠状动脉旋支,Circumflex branch of left coronary artery,artery,chest,left,395,510
FJ3663,FMA3895,左冠状动脉旋支,Circumflex branch of left coronary artery,artery,chest,left,240,308
FJ3664,FMA3895,左冠状动脉旋支,Circumflex branch of left coronary artery,artery,chest,left,232,252
FJ3665,FMA3895,左冠状动脉旋支,Circumflex branch of left coronary artery,artery,chest,left,150,172
FJ3666,FMA3895,左冠状动脉旋支,Circumflex branch of left coronary artery,artery,chest,left,316,396
FJ3667,FMA8491,,Left tenth costal cartilage,connective,abdomen,left,4200,1400
FJ3667M,FMA8464,,Right tenth costal cartilage,connective,abdomen,right,836,1400
FJ3668,FMA8329,,Left eighth costal cartilage,connective,chest,left,6795,2265
FJ3668M,FMA8302,,Right eighth costal cartilage,connective,chest,right,1351,2265
FJ3669,FMA8410,,Left ninth costal cartilage,connective,chest,left,5034,1678
FJ3669M,FMA8383,,Right ninth costal cartilage,connective,chest,right,1067,1678
FJ3670,FMA49178,,Isthmus of thyroid gland,endocrine,head,midline,5238,1746
FJ3671,FMA13369,,Left lobe of thyroid gland,endocrine,head,midline,14223,4741
FJ3672,FMA13368,,Right lobe of thyroid gland,endocrine,head,midline,15183,5061
FJ3673,FMA55563,,Left inferior parathyroid gland,endocrine,head,left,82,160
FJ3674,FMA55561,,Left superior parathyroid gland,endocrine,head,left,75,142
FJ3675,FMA55562,,Right inferior parathyroid gland,endocrine,head,right,75,146
FJ3676,FMA55560,,Right superior parathyroid gland,endocrine,head,right,73,136
FJ3678M,FMA50378,左大脑中动脉前外侧中央支,Anterolateral central branch of left middle cerebral artery,artery,head,left,1489,1226
FJ3679,FMA50377,右大脑中动脉前外侧中央支,Anterolateral central branch of right middle cerebral artery,artery,head,right,948,316
FJ3679M,FMA50378,左大脑中动脉前外侧中央支,Anterolateral central branch of left middle cerebral artery,artery,head,left,390,316
FJ3848,FMA13889,垂体,Pituitary gland,endocrine,head,midline,596,1138
FJ3855,FMA242857,,Choroid plexus of right lateral ventricle,nerve,head,right,2935,4838
FJ3889,FMA266041,,Right half of tentorium cerebelli,nerve,head,right,11499,21358
FJ3890,FMA266056,,Cerebral hemisphere segment of dura mater,nerve,head,midline,28066,55132
FJ3891,FMA50886,,Right abducens nerve,nerve,head,right,735,1090
FJ3892,FMA52941,,Right anterior superior alveolar nerve,nerve,head,right,968,1538
FJ3893,FMA80540,,Trunk of right auriculotemporal nerve,nerve,head,right,1945,3886
FJ3894,FMA50890,,Right vestibulocochlear nerve,nerve,head,right,838,1672
FJ3895,FMA53072,,Branch of right mandibular nerve to right otic ganglion,nerve,head,right,318,498
FJ3896,FMA53311,,Buccal branch of right facial nerve,nerve,head,right,2135,4180
FJ3897,FMA53067,,Right buccal nerve,nerve,head,right,1031,1954
FJ3898,FMA53398,,Cervical branch of right facial nerve,nerve,head,right,1494,2840
FJ3899,FMA65421,,Trunk of right facial nerve,nerve,head,right,2340,4672
FJ3900,FMA52732,,Ganglionic branch of right maxillary nerve to right pterygopalatine ganglion,nerve,head,right,169,316
FJ3901,FMA50894,,Left glossopharyngeal nerve,nerve,head,right,3612,6926
FJ3902,FMA52803,,Right greater palatine nerve,nerve,head,right,812,1088
FJ3903,FMA80518,,Trunk of right inferior alveolar nerve,nerve,head,right,1258,2510
FJ3904,FMA52990,,External nasal branch of right infra-orbital nerve,nerve,head,right,513,1012
FJ3905,FMA52987,,Inferior palpebral branch of right infra-orbital nerve,nerve,head,right,382,598
FJ3906,FMA52992,,Internal nasal branch of right infra-orbital nerve,nerve,head,right,255,480
FJ3907,FMA52994,,Superior labial branch of right infra-orbital nerve,nerve,head,right,637,1270
FJ3908,FMA52677,左筛前神经,Left anterior ethmoidal nerve,nerve,head,midline,550,1016
FJ3909,FMA52674,左鼻睫神经与睫状神经节交通支,Communicating branch of left nasociliary nerve with left ciliary ganglion,nerve,head,left,170,234
FJ3910,FMA52640,左额神经,Left frontal nerve,nerve,head,left,1323,2642
FJ3911,FMA52699,左滑车下神经,Left infratrochlear nerve,nerve,head,midline,381,482
FJ3912,FMA52630,左泪神经,Left lacrimal nerve,nerve,head,left,1044,2008
FJ3913,FMA52670,左鼻睫神经,Left nasociliary nerve,nerve,head,left,332,458
FJ3914,FMA223162,,Left olfactory tract,nerve,head,midline,668,1292
FJ3915,FMA52593,,Left olfactory nerve,nerve,head,midline,335,560
FJ3916,FMA52593,,Left olfactory nerve,nerve,head,midline,318,510
FJ3917,FMA52593,,Left olfactory nerve,nerve,head,midline,344,480
FJ3918,FMA52593,,Left olfactory nerve,nerve,head,midline,345,522
FJ3919,FMA52593,,Left olfactory nerve,nerve,head,midline,363,492
FJ3920,FMA52593,,Left olfactory nerve,nerve,head,midline,349,526
FJ3921,FMA52623,左眼神经,Left ophthalmic nerve,nerve,head,left,502,1000
FJ3922,FMA52716,左筛后神经,Left posterior ethmoidal nerve,nerve,head,midline,335,612
FJ3923,FMA80695,,Trunk of left recurrent laryngeal nerve,nerve,head,midline,2538,5008
FJ3924,FMA52657,左眶上神经,Left supra-orbital nerve,nerve,head,left,738,1364
FJ3925,FMA52644,左滑车上神经,Left supratrochlear nerve,nerve,head,left,1151,2216
FJ3926,FMA18157,,Trunk of left vagus nerve,nerve,chest,left,14820,29372
FJ3927,FMA50887,,Left abducens nerve,nerve,head,left,748,1146
FJ3928,FMA81015,,Trunk of left accessory nerve,nerve,head,left,4257,8018
FJ3929,FMA52733,,Ganglionic branch of left maxillary nerve to left pterygopalatine ganglion,nerve,head,left,171,322
FJ3930,FMA52942,,Left anterior superior alveolar nerve,nerve,head,left,965,1564
FJ3931,FMA80541,,Trunk of left auriculotemporal nerve,nerve,head,left,1987,3970
FJ3932,FMA50891,,Left vestibulocochlear nerve,nerve,head,left,859,1714
FJ3933,FMA53073,,Branch of left mandibular nerve to left otic ganglion,nerve,head,left,332,528
FJ3934,FMA53312,,Buccal branch of left facial nerve,nerve,head,left,2171,4284
FJ3935,FMA53068,,Left buccal nerve,nerve,head,left,1051,1992
FJ3936,FMA53399,,Cervical branch of left facial nerve,nerve,head,left,1540,2912
FJ3937,FMA52690,,Left external nasal nerve,nerve,head,midline,565,800
FJ3938,FMA65422,,Trunk of left facial nerve,nerve,head,left,2399,4790
FJ3939,FMA50894,,Left glossopharyngeal nerve,nerve,head,left,3689,7100
FJ3940,FMA52804,,Left greater palatine nerve,nerve,head,left,825,1088
FJ3941,FMA80483,,Trunk of left hypoglossal nerve,nerve,head,left,1195,1682
FJ3942,FMA80519,,Trunk of left inferior alveolar nerve,nerve,head,left,1283,2562
FJ3943,FMA52991,,External nasal branch of left infra-orbital nerve,nerve,head,left,521,1030
FJ3944,FMA52988,,Inferior palpebral branch of left infra-orbital nerve,nerve,head,left,398,608
FJ3945,FMA52993,,Internal nasal branch of left infra-orbital nerve,nerve,head,left,264,488
FJ3946,FMA52995,,Superior labial branch of left infra-orbital nerve,nerve,head,left,651,1294
FJ3947,FMA52687,,Internal nasal branch of left anterior ethmoidal nerve,nerve,head,midline,229,342
FJ3948,FMA52685,,Lateral internal nasal branch of left anterior ethmoidal nerve,nerve,head,midline,297,470
FJ3949,FMA80512,,Trunk of left lingual nerve,nerve,head,left,1262,2426
FJ3950,FMA82735,左睫状长神经,Left long ciliary nerve,nerve,head,left,230,360
FJ3951,FMA52998,,Left mandibular nerve,nerve,head,left,372,668
FJ3952,FMA53367,,Marginal mandibular branch of left facial nerve,nerve,head,left,2125,4052
FJ3953,FMA53105,,Left masseteric nerve,nerve,head,left,937,1664
FJ3954,FMA80595,,Trunk of left maxillary nerve,nerve,head,left,690,1360
FJ3955,FMA52730,,Left middle meningeal nerve,nerve,head,left,268,460
FJ3956,FMA53252,,Left mental nerve,nerve,head,left,911,1364
FJ3957,FMA52940,,Left middle superior alveolar nerve,nerve,head,left,713,1250
FJ3958,FMA80524,,Trunk of left mylohyoid nerve,nerve,head,left,995,1878
FJ3959,FMA52799,,Left nasopalatine nerve,nerve,head,midline,552,1028
FJ3960,FMA53058,,Left medial pterygoid nerve,nerve,head,left,571,914
FJ3961,FMA53110,,Left lateral pterygoid nerve,nerve,head,left,504,784
FJ3962,FMA80553,,Trunk of branch of left mandibular nerve to tensor tympani,nerve,head,left,573,734
FJ3963,FMA53077,,Nerve to left tensor veli palatini,nerve,head,left,224,380
FJ3964,FMA53287,,Occipital branch of left posterior auricular nerve,nerve,head,left,1921,3744
FJ3965,FMA52580,,Nerve to left ciliary ganglion,nerve,head,left,199,216
FJ3966,FMA52606,,Nerve to left inferior rectus,nerve,head,left,442,554
FJ3967,FMA52584,,Nerve to left superior rectus,nerve,head,left,248,330
FJ3968,FMA65426,,Trunk of left oculomotor nerve,nerve,head,midline,357,648
FJ3969,FMA52604,,Nerve to left inferior oblique,nerve,head,left,580,706
FJ3970,FMA52602,,Nerve to left medial rectus,nerve,head,left,303,288
FJ3971,FMA52774,,Orbital branch of left maxillary nerve to left orbitalis,nerve,head,left,285,546
FJ3972,FMA77524,,Pharyngeal nerve,nerve,head,left,659,1138
FJ3973,FMA80806,,Trunk of left posterior auricular nerve,nerve,head,left,1666,3328
FJ3974,FMA52825,,Left posterior inferior nasal nerve,nerve,head,left,885,1530
FJ3975,FMA52937,,Left posterior superior alveolar nerve,nerve,head,left,965,1686
FJ3976,FMA52784,,Left lateral posterior superior nasal nerve,nerve,head,left,442,744
FJ3977,FMA52596,,Nerve to left levator palpebrae superioris,nerve,head,left,222,344
FJ3978,FMA52787,,Left medial posterior superior nasal nerve,nerve,head,midline,508,798
FJ3979,FMA80828,,Trunk of temporal branch of left facial nerve,nerve,head,left,2789,5466
FJ3980,FMA65424,,Trunk of left trigeminal nerve,nerve,head,left,125,246
FJ3981,FMA50882,左滑车神经,Left trochlear nerve,nerve,head,midline,2604,4856
FJ3982,FMA80847,,Trunk of zygomatic branch of left facial nerve,nerve,head,left,2182,4126
FJ3983,FMA52969,,Left zygomatic nerve,nerve,head,left,1240,1880
FJ3984,FMA80511,,Trunk of right lingual nerve,nerve,head,right,1259,2378
FJ3985,FMA52997,,Right mandibular nerve,nerve,head,right,371,656
FJ3986,FMA53366,,Marginal mandibular branch of right facial nerve,nerve,head,right,2064,3952
FJ3987,FMA53104,,Right masseteric nerve,nerve,head,right,944,1632
FJ3988,FMA80594,,Trunk of right maxillary nerve,nerve,head,right,675,1336
FJ3989,FMA52729,,Right middle meningeal nerve,nerve,head,right,251,452
FJ3990,FMA53251,,Right mental nerve,nerve,head,right,887,1224
FJ3991,FMA52939,,Right middle superior alveolar nerve,nerve,head,right,691,1228
FJ3992,FMA80523,,Trunk of right mylohyoid nerve,nerve,head,right,965,1840
FJ3993,FMA52798,,Right nasopalatine nerve,nerve,head,midline,560,1008
FJ3994,FMA53057,,Right medial pterygoid nerve,nerve,head,right,553,896
FJ3995,FMA53109,,Right lateral pterygoid nerve,nerve,head,right,509,794
FJ3996,FMA80552,,Trunk of branch of right mandibular nerve to tensor tympani,nerve,head,right,565,712
FJ3997,FMA53076,,Nerve to right tensor veli palatini,nerve,head,right,217,374
FJ3998,FMA53286,,Occipital branch of right posterior auricular nerve,nerve,head,right,1885,3652
FJ3999,FMA52773,,Orbital branch of right maxillary nerve to right orbitalis,nerve,head,right,277,538
FJ4000,FMA77524,,Pharyngeal nerve,nerve,head,right,623,1118
FJ4001,FMA80805,,Trunk of right posterior auricular nerve,nerve,head,right,1625,3246
FJ4002,FMA52824,,Right posterior inferior nasal nerve,nerve,head,right,854,1500
FJ4003,FMA52936,,Right posterior superior alveolar nerve,nerve,head,right,972,1658
FJ4004,FMA52785,,Right lateral posterior superior nasal nerve,nerve,head,right,466,730
FJ4005,FMA52786,,Right medial posterior superior nasal nerve,nerve,head,midline,499,784
FJ4006,FMA52676,右筛前神经,Right anterior ethmoidal nerve,nerve,head,midline,539,1004
FJ4007,FMA52673,右鼻睫神经与睫状神经节交通支,Communicating branch of right nasociliary nerve with right ciliary ganglion,nerve,head,right,146,218
FJ4008,FMA52639,右额神经,Right frontal nerve,nerve,head,right,1316,2626
FJ4009,FMA52709,,Palpebral branch of right infratrochlear nerve,nerve,head,midline,376,448
FJ4010,FMA52629,右泪神经,Right lacrimal nerve,nerve,head,right,1047,1994
FJ4011,FMA52698,右滑车下神经,Right infratrochlear nerve,nerve,head,right,329,470
FJ4012,FMA223163,,Right olfactory tract,nerve,head,midline,668,1292
FJ4013,FMA52592,,Right olfactory nerve,nerve,head,midline,346,560
FJ4014,FMA52592,,Right olfactory nerve,nerve,head,midline,308,510
FJ4015,FMA52592,,Right olfactory nerve,nerve,head,midline,328,480
FJ4016,FMA52592,,Right olfactory nerve,nerve,head,midline,356,522
FJ4017,FMA52592,,Right olfactory nerve,nerve,head,midline,356,492
FJ4018,FMA52592,,Right olfactory nerve,nerve,head,midline,358,550
FJ4019,FMA52622,右眼神经,Right ophthalmic nerve,nerve,head,right,499,994
FJ4020,FMA52715,右筛后神经,Right posterior ethmoidal nerve,nerve,head,midline,267,432
FJ4021,FMA80694,,Trunk of right recurrent laryngeal nerve,nerve,head,right,1302,2596
FJ4022,FMA52656,右眶上神经,Right supra-orbital nerve,nerve,head,right,726,1356
FJ4023,FMA52643,右滑车上神经,Right supratrochlear nerve,nerve,head,right,1153,2202
FJ4024,FMA18151,,Trunk of right vagus nerve,nerve,chest,left,12608,24790
FJ4025,FMA81014,,Trunk of right accessory nerve,nerve,head,right,4151,7822
FJ4026,FMA52689,,Right external nasal nerve,nerve,head,midline,565,748
FJ4027,FMA80482,,Trunk of right hypoglossal nerve,nerve,head,right,2629,4878
FJ4028,FMA52686,,Internal nasal branch of right anterior ethmoidal nerve,nerve,head,midline,240,404
FJ4029,FMA52684,,Lateral internal nasal branch of right anterior ethmoidal nerve,nerve,head,midline,289,390
FJ4030,FMA52579,,Nerve to right ciliary ganglion,nerve,head,right,229,242
FJ4031,FMA52605,,Nerve to right inferior rectus,nerve,head,right,459,628
FJ4032,FMA52583,,Nerve to right superior rectus,nerve,head,right,232,324
FJ4033,FMA65425,,Trunk of right oculomotor nerve,nerve,head,midline,367,648
FJ4034,FMA65425,,Trunk of right oculomotor nerve,nerve,head,right,657,876
FJ4035,FMA52601,,Nerve to right medial rectus,nerve,head,right,331,358
FJ4037,FMA52595,,Nerve to right levator palpebrae superioris,nerve,head,right,195,304
FJ4038,FMA65423,,Trunk of right trigeminal nerve,nerve,head,right,124,244
FJ4039,FMA50881,右滑车神经,Right trochlear nerve,nerve,head,midline,2553,4826
FJ4040,FMA80827,,Trunk of temporal branch of right facial nerve,nerve,head,right,2733,5332
FJ4041,FMA80846,,Trunk of zygomatic branch of right facial nerve,nerve,head,right,2134,4026
FJ4042,FMA52968,,Right zygomatic nerve,nerve,head,right,1282,1924
FJ4156,FMA6201,,Pericardial branch of phrenic nerve,nerve,chest,right,367,442
FJ4157,FMA65387,,Trunk of left phrenic nerve,nerve,chest,left,605,1106
FJ4158,FMA65326,,Left anterior interosseous nerve,nerve,arms,left,314,404
FJ4159,FMA8922,,Anterior cutaneous branch of left first intercostal nerve,nerve,chest,midline,491,620
FJ4163,FMA6115,,Anterior cutaneous branch of left second intercostal nerve,nerve,chest,midline,358,446
FJ4171,FMA37074,,Left axillary nerve,nerve,chest,left,481,654
FJ4172,FMA37071,,Left radial nerve,nerve,arms,left,327,576
FJ4173,FMA65396,,Trunk of left great auricular nerve,nerve,head,left,801,1258
FJ4174,FMA85332,,Trunk of left first intercostal nerve,nerve,chest,left,481,774
FJ4178,FMA85334,,Trunk of left second intercostal nerve,nerve,chest,left,656,1132
FJ4185,FMA65908,,Left second intercostobrachial nerve,nerve,chest,left,1388,1568
FJ4197,FMA6752,,Lateral cutaneous branch of left first intercostal nerve,nerve,chest,left,771,1188
FJ4209,FMA8922,,Anterior cutaneous branch of left first intercostal nerve,nerve,chest,left,599,776
FJ4213,FMA6115,,Anterior cutaneous branch of left second intercostal nerve,nerve,chest,left,637,824
FJ4221,FMA65389,,Left lesser occipital nerve,nerve,head,left,1137,1262
FJ4222,FMA79667,,Trunk of left long thoracic nerve,nerve,chest,left,930,1560
FJ4223,FMA65295,,Left medial pectoral nerve,nerve,chest,left,1871,2300
FJ4224,FMA37068,,Left median nerve,nerve,chest,left,2246,4372
FJ4225,FMA37066,,Left musculocutaneous nerve,nerve,arms,left,1792,3264
FJ4226,FMA6201,,Pericardial branch of phrenic nerve,nerve,chest,left,364,408
FJ4240,FMA37071,,Left radial nerve,nerve,arms,left,2280,4474
FJ4241,FMA79671,,Trunk of left subclavian nerve,nerve,head,left,415,488
FJ4242,FMA65306,,Left superior subscapular nerve,nerve,chest,left,730,916
FJ4243,FMA37074,,Left axillary nerve,nerve,arms,left,310,360
FJ4244,FMA65416,,Left supraclavicular nerve,nerve,head,left,1689,1698
FJ4245,FMA7023,,Trunk of left first thoracic nerve,nerve,head,left,256,344
FJ4248,FMA7025,,Trunk of left second thoracic nerve,nerve,head,midline,256,440
FJ4256,FMA65292,,Left thoracodorsal nerve,nerve,chest,left,1472,2068
FJ4257,FMA55173,,Left transverse cervical nerve,nerve,head,left,761,854
FJ4258,FMA37321,,Left ulnar nerve,nerve,chest,left,2242,4406
FJ4260,FMA6442,,Left first cervical nerve,nerve,head,left,1188,2166
FJ4261,FMA7003,,Trunk of left second cervical nerve,nerve,head,left,649,1100
FJ4262,FMA7005,,Trunk of left third cervical nerve,nerve,head,left,804,1364
FJ4263,FMA7007,,Trunk of left fourth cervical nerve,nerve,head,left,571,934
FJ4264,FMA24105,,Trunk of left fifth cervical nerve,nerve,head,left,1005,1926
FJ4265,FMA7011,,Trunk of left sixth cervical nerve,nerve,head,left,621,1106
FJ4266,FMA7013,,Trunk of left seventh cervical nerve,nerve,head,left,525,956
FJ4267,FMA7015,,Trunk of left eighth cervical nerve,nerve,head,left,559,970
FJ4268,FMA44997,,Medial dorsal digital branch of left radial nerve to left middle finger,nerve,arms,left,587,782
FJ4269,FMA44977,,First dorsal digital branch of radial nerve,nerve,arms,left,418,644
FJ4270,FMA44979,,First dorsal digital branch of left radial nerve,nerve,arms,left,1020,1314
FJ4271,FMA44986,,Dorsal digital branch of left radial nerve to medial side of left index finger,nerve,legs,left,390,466
FJ4272,FMA55150,,Inferior root of left ansa cervicalis,nerve,head,left,1037,2070
FJ4273,FMA65364,,Inferior trunk of left brachial nerve plexus,nerve,head,left,258,330
FJ4274,FMA45239,,Lateral cord of left brachial nerve plexus,nerve,head,left,209,348
FJ4275,FMA45241,,Medial cord of left brachial nerve plexus,nerve,head,left,913,1708
FJ4276,FMA65366,,Middle trunk of left brachial nerve plexus,nerve,head,left,227,350
FJ4278,FMA44984,,Lateral dorsal digital branch of radial nerve to index finger,nerve,arms,left,383,604
FJ4279,FMA65387,,Trunk of left phrenic nerve,nerve,chest,left,746,716
FJ4280,FMA45243,,Posterior cord of left brachial nerve plexus,nerve,head,left,567,1130
FJ4281,FMA65338,,Lateral proper palmar digital branch of left median nerve to left thumb,nerve,arms,left,536,670
FJ4282,FMA65344,,Medial proper palmar digital branch of left median nerve to left index finger,nerve,arms,left,635,762
FJ4283,FMA65348,,Medial proper palmar digital branch of left median nerve to left middle finger,nerve,arms,left,610,668
FJ4284,FMA65342,,Lateral proper palmar digital branch of left median nerve to left index finger,nerve,arms,left,488,640
FJ4285,FMA44867,,Lateral proper palmar digital branch of median nerve to middle finger,nerve,legs,left,422,516
FJ4286,FMA44871,,Lateral proper palmar digital branch of left median nerve to left ring finger,nerve,legs,left,608,694
FJ4287,FMA65340,,Medial proper palmar digital branch of left median nerve to left thumb,nerve,arms,left,315,366
FJ4289,FMA55148,,Superior root of left ansa cervicalis,nerve,head,left,1594,3178
FJ4290,FMA65362,,Superior trunk of left brachial nerve plexus,nerve,head,left,256,428
FJ4291,FMA75533,,Set of phrenico-abdominal branches of phrenic nerve,nerve,chest,right,681,632
FJ4425,FMA52590,,Cauda equina,nerve,abdomen,midline,8676,6716
FJ4426,FMA242005,,Neural tissue of spinal cord,nerve,chest,midline,8581,9952
FJ4473,FMA46600,,Left thyro-arytenoid proper,muscle,head,midline,3622,6092
FJ4502,FMA46599,,Right thyro-arytenoid proper,muscle,head,midline,3537,6092
FJ4526,FMA14539,,Cystic duct,digestive,chest,right,156,278
FJ4537,FMA70452,,Lateral superior segmental hepatic artery,artery,chest,left,459,658
FJ4541,FMA15804,肝左静脉外侧下段支,Lateral inferior segmental tributary of left hepatic vein,vein,chest,left,196,350
FJ4548,FMA70449,,Medial superior segmental hepatic artery,artery,chest,right,489,612
FJ4556,FMA70445,,Posterior superior segmental hepatic artery,artery,chest,right,1028,1616
FJ4557,FMA70445,,Posterior superior segmental hepatic artery,artery,chest,right,633,814
FJ4563,FMA15425,肝门静脉左支尾状叶支,Caudate lobe branch of left portal vein,vein,chest,midline,333,546
FJ4643,FMA59805,左舌下腺,Left sublingual gland,digestive,head,left,144,230
FJ4649,FMA16549,,Mesoappendix,digestive,abdomen,right,813,1388
FJ4650,FMA14643,,Mesentery of small intestine,digestive,abdomen,midline,56931,38274
FJ4651,FMA19757,,Posterior part of abdominal peritoneum,digestive,abdomen,midline,1366,1484
FJ4654,FMA50994,,Right great cerebral vein,vein,head,midline,247,490
FJ4679,FMA50986,,Inferior cerebral vein,vein,head,right,832,1660
FJ4680,FMA51307,,Right anterior cerebral vein,vein,head,midline,260,418
FJ4681,FMA51307,,Right anterior cerebral vein,vein,head,midline,92,74
FJ4682,FMA51307,,Right anterior cerebral vein,vein,head,midline,227,226
FJ4683,FMA51307,,Right anterior cerebral vein,vein,head,midline,234,246
FJ4684,FMA51307,,Right anterior cerebral vein,vein,head,midline,209,274
FJ4685,FMA51307,,Right anterior cerebral vein,vein,head,midline,171,200
FJ4686,FMA50986,,Inferior cerebral vein,vein,head,right,240,456
FJ4687,FMA71578,,Set of inferior veins of cerebellar hemisphere,vein,head,right,441,600
FJ4688,FMA71578,,Set of inferior veins of cerebellar hemisphere,vein,head,midline,311,334
FJ4689,FMA71578,,Set of inferior veins of cerebellar hemisphere,vein,head,right,876,760
FJ4690,FMA51004,,Right internal cerebral vein,vein,head,midline,291,442
FJ4691,FMA51378,,Right interpeduncular vein,vein,head,midline,351,330
FJ4692,FMA51378,,Right interpeduncular vein,vein,head,midline,123,84
FJ4693,FMA71571,,Set of lateral direct veins of lateral ventricle,vein,head,midline,386,364
FJ4694,FMA50978,,Superior cerebral vein,vein,head,right,756,1004
FJ4695,FMA51240,,Right superior anastomotic vein,vein,head,right,4724,8226
FJ4696,FMA50978,,Superior cerebral vein,vein,head,midline,2865,3770
FJ4697,FMA50978,,Superior cerebral vein,vein,head,midline,2331,3372
FJ4698,FMA52452,,Right superior cerebellar vein,vein,head,right,234,270
FJ4699,FMA52452,,Right superior cerebellar vein,vein,head,right,138,130
FJ4700,FMA52452,,Right superior cerebellar vein,vein,head,right,296,322
FJ4701,FMA51400,,Right transverse medullary vein,vein,head,midline,312,322
FJ4702,FMA51355,,Right transverse pontine vein,vein,head,midline,381,354
FJ4704,FMA50784,,Sinus confluence,vein,head,midline,656,1308
FJ4705,FMA50769,,Straight sinus,vein,head,midline,654,1304
FJ4706,FMA50169,,Anterior communicating artery,artery,head,midline,79,74
FJ4707,FMA50774,,Anterior intercavernous sinus,vein,head,midline,278,420
FJ4708,FMA51390,,Anteromedian medullary vein,vein,head,midline,201,296
FJ4709,FMA51346,,Anteromedian pontine vein,vein,head,midline,201,234
FJ4712,FMA50341,,Right distal medial striate artery,artery,head,midline,498,438
FJ4713,FMA85529,,Artery of right pterygoid canal,artery,head,right,447,778
FJ4714,FMA50783,,Basilar venous plexus,vein,head,midline,3424,3510
FJ4715,FMA69316,,Trunk of brachiocephalic artery,artery,chest,midline,217,430
FJ4716,FMA50768,,Inferior sagittal sinus,vein,head,midline,1687,2346
FJ4717,FMA51231,,Inferior vein of vermis,vein,head,midline,341,600
FJ4718,FMA50856,,Right jugular venous arch,vein,head,midline,631,1256
FJ4770,FMA76156,,Trunk of artery of left precentral sulcus,artery,head,midline,2250,4380
FJ4873,FMA76135,,Trunk of middle temporal branch of left middle cerebral artery,artery,head,left,2194,4362
FJ4977,FMA50169,,Anterior communicating artery,artery,head,midline,299,248
FJ4978,FMA49575,,Nasal septal branch of right superior labial artery,artery,head,midline,226,174
FJ4979,FMA50775,,Posterior intercavernous sinus,vein,head,midline,399,556
FJ4980,FMA51394,,Posteromedian medullary vein,vein,head,midline,114,148
FJ4981,FMA50532,右脊髓前动脉,Right anterior spinal artery,artery,head,midline,243,338
FJ4982,FMA50383,右前颞动脉,Right anterior temporal artery,artery,head,right,1249,1388
FJ4983,FMA14297,,Right anterior vertebral vein,vein,head,right,1166,2180
FJ4984,FMA66647,,Trunk of right brachiocephalic vein,vein,chest,right,4284,8564
FJ4985,FMA51884,,Right central retinal vein,vein,head,right,293,400
FJ4986,FMA69325,,Trunk of right common carotid artery,artery,head,right,1755,3506
FJ4987,FMA4760,,Right deep cervical vein,vein,head,right,1609,3210
FJ4988,FMA51311,,Right deep middle cerebral vein,vein,head,right,445,862
FJ4989,FMA66531,,Trunk of right external carotid artery,artery,head,right,643,1282
FJ4990,FMA50876,,Right facial vein,vein,head,right,2286,4498
FJ4991,FMA70847,,Set of inferior palpebral veins,vein,head,right,792,996
FJ4992,FMA51250,,Right inferior ophthalmic vein,vein,head,right,688,1346
FJ4993,FMA75866,,Trunk of right internal carotid artery,artery,head,right,417,792
FJ4994,FMA51902,,Right lacrimal vein,vein,head,right,332,498
FJ4995,FMA51016,,Lateral vein of right lateral ventricle,vein,head,right,206,374
FJ4996,FMA52565,,Right lingual vein,vein,head,right,821,1632
FJ4997,FMA52005,,Right mastoid emissary vein,vein,head,right,504,986
FJ4998,FMA51018,,Medial vein of right lateral ventricle,vein,head,right,468,918
FJ4999,FMA50824,,Right middle thyroid vein,vein,head,right,529,574
FJ5000,FMA51882,,Right nasofrontal vein,vein,head,right,251,438
FJ5001,FMA52003,,Right parietal emissary vein,vein,head,right,521,1016
FJ5002,FMA50852,,Right posterior auricular vein,vein,head,right,3044,5912
FJ5003,FMA86070,,Trunk of right posterior inferior cerebellar artery,artery,head,right,668,796
FJ5004,FMA51123,,Right pterygoid plexus,vein,head,right,1929,3554
FJ5005,FMA51293,,Right sigmoid sinus,vein,head,right,987,1962
FJ5006,FMA82595,,Trunk proper of right subclavian artery,artery,head,right,655,1304
FJ5007,FMA51240,,Right superior anastomotic vein,vein,head,right,458,812
FJ5008,FMA50816,,Superior bulb of right internal jugular vein,vein,head,right,90,174
FJ5009,FMA50908,,Right superior palpebral vein,vein,head,right,835,1130
FJ5010,FMA51248,,Right superior ophthalmic vein,vein,head,right,715,1418
FJ5011,FMA66472,,Trunk of right superior thyroid artery,artery,head,right,335,666
FJ5012,FMA50905,,Right supra-orbital vein,vein,head,right,1189,2342
FJ5013,FMA50900,,Right supratrochlear vein,vein,head,right,1121,2140
FJ5014,FMA50861,,Right transverse cervical vein,vein,head,right,652,1240
FJ5015,FMA76261,,Trunk of right vertebral artery,artery,head,right,640,1096
FJ5016,FMA4756,,Right vertebral vein,vein,head,right,741,1406
FJ5017,FMA50351,右胼缘动脉内侧中间支,Intermediomedial branch of right callosomarginal artery,artery,head,midline,491,874
FJ5018,FMA50483,右中央后沟动脉,Artery of right postcentral sulcus,artery,head,right,938,1854
FJ5019,FMA49584,,Right angular artery,artery,head,midline,580,678
FJ5020,FMA50895,,Right angular vein,vein,head,right,662,1282
FJ5021,FMA50029,右大脑前动脉,Right anterior cerebral artery,artery,head,midline,250,448
FJ5022,FMA76254,,Trunk of right anterior choroidal artery,artery,head,right,1061,1850
FJ5023,FMA79529,,Trunk of right anterior deep temporal artery,artery,head,right,1584,3028
FJ5024,FMA49489,,Anterior glandular branch of right superior thyroid artery,artery,head,right,424,398
FJ5025,FMA13319,,Right anterior jugular vein,vein,head,right,1957,3902
FJ5026,FMA50377,右大脑中动脉前外侧中央支,Anterolateral central branch of right middle cerebral artery,artery,head,midline,720,666
FJ5027,FMA50369,右大脑中动脉岛叶段,Insular part of right middle cerebral artery,artery,head,right,282,558
FJ5028,FMA86134,,Trunk of right lateral occipital artery,artery,head,right,1406,2320
FJ5029,FMA49693,,Right anterior tympanic artery,artery,head,right,579,1054
FJ5030,FMA51012,,Anterior vein of right septum pellucidum,vein,head,midline,361,452
FJ5031,FMA50377,右大脑中动脉前外侧中央支,Anterolateral central branch of right middle cerebral artery,artery,head,right,1764,1716
FJ5032,FMA50377,右大脑中动脉前外侧中央支,Anterolateral central branch of right middle cerebral artery,artery,head,right,428,374
FJ5033,FMA51637,,Right anterolateral medullary vein,vein,head,midline,519,642
FJ5034,FMA51635,,Right anterolateral pontine vein,vein,head,right,604,744
FJ5035,FMA50349,,Anteromedial frontal branch of right callosomarginal artery,artery,head,midline,1005,1866
FJ5036,FMA77439,,Artery of central sulcus,artery,head,right,1116,2168
FJ5036M,FMA77439,,Artery of central sulcus,artery,head,left,1120,2168
FJ5037,FMA77439,,Artery of central sulcus,artery,head,right,1216,2312
FJ5038,FMA50483,右中央后沟动脉,Artery of right postcentral sulcus,artery,head,right,645,1266
FJ5039,FMA50480,右中央前沟动脉,Artery of right precentral sulcus,artery,head,right,1173,2314
FJ5040,FMA50480,右中央前沟动脉,Artery of right precentral sulcus,artery,head,right,433,840
FJ5041,FMA50480,右中央前沟动脉,Artery of right precentral sulcus,artery,head,right,335,588
FJ5042,FMA50361,右胼周动脉楔前叶支,Precuneal branch of right pericallosal artery,artery,head,midline,763,1012
FJ5043,FMA76062,,Trunk of right anterior cerebral artery,artery,head,midline,131,124
FJ5044,FMA66509,,Trunk of right ascending cervical artery,artery,head,right,1341,2660
FJ5045,FMA49498,,Right ascending pharyngeal artery,artery,head,right,713,1404
FJ5046,FMA50991,,Right basal vein,vein,head,midline,825,1646
FJ5047,FMA50476,右大脑中动脉角回支,Branch of right middle cerebral artery to right angular gyrus,artery,head,right,655,1170
FJ5048,FMA71693,,Set of branches of cavernous part of internal carotid artery to nerves,artery,head,right,178,206
FJ5053,FMA50138,,Branch of right anterior choroidal artery to right optic tract,artery,head,right,365,310
FJ5056,FMA79538,,Trunk of right buccal artery,artery,head,right,514,622
FJ5059,FMA50798,,Portal vein of hypophysis,vein,head,midline,437,402
FJ5061,FMA50099,,Right carotid sinus,artery,head,right,76,124
FJ5062,FMA51393,,Dorsal medullary vein,vein,head,midline,321,338
FJ5063,FMA49822,,Cavernous branch of right internal carotid artery,artery,head,right,166,214
FJ5064,FMA51402,,Right cavernous sinus,vein,head,right,825,1646
FJ5065,FMA49880,,Right central retinal artery,artery,head,right,330,412
FJ5066,FMA50412,,Chiasmatic branch of right posterior communicating artery,artery,head,midline,174,170
FJ5067,FMA50131,,Branch of right anterior choroidal artery to right lateral ventricle,artery,head,right,577,644
FJ5068,FMA76079,,Trunk of right callosomarginal artery,artery,head,midline,322,310
FJ5069,FMA50641,右大脑后动脉交通后段,Postcommunicating part of right posterior cerebral artery,artery,head,midline,137,250
FJ5070,FMA75908,,Trunk of clivus branch of right internal carotid artery,artery,head,midline,326,332
FJ5071,FMA50666,,Right collicular artery,artery,head,right,343,490
FJ5072,FMA49484,,Right cricothyroid artery,artery,head,midline,159,254
FJ5073,FMA49690,,Right deep auricular artery,artery,head,right,543,872
FJ5074,FMA49535,,Third part of right lingual artery,artery,head,midline,276,308
FJ5075,FMA50831,,Right deep lingual vein,vein,head,midline,333,488
FJ5076,FMA49709,,Dental branch of right inferior alveolar artery,artery,head,right,944,1588
FJ5077,FMA49762,,Dental branch of right posterior superior alveolar artery,artery,head,right,231,408
FJ5078,FMA79568,,Trunk of right descending palatine artery,artery,head,midline,326,626
FJ5079,FMA50684,右胝体压部动脉,Right splenial artery,artery,head,midline,641,1260
FJ5080,FMA50001,,Right dorsal nasal artery,artery,head,right,775,988
FJ5081,FMA51393,,Dorsal medullary vein,vein,head,midline,464,390
FJ5082,FMA13111,,Right external jugular vein,vein,head,right,2176,4348
FJ5083,FMA50911,,Right external nasal vein,vein,head,midline,384,532
FJ5084,FMA66450,,Trunk of right facial artery,artery,head,right,1085,2132
FJ5085,FMA49673,,Frontal branch of right superficial temporal artery,artery,head,right,534,928
FJ5086,FMA49731,,Frontal branch of right middle meningeal artery,artery,head,right,4145,8038
FJ5087,FMA79572,,Trunk of right greater palatine artery,artery,head,midline,971,778
FJ5088,FMA50428,右后交通动脉下丘脑支,Hypothalamic branch of right posterior communicating artery,artery,head,midline,295,278
FJ5089,FMA49696,,Right inferior alveolar artery,artery,head,right,1499,2994
FJ5090,FMA51242,,Right inferior anastomotic vein,vein,head,right,1184,2306
FJ5091,FMA51242,,Right inferior anastomotic vein,vein,head,right,319,618
FJ5092,FMA50820,,Inferior bulb of right internal jugular vein,vein,head,right,342,680
FJ5093,FMA51001,,Right inferior choroid vein,vein,head,right,234,320
FJ5094,FMA75898,,Trunk of right inferior hypophyseal artery,artery,head,midline,203,298
FJ5095,FMA49568,,Right inferior labial artery,artery,head,right,442,656
FJ5096,FMA52542,,Right inferior labial vein,vein,head,right,827,1496
FJ5097,FMA50021,,Right inferior palpebral arch,artery,head,right,308,286
FJ5098,FMA51291,,Right inferior petrosal sinus,vein,head,right,312,600
FJ5099,FMA4757,,Right inferior thyroid vein,vein,head,midline,3311,6176
FJ5100,FMA49508,,Right inferior tympanic artery,artery,head,right,307,420
FJ5101,FMA51231,,Inferior vein of vermis,vein,head,midline,1107,1044
FJ5102,FMA79551,,Trunk of right infra-orbital artery,artery,head,right,348,564
FJ5103,FMA49475,,Right infrahyoid artery,artery,head,midline,255,442
FJ5104,FMA86134,,Trunk of right lateral occipital artery,artery,head,right,806,1386
FJ5105,FMA50818,,Right internal jugular vein proper,vein,head,right,777,1550
FJ5106,FMA49928,,Right lacrimal artery,artery,head,right,517,594
FJ5107,FMA50578,右小脑上动脉外侧支,Lateral branch of right superior cerebellar artery,artery,head,right,714,736
FJ5108,FMA50568,右脑桥动脉外侧支,Lateral branch of right pontine artery,artery,head,midline,515,558
FJ5110,FMA76149,,Trunk of right lateral frontobasal artery,artery,head,right,976,1746
FJ5111,FMA50443,右额底外侧动脉,Right lateral frontobasal artery,artery,head,right,251,396
FJ5112,FMA49495,,Lateral glandular branch of right superior thyroid artery,artery,head,right,272,262
FJ5113,FMA49581,,Right lateral nasal artery,artery,head,right,306,360
FJ5114,FMA50690,,Right calcarine artery,artery,head,midline,1131,2052
FJ5115,FMA49941,,Right lateral palpebral artery,artery,head,right,1027,1168
FJ5116,FMA49802,,Right lesser palatine artery,artery,head,right,623,644
FJ5117,FMA66447,,Trunk of right lingual artery,artery,head,right,345,654
FJ5118,FMA49957,,Right long posterior ciliary artery,artery,head,right,542,744
FJ5119,FMA50449,,Right mammillary artery,nerve,head,midline,133,124
FJ5120,FMA52210,,Right marginal sinus,vein,head,right,642,962
FJ5121,FMA79525,,Trunk of right masseteric artery,artery,head,right,599,688
FJ5122,FMA66456,,Trunk of right maxillary artery,artery,head,right,438,852
FJ5123,FMA77908,,Trunk of right maxillary vein,vein,head,right,701,1398
FJ5124,FMA86079,,Trunk of medial branch of right superior cerebellar artery,artery,head,right,342,354
FJ5125,FMA50566,右脑桥动脉内侧支,Medial branch of right pontine artery,artery,head,midline,328,356
FJ5126,FMA50343,右额底内侧动脉,Right medial frontobasal artery,artery,head,midline,400,494
FJ5128,FMA50013,,Right medial palpebral artery,artery,head,right,1499,1710
FJ5129,FMA50174,,Median commissural artery,artery,head,midline,629,454
FJ5130,FMA75886,,Trunk of meningeal branch of cavernous part of right internal carotid artery,artery,head,right,281,308
FJ5131,FMA49705,,Right mental artery,artery,head,right,1085,1258
FJ5132,FMA50366,右大脑中动脉蝶段,Sphenoid part of right middle cerebral artery,artery,head,right,207,402
FJ5133,FMA79494,,Trunk of right middle meningeal artery,artery,head,right,147,234
FJ5134,FMA61991,,Trunk of right middle cerebral artery,artery,head,right,704,818
FJ5135,FMA50369,右大脑中动脉岛叶段,Insular part of right middle cerebral artery,artery,head,right,1593,3170
FJ5136,FMA50936,,Right middle temporal vein,vein,head,right,3719,7026
FJ5137,FMA79455,,Trunk of right middle temporal artery,artery,head,right,1817,2886
FJ5138,FMA49703,,Right mylohyoid artery,artery,head,right,1357,2578
FJ5139,FMA66453,,Trunk of right occipital artery,artery,head,right,2531,3718
FJ5140,FMA50781,,Occipital sinus,vein,head,right,1010,2016
FJ5141,FMA52113,,Right occipital diploic vein,vein,head,right,3725,7446
FJ5142,FMA50692,,Occipitotemporal branch of right medial occipital artery,artery,head,right,761,1396
FJ5143,FMA70525,,Trunk of right ophthalmic artery,artery,head,right,595,790
FJ5144,FMA49729,,Orbital branch of right middle meningeal artery,artery,head,right,667,1268
FJ5148,FMA49671,,Parietal branch of right superficial temporal artery,artery,head,right,1911,3106
FJ5149,FMA49727,,Parietal branch of right middle meningeal artery,artery,head,right,4718,9052
FJ5150,FMA50686,,Parietal branch of right medial occipital artery,artery,head,midline,335,492
FJ5151,FMA76098,,Trunk of rightpericallosal artery,artery,head,midline,856,860
FJ5152,FMA4943,,Pericardial vein,vein,chest,left,3099,5528
FJ5153,FMA49765,,Peridental branch of right posterior superior alveolar artery,artery,head,right,273,452
FJ5154,FMA50822,,Pharyngeal venous plexus,vein,head,right,4051,5932
FJ5155,FMA50846,,Right pharyngeal vein,vein,head,right,641,1264
FJ5156,FMA76076,,Trunk of right polar frontal artery,artery,head,midline,550,1060
FJ5157,FMA76113,,Trunk of right polar temporal artery,artery,head,right,269,360
FJ5158,FMA50798,,Portal vein of hypophysis,vein,head,midline,78,66
FJ5160,FMA49625,,Right posterior auricular artery,artery,head,right,1335,2264
FJ5161,FMA50641,右大脑后动脉交通后段,Postcommunicating part of right posterior cerebral artery,artery,head,midline,1013,2022
FJ5162,FMA50085,右后交通动脉,Right posterior communicating artery,artery,head,midline,122,204
FJ5163,FMA49492,,Posterior glandular branch of right superior thyroid artery,artery,head,right,205,304
FJ5164,FMA79585,,Trunk of right posterior lateral nasal artery,artery,head,midline,1286,1498
FJ5166,FMA49504,,Right posterior meningeal artery,artery,head,right,240,342
FJ5167,FMA50489,右后顶动脉,Right posterior parietal artery,artery,head,right,962,1240
FJ5168,FMA79588,,Trunk of posterior septal branch of right sphenopalatine artery,artery,head,midline,234,356
FJ5169,FMA49758,,Right posterior superior alveolar artery,artery,head,right,193,308
FJ5170,FMA79532,,Trunk of right posterior deep temporal artery,artery,head,right,1143,1456
FJ5171,FMA50369,右大脑中动脉岛叶段,Insular part of right middle cerebral artery,artery,head,right,249,440
FJ5172,FMA50692,,Occipitotemporal branch of right medial occipital artery,artery,head,right,896,1580
FJ5174,FMA51020,,Posterior vein of right septum pellucidum,vein,head,midline,188,218
FJ5175,FMA50668,,Posterolateral central branch of right posterior cerebral artery,artery,head,midline,495,516
FJ5176,FMA51393,,Dorsal medullary vein,vein,head,midline,266,300
FJ5177,FMA51234,,Precentral cerebellar vein,vein,head,midline,294,388
FJ5178,FMA50639,右大脑后动脉交通前段,Precommunicating part of right posterior cerebral artery,artery,head,midline,141,268
FJ5179,FMA50445,右额前动脉,Right prefrontal artery,artery,head,right,1535,2812
FJ5180,FMA50315,,Right proximal medial striate artery,artery,head,midline,972,990
FJ5181,FMA79522,,Trunk of right pterygomeningeal artery,artery,head,right,1825,3232
FJ5182,FMA75971,,Trunk of recurrent meningeal branch of right lacrimal artery,artery,head,right,385,498
FJ5183,FMA50929,,Right retromandibular vein,vein,head,right,2182,4360
FJ5184,FMA79581,,Trunk of right sphenopalatine artery,artery,head,midline,199,358
FJ5186,FMA51404,,Right sphenoparietal sinus,vein,head,right,466,550
FJ5187,FMA50814,,Right sternocleidomastoid vein,vein,head,right,345,420
FJ5188,FMA49629,,Right stylomastoid artery,artery,head,right,522,578
FJ5189,FMA66650,,Trunk of right subclavian vein,vein,head,right,290,576
FJ5190,FMA49544,,Right sublingual artery,artery,head,midline,366,310
FJ5191,FMA50837,,Right sublingual vein,vein,head,midline,544,688
FJ5192,FMA49562,,Right submental artery,artery,head,right,587,616
FJ5193,FMA50926,,Right submental vein,vein,head,right,793,1352
FJ5194,FMA50984,,Right superficial middle cerebral vein,vein,head,right,1618,3166
FJ5195,FMA50984,,Right superficial middle cerebral vein,vein,head,right,387,488
FJ5196,FMA50984,,Right superficial middle cerebral vein,vein,head,right,386,418
FJ5197,FMA79429,,Trunk of right superficial temporal artery,artery,head,right,1276,2056
FJ5198,FMA50933,,Right superficial temporal vein,vein,head,right,7819,14932
FJ5199,FMA86076,,Trunk of right superior cerebellar artery,artery,head,midline,251,468
FJ5200,FMA51330,,Right superior choroid vein,vein,head,right,330,406
FJ5201,FMA49850,,Right superior hypophyseal artery,artery,head,midline,614,534
FJ5202,FMA49571,,Right superior labial artery,artery,head,right,644,748
FJ5203,FMA52539,,Right superior labial vein,vein,head,right,587,870
FJ5204,FMA49481,,Right superior laryngeal artery,artery,head,midline,352,582
FJ5205,FMA50812,,Right superior laryngeal vein,vein,head,right,471,668
FJ5206,FMA50023,,Right superior palpebral arch,artery,head,right,338,314
FJ5207,FMA51289,,Right superior petrosal sinus,vein,head,right,697,1386
FJ5209,FMA79516,,Trunk of right superior tympanic artery,artery,head,right,436,852
FJ5210,FMA51230,,Superior vein of vermis,vein,head,midline,376,560
FJ5211,FMA51230,,Superior vein of vermis,vein,head,midline,315,230
FJ5212,FMA49974,,Right supra-orbital artery,artery,head,right,273,380
FJ5213,FMA50026,,Right supratrochlear artery,artery,head,right,340,496
FJ5214,FMA50473,右大脑中动脉颞枕支,Temporo-occipital branch of right middle cerebral artery,artery,head,right,1307,1682
FJ5215,FMA75911,,Trunk of tentorial basal branch of right internal carotid artery,artery,head,right,470,508
FJ5216,FMA75914,,Trunk of tentorial marginal branch of right internal carotid artery,artery,head,midline,451,538
FJ5217,FMA50670,右丘脑膝状体动脉,Right thalamogeniculate artery,artery,head,midline,1148,1524
FJ5218,FMA50664,右丘脑穿通动脉,Right thalamoperforating artery,artery,head,right,352,362
FJ5219,FMA50999,,Right superior thalamostriate vein,vein,head,midline,272,314
FJ5220,FMA50425,,Right thalamotuberal artery,artery,head,midline,333,344
FJ5221,FMA4747,,Thymic vein,vein,chest,midline,885,1460
FJ5222,FMA50764,,Right transverse sinus,vein,head,right,1443,2882
FJ5223,FMA76193,,Trunk of right uncal artery,artery,head,right,219,230
FJ5224,FMA50519,右小脑后下动脉,Right posterior inferior cerebellar artery,artery,head,right,356,240
FJ5225,FMA50519,右小脑后下动脉,Right posterior inferior cerebellar artery,artery,head,midline,348,224
FJ5226,FMA50519,右小脑后下动脉,Right posterior inferior cerebellar artery,artery,head,right,261,286
FJ5227,FMA50519,右小脑后下动脉,Right posterior inferior cerebellar artery,artery,head,right,277,322
FJ5228,FMA50519,右小脑后下动脉,Right posterior inferior cerebellar artery,artery,head,midline,122,84
FJ5229,FMA50519,右小脑后下动脉,Right posterior inferior cerebellar artery,artery,head,right,212,166
FJ5230,FMA50519,右小脑后下动脉,Right posterior inferior cerebellar artery,artery,head,right,821,736
FJ5231,FMA50808,,Right superior thyroid vein,vein,head,right,1884,3022
FJ5232,FMA50767,,Superior sagittal sinus,vein,head,midline,6383,12762
FJ5234,FMA51014,,Vein of right caudate nucleus,vein,head,midline,472,608
FJ5796,FMA70442,,Anterior superior segmental hepatic artery,artery,chest,right,654,1296
FJ5812,FMA71889,左肝胆道树尾状叶支,Caudate lobe tributary of left hepatic biliary tree,nerve,chest,midline,328,554
FJ5816,FMA15804,肝左静脉外侧下段支,Lateral inferior segmental tributary of left hepatic vein,vein,chest,left,274,516
FJ5819,FMA71886,肝左内下段胆管支,Medial inferior tributary of left hepatic biliary tree,bone,chest,midline,469,812
FJ5826,FMA70446,,Posterior inferior segmental hepatic artery,artery,chest,right,558,1014
FJ5951,FMA68140,,Left posterior basal segmental bronchial artery,artery,chest,left,876,1748
FJ5952,FMA68139,,Left lateral basal segmental bronchial artery,artery,chest,left,86,100
FJ5953,FMA68138,,Left anterior basal segmental bronchial artery,artery,chest,left,1270,2400
FJ5954,FMA68137,,Left medial basal segmental bronchial artery,artery,chest,left,691,1274
FJ5955,FMA68137,,Left medial basal segmental bronchial artery,artery,chest,left,280,462
FJ5956,FMA68138,,Left anterior basal segmental bronchial artery,artery,chest,left,111,138
FJ5957,FMA68138,,Left anterior basal segmental bronchial artery,artery,chest,left,81,104
FJ5958,FMA68135,,Left superior segmental bronchial artery,artery,chest,left,347,590
FJ5959,FMA68135,,Left superior segmental bronchial artery,artery,chest,left,70,70
FJ5960,FMA68135,,Left superior segmental bronchial artery,artery,chest,left,100,138
FJ5961,FMA68135,,Left superior segmental bronchial artery,artery,chest,left,224,418
FJ5962,FMA68140,,Left posterior basal segmental bronchial artery,artery,chest,left,119,150
FJ5963,FMA68135,,Left superior segmental bronchial artery,artery,chest,left,92,134
FJ5964,FMA68135,,Left superior segmental bronchial artery,artery,chest,left,243,416
FJ5965,FMA68135,,Left superior segmental bronchial artery,artery,chest,left,96,136
FJ5966,FMA68134,,Inferior lingular bronchial artery,artery,chest,left,1128,2100
FJ5967,FMA68134,,Inferior lingular bronchial artery,artery,chest,left,213,394
FJ5968,FMA68133,,Superior lingular bronchial artery,artery,chest,left,603,1084
FJ5969,FMA68133,,Superior lingular bronchial artery,artery,chest,left,96,126
FJ5970,FMA68133,,Superior lingular bronchial artery,artery,chest,left,173,330
FJ5971,FMA68133,,Superior lingular bronchial artery,artery,chest,left,88,144
FJ5972,FMA68131,,Left anterior segmental bronchial artery,artery,chest,left,395,692
FJ5973,FMA68140,,Left posterior basal segmental bronchial artery,artery,chest,left,344,618
FJ5974,FMA68131,,Left anterior segmental bronchial artery,artery,chest,left,138,230
FJ5975,FMA68131,,Left anterior segmental bronchial artery,artery,chest,left,133,250
FJ5976,FMA68131,,Left anterior segmental bronchial artery,artery,chest,left,543,1010
FJ5977,FMA68131,,Left anterior segmental bronchial artery,artery,chest,left,136,194
FJ5978,FMA68131,,Left anterior segmental bronchial artery,artery,chest,left,441,794
FJ5979,FMA68131,,Left anterior segmental bronchial artery,artery,chest,left,93,120
FJ5980,FMA68131,,Left anterior segmental bronchial artery,artery,chest,left,138,212
FJ5981,FMA13281,,Apicoposterior segmental artery,artery,chest,left,186,322
FJ5982,FMA13281,,Apicoposterior segmental artery,artery,chest,left,145,248
FJ5983,FMA13281,,Apicoposterior segmental artery,artery,chest,left,112,164
FJ5984,FMA68140,,Left posterior basal segmental bronchial artery,artery,chest,left,78,92
FJ5985,FMA13281,,Apicoposterior segmental artery,artery,chest,left,233,422
FJ5986,FMA13281,,Apicoposterior segmental artery,artery,chest,left,115,162
FJ5987,FMA13281,,Apicoposterior segmental artery,artery,head,left,132,202
FJ5988,FMA13281,,Apicoposterior segmental artery,artery,chest,left,132,220
FJ5989,FMA68140,,Left posterior basal segmental bronchial artery,artery,chest,left,335,560
FJ5990,FMA68140,,Left posterior basal segmental bronchial artery,artery,chest,left,167,262
FJ5991,FMA68139,,Left lateral basal segmental bronchial artery,artery,chest,left,865,1712
FJ5992,FMA68139,,Left lateral basal segmental bronchial artery,artery,chest,left,395,670
FJ5993,FMA68139,,Left lateral basal segmental bronchial artery,artery,chest,left,151,236
FJ5994,FMA50305,,Trunk of left superior pulmonary vein,vein,chest,left,210,416
FJ5995,FMA8666,,Apicoposterior segmental vein,vein,chest,left,133,220
FJ5996,FMA8666,,Apicoposterior segmental vein,vein,chest,left,176,336
FJ5997,FMA8666,,Apicoposterior segmental vein,vein,chest,left,246,390
FJ5998,FMA8666,,Apicoposterior segmental vein,vein,chest,left,107,156
FJ5999,FMA8667,左肺上叶前段静脉,Left anterior segmental vein,vein,chest,left,241,474
FJ6000,FMA8667,左肺上叶前段静脉,Left anterior segmental vein,vein,chest,left,155,246
FJ6001,FMA8667,左肺上叶前段静脉,Left anterior segmental vein,vein,chest,left,94,150
FJ6002,FMA50305,,Trunk of left superior pulmonary vein,vein,chest,left,242,478
FJ6003,FMA8669,,Inferior lingular vein,vein,chest,left,173,282
FJ6004,FMA8669,,Inferior lingular vein,vein,chest,left,118,172
FJ6005,FMA8666,,Apicoposterior segmental vein,vein,chest,left,234,450
FJ6006,FMA8668,,Superior lingular vein,vein,chest,left,221,422
FJ6007,FMA8668,,Superior lingular vein,vein,chest,left,100,144
FJ6008,FMA8675,,Left superior segmental vein,vein,chest,left,290,528
FJ6009,FMA8675,,Left superior segmental vein,vein,chest,left,82,114
FJ6010,FMA8675,,Left superior segmental vein,vein,chest,left,87,152
FJ6011,FMA8675,,Left superior segmental vein,vein,chest,left,106,172
FJ6012,FMA8675,,Left superior segmental vein,vein,chest,left,107,172
FJ6013,FMA50306,,Trunk of left inferior pulmonary vein,vein,chest,left,164,314
FJ6014,FMA13292,,Posterior basal segmental vein,vein,chest,left,206,382
FJ6015,FMA13292,,Posterior basal segmental vein,vein,chest,left,115,184
FJ6016,FMA8666,,Apicoposterior segmental vein,vein,chest,left,98,190
FJ6017,FMA13292,,Posterior basal segmental vein,vein,chest,left,87,104
FJ6018,FMA13292,,Posterior basal segmental vein,vein,chest,left,114,192
FJ6019,FMA50306,,Trunk of left inferior pulmonary vein,vein,chest,left,168,332
FJ6020,FMA13291,,Lateral basal segmental vein,vein,chest,left,361,686
FJ6021,FMA13291,,Lateral basal segmental vein,vein,chest,left,99,160
FJ6022,FMA13290,,Anterior basal segmental vein,vein,chest,left,133,212
FJ6023,FMA13290,,Anterior basal segmental vein,vein,chest,left,82,102
FJ6024,FMA50306,,Trunk of left inferior pulmonary vein,vein,chest,left,284,564
FJ6025,FMA13289,,Medial basal segmental vein,vein,chest,left,321,598
FJ6026,FMA13289,,Medial basal segmental vein,vein,chest,left,111,168
FJ6027,FMA8666,,Apicoposterior segmental vein,vein,chest,left,181,308
FJ6028,FMA13289,,Medial basal segmental vein,vein,chest,left,280,510
FJ6029,FMA13289,,Medial basal segmental vein,vein,chest,left,104,138
FJ6030,FMA8666,,Apicoposterior segmental vein,vein,chest,left,139,266
FJ6031,FMA8666,,Apicoposterior segmental vein,vein,chest,left,129,228
FJ6032,FMA8666,,Apicoposterior segmental vein,vein,chest,left,86,138
FJ6033,FMA8666,,Apicoposterior segmental vein,vein,chest,left,97,156
FJ6034,FMA8666,,Apicoposterior segmental vein,vein,chest,left,109,166
FJ6035,FMA8615,,Pulmonary arterial trunk,artery,chest,left,2727,5450
FJ6036,FMA8615,,Pulmonary arterial trunk,artery,chest,left,843,1302
FJ6037,FMA8617,,Right apical segmental artery,artery,chest,right,236,362
FJ6038,FMA8619,,Right posterior segmental artery,artery,chest,right,86,96
FJ6039,FMA8619,,Right posterior segmental artery,artery,chest,right,88,82
FJ6040,FMA8619,,Right posterior segmental artery,artery,chest,right,406,732
FJ6041,FMA8619,,Right posterior segmental artery,artery,chest,right,103,136
FJ6042,FMA8619,,Right posterior segmental artery,artery,chest,right,168,238
FJ6043,FMA8615,,Pulmonary arterial trunk,artery,chest,right,317,492
FJ6044,FMA8620,右肾前段动脉,Right anterior segmental artery,artery,chest,right,167,304
FJ6045,FMA8620,右肾前段动脉,Right anterior segmental artery,artery,chest,right,164,242
FJ6046,FMA8620,右肾前段动脉,Right anterior segmental artery,artery,chest,right,80,74
FJ6047,FMA8620,右肾前段动脉,Right anterior segmental artery,artery,chest,right,126,180
FJ6048,FMA8617,,Right apical segmental artery,artery,chest,right,179,252
FJ6049,FMA8620,右肾前段动脉,Right anterior segmental artery,artery,chest,right,112,106
FJ6050,FMA8620,右肾前段动脉,Right anterior segmental artery,artery,chest,right,95,130
FJ6051,FMA8620,右肾前段动脉,Right anterior segmental artery,artery,chest,right,274,428
FJ6052,FMA68194,,Lateral segmental artery,artery,chest,right,287,494
FJ6053,FMA68194,,Lateral segmental artery,artery,chest,right,150,232
FJ6054,FMA8664,,Lateral segmental vein,vein,chest,right,71,62
FJ6055,FMA68194,,Lateral segmental artery,artery,chest,right,84,82
FJ6056,FMA68193,,Medial segmental artery,artery,chest,right,82,94
FJ6057,FMA68193,,Medial segmental artery,artery,chest,right,84,98
FJ6058,FMA68193,,Medial segmental artery,artery,chest,right,138,182
FJ6059,FMA8617,,Right apical segmental artery,artery,chest,right,371,626
FJ6060,FMA68193,,Medial segmental artery,artery,chest,right,317,610
FJ6061,FMA8627,,Right superior segmental artery,artery,chest,right,305,574
FJ6062,FMA8627,,Right superior segmental artery,artery,chest,right,133,146
FJ6063,FMA8627,,Right superior segmental artery,artery,chest,right,75,88
FJ6064,FMA8627,,Right superior segmental artery,artery,chest,right,217,320
FJ6065,FMA8627,,Right superior segmental artery,artery,chest,right,251,470
FJ6066,FMA8627,,Right superior segmental artery,artery,chest,right,118,210
FJ6067,FMA8627,,Right superior segmental artery,artery,chest,right,182,296
FJ6068,FMA8627,,Right superior segmental artery,artery,chest,right,164,256
FJ6069,FMA8627,,Right superior segmental artery,artery,chest,right,528,862
FJ6070,FMA8617,,Right apical segmental artery,artery,head,right,148,204
FJ6071,FMA8630,,Right anterior basal segmental artery,artery,chest,right,239,418
FJ6072,FMA8630,,Right anterior basal segmental artery,artery,chest,right,110,146
FJ6073,FMA8630,,Right anterior basal segmental artery,artery,chest,right,223,318
FJ6074,FMA8631,,Right lateral basal segmental artery,artery,chest,right,113,188
FJ6075,FMA8631,,Right lateral basal segmental artery,artery,chest,right,257,420
FJ6076,FMA8631,,Right lateral basal segmental artery,artery,chest,right,738,1472
FJ6077,FMA8631,,Right lateral basal segmental artery,artery,chest,right,220,314
FJ6078,FMA8626,,Trunk of right lower lobar artery,artery,chest,right,465,814
FJ6079,FMA8632,,Right posterior basal segmental artery,artery,chest,right,116,156
FJ6080,FMA8632,,Right posterior basal segmental artery,artery,chest,right,71,64
FJ6081,FMA8617,,Right apical segmental artery,artery,head,right,131,176
FJ6082,FMA8632,,Right posterior basal segmental artery,artery,chest,right,64,68
FJ6083,FMA8632,,Right posterior basal segmental artery,artery,chest,right,862,1514
FJ6084,FMA8632,,Right posterior basal segmental artery,artery,chest,right,384,646
FJ6085,FMA8617,,Right apical segmental artery,artery,chest,right,100,102
FJ6086,FMA8617,,Right apical segmental artery,artery,chest,right,522,860
FJ6087,FMA8617,,Right apical segmental artery,artery,chest,right,156,214
FJ6088,FMA8619,,Right posterior segmental artery,artery,chest,right,498,916
FJ6089,FMA50302,,Trunk of right superior pulmonary vein,vein,chest,right,177,348
FJ6090,FMA8661,,Right apical segmental vein,vein,chest,right,161,288
FJ6091,FMA8663,右肺上叶后段静脉,Right posterior segmental vein,vein,chest,right,178,298
FJ6092,FMA8663,右肺上叶后段静脉,Right posterior segmental vein,vein,chest,right,112,178
FJ6093,FMA8663,右肺上叶后段静脉,Right posterior segmental vein,vein,chest,right,86,128
FJ6094,FMA8661,,Right apical segmental vein,vein,chest,right,91,118
FJ6095,FMA8661,,Right apical segmental vein,vein,chest,right,119,200
FJ6096,FMA8662,右肺上叶前段静脉,Right anterior segmental vein,vein,chest,right,148,256
FJ6097,FMA8662,右肺上叶前段静脉,Right anterior segmental vein,vein,chest,right,123,222
FJ6098,FMA8662,右肺上叶前段静脉,Right anterior segmental vein,vein,chest,right,92,166
FJ6099,FMA8665,,Medial segmental vein,vein,chest,right,280,534
FJ6100,FMA8661,,Right apical segmental vein,vein,chest,right,124,218
FJ6101,FMA8665,,Medial segmental vein,vein,chest,right,272,494
FJ6102,FMA8665,,Medial segmental vein,vein,chest,right,80,108
FJ6103,FMA8664,,Lateral segmental vein,vein,chest,right,200,396
FJ6104,FMA8664,,Lateral segmental vein,vein,chest,right,118,228
FJ6105,FMA8664,,Lateral segmental vein,vein,chest,right,139,262
FJ6106,FMA8665,,Medial segmental vein,vein,chest,right,214,422
FJ6107,FMA8665,,Medial segmental vein,vein,chest,right,135,220
FJ6108,FMA8665,,Medial segmental vein,vein,chest,right,125,226
FJ6109,FMA31529,,Trunk of right common basal vein,vein,chest,right,106,198
FJ6110,FMA31525,,Trunk of right inferior basal vein,vein,chest,right,299,594
FJ6111,FMA8661,,Right apical segmental vein,vein,chest,right,129,202
FJ6112,FMA9428,右肺下叶后底段静脉,Right posterior basal segmental vein,vein,chest,right,151,244
FJ6113,FMA9428,右肺下叶后底段静脉,Right posterior basal segmental vein,vein,chest,right,91,96
FJ6114,FMA9428,右肺下叶后底段静脉,Right posterior basal segmental vein,vein,chest,right,106,164
FJ6115,FMA9428,右肺下叶后底段静脉,Right posterior basal segmental vein,vein,chest,right,111,164
FJ6116,FMA9425,右肺下叶外侧底段静脉,Right lateral basal segmental vein,vein,chest,right,131,216
FJ6117,FMA9425,右肺下叶外侧底段静脉,Right lateral basal segmental vein,vein,chest,right,105,170
FJ6118,FMA9428,右肺下叶后底段静脉,Right posterior basal segmental vein,vein,chest,right,173,326
FJ6119,FMA31528,,Trunk of right superior basal vein,vein,chest,right,284,556
FJ6120,FMA8670,右肺下叶上段静脉,Right superior segmental vein,vein,chest,right,215,372
FJ6121,FMA8670,右肺下叶上段静脉,Right superior segmental vein,vein,chest,right,83,106
FJ6122,FMA8661,,Right apical segmental vein,vein,chest,right,95,146
FJ6123,FMA8670,右肺下叶上段静脉,Right superior segmental vein,vein,chest,right,126,192
FJ6124,FMA8670,右肺下叶上段静脉,Right superior segmental vein,vein,chest,right,82,116
FJ6125,FMA9428,右肺下叶后底段静脉,Right posterior basal segmental vein,vein,chest,right,104,190
FJ6126,FMA9428,右肺下叶后底段静脉,Right posterior basal segmental vein,vein,chest,right,91,126
FJ6127,FMA9428,右肺下叶后底段静脉,Right posterior basal segmental vein,vein,chest,right,87,156
FJ6128,FMA9425,右肺下叶外侧底段静脉,Right lateral basal segmental vein,vein,chest,right,231,428
FJ6129,FMA8673,右肺下叶前底段静脉,Right anterior basal segmental vein,vein,chest,right,132,220
FJ6130,FMA8673,右肺下叶前底段静脉,Right anterior basal segmental vein,vein,chest,right,85,146
FJ6131,FMA8673,右肺下叶前底段静脉,Right anterior basal segmental vein,vein,chest,right,105,166
FJ6132,FMA9428,右肺下叶后底段静脉,Right posterior basal segmental vein,vein,chest,right,100,132
FJ6133,FMA8661,,Right apical segmental vein,vein,chest,right,130,218
FJ6134,FMA9428,右肺下叶后底段静脉,Right posterior basal segmental vein,vein,chest,right,99,136
FJ6135,FMA9425,右肺下叶外侧底段静脉,Right lateral basal segmental vein,vein,chest,right,94,136
FJ6136,FMA8661,,Right apical segmental vein,vein,chest,right,117,228
FJ6137,FMA8661,,Right apical segmental vein,vein,chest,right,93,146
FJ6138,FMA8661,,Right apical segmental vein,vein,chest,right,195,380
FJ6139,FMA8661,,Right apical segmental vein,vein,chest,right,162,278
FJ6140,FMA8613,,Trunk of right pulmonary artery,artery,chest,midline,341,678
FJ6164,FMA74912,左冠状动脉前室间支干,Trunk of anterior interventricular branch of left coronary artery,artery,chest,left,1550,3032
FJ6182,FMA74923,,Trunk of circumflex branch of left coronary artery,artery,chest,left,692,1380
FJ6272,FMA7488,剑突,Xiphoid process,bone,chest,midline,488,914
FJ6295,FMA12519,,Atlas,bone,head,midline,1391,2038
FJ6296,FMA12520,,Axis,bone,head,midline,1536,2282
FJ6297,FMA7487,胸骨体,Body of sternum,bone,chest,midline,3637,4610
FJ6298,FMA23951,左手拇指远节指骨,Distal phalanx of left thumb,bone,arms,left,179,238
FJ6303,FMA24460,右手示指远节指骨,Distal phalanx of right index finger,bone,legs,left,185,260
FJ6305,FMA32658,右足小趾远节趾骨,Distal phalanx of right little toe,bone,legs,left,163,222
FJ6306,FMA24461,右手中指远节指骨,Distal phalanx of right middle finger,bone,legs,left,162,186
FJ6307,FMA24462,右手无名指远节指骨,Distal phalanx of right ring finger,bone,legs,left,144,164
FJ6308,FMA24459,右手拇指远节指骨,Distal phalanx of right thumb,bone,arms,right,179,236
FJ6309,FMA52740,,Ethmoid,bone,head,midline,11662,22348
FJ6310,FMA52734,额骨,Frontal bone,bone,head,midline,8399,14448
FJ6347,FMA13323,左锁骨,Left clavicle,bone,chest,left,595,1166
FJ6349,FMA23465,左桡骨,Left radius,bone,arms,left,382,642
FJ6354,FMA24467,左手第2掌骨,Left second metacarpal bone,bone,arms,left,401,738
FJ6355,FMA24510,左足第2跖骨,Left second metatarsal bone,bone,legs,left,467,752
FJ6357,FMA24469,左手第3掌骨,Left third metacarpal bone,bone,arms,left,409,692
FJ6358,FMA24512,左足第3跖骨,Left third metatarsal bone,bone,legs,left,399,700
FJ6360,FMA24471,左手第4掌骨,Left fourth metacarpal bone,bone,arms,left,320,528
FJ6361,FMA24514,左足第4跖骨,Left fourth metatarsal bone,bone,legs,left,403,674
FJ6363,FMA24473,左手第5掌骨,Left fifth metacarpal bone,bone,arms,left,272,500
FJ6364,FMA24516,左足第5跖骨,Left fifth metatarsal bone,bone,legs,left,431,794
FJ6367,FMA24498,左跟骨,Left calcaneus,bone,legs,left,729,1262
FJ6368,FMA24447,左头状骨,Left capitate,bone,arms,left,264,430
FJ6369,FMA24529,左骰骨,Left cuboid bone,bone,legs,left,506,842
FJ6370,FMA24475,左股骨,Left femur,bone,legs,left,1577,3116
FJ6371,FMA24481,左腓骨,Left fibula,bone,legs,left,599,1148
FJ6372,FMA24449,左钩骨,Left hamate,bone,arms,left,281,434
FJ6373,FMA23131,左肱骨,Left humerus,bone,arms,left,2163,3734
FJ6374,FMA54738,左下鼻甲,Left inferior nasal concha,bone,head,midline,477,738
FJ6375,FMA24524,左中间楔骨,Left intermediate cuneiform bone,bone,legs,left,291,450
FJ6376,FMA53646,左泪骨,Left lacrimal bone,bone,head,left,390,634
FJ6377,FMA45098,左足籽骨,Sesamoid bone of left foot,bone,legs,left,86,96
FJ6378,FMA24526,左外侧楔骨,Left lateral cuneiform bone,bone,legs,left,402,652
FJ6379,FMA24438,左月骨,Left lunate,bone,arms,left,160,216
FJ6380,FMA53650,左上颌骨,Left maxilla,bone,head,left,3460,5086
FJ6381,FMA45098,左足籽骨,Sesamoid bone of left foot,bone,legs,left,78,84
FJ6382,FMA24522,左内侧楔骨,Left medial cuneiform bone,bone,legs,left,615,952
FJ6383,FMA53648,左鼻骨,Left nasal bone,bone,head,midline,295,500
FJ6384,FMA53656,左腭骨,Left palatine bone,bone,head,left,1137,1844
FJ6385,FMA52789,左顶骨,Left parietal bone,bone,head,left,8343,13152
FJ6386,FMA24487,左髌骨,Left patella,bone,legs,left,178,308
FJ6387,FMA24442,左豌豆骨,Left pisiform,bone,arms,left,92,140
FJ6391,FMA52739,左颞骨,Left temporal bone,bone,head,left,2973,4908
FJ6392,FMA24478,左胫骨,Left tibia,bone,legs,left,873,1688
FJ6393,FMA24444,左大多角骨,Left trapezium,bone,arms,left,233,350
FJ6394,FMA24445,左小多角骨,Left trapezoid,bone,arms,left,264,342
FJ6395,FMA24440,左三角骨,Left triquetral,bone,arms,left,159,228
FJ6396,FMA23468,左尺骨,Left ulna,bone,arms,left,515,824
FJ6397,FMA52893,左颧骨,Left zygomatic bone,bone,head,left,972,1610
FJ6398,FMA236884,,Bony part of left hip bone,bone,abdomen,left,1247,2314
FJ6399,FMA52748,下颌骨,Mandible,bone,head,midline,2824,5544
FJ6400,FMA7486,,Manubrium,bone,chest,midline,1448,2526
FJ6401,FMA24457,右手无名指中节指骨,Middle phalanx of right ring finger,bone,legs,left,211,344
FJ6403,FMA32644,右足第3趾中节趾骨,Middle phalanx of right third toe,bone,legs,left,185,300
FJ6404,FMA32646,右足第4趾中节趾骨,Middle phalanx of right fourth toe,bone,legs,left,177,266
FJ6405,FMA24455,右手示指中节指骨,Middle phalanx of right index finger,bone,legs,left,182,296
FJ6406,FMA24458,右手小指中节指骨,Middle phalanx of right little finger,bone,legs,left,163,206
FJ6407,FMA230986,右足小趾中节趾骨,Middle phalanx of right little toe,bone,legs,left,109,158
FJ6408,FMA24456,右手中指中节指骨,Middle phalanx of right middle finger,bone,legs,left,216,338
FJ6409,FMA24501,左足舟骨,Navicular bone of left foot,bone,legs,left,471,708
FJ6410,FMA24500,右足舟骨,Navicular bone of right foot,bone,legs,right,446,698
FJ6411,FMA52735,枕骨,Occipital bone,bone,head,midline,6947,12382
FJ6412,FMA52891,,Perpendicular plate of ethmoid,bone,head,midline,2450,4856
FJ6414,FMA65470,左手拇指近节指骨,Proximal phalanx of left thumb,bone,arms,left,209,314
FJ6415,FMA32634,右足第2趾近节趾骨,Proximal phalanx of right second toe,bone,legs,left,246,422
FJ6416,FMA32636,右足第3趾近节趾骨,Proximal phalanx of right third toe,bone,legs,left,273,434
FJ6417,FMA32638,右足第4趾近节趾骨,Proximal phalanx of right fourth toe,bone,legs,left,238,364
FJ6419,FMA24454,右手小指近节指骨,Proximal phalanx of right little finger,bone,legs,left,210,322
FJ6421,FMA24452,右手中指近节指骨,Proximal phalanx of right middle finger,bone,legs,left,252,452
FJ6422,FMA24453,右手无名指近节指骨,Proximal phalanx of right ring finger,bone,legs,left,224,372
FJ6423,FMA24450,右手拇指近节指骨,Proximal phalanx of right thumb,bone,arms,right,199,312
FJ6443,FMA23464,右桡骨,Right radius,bone,arms,right,385,656
FJ6444,FMA24464,右手第1掌骨,Right first metacarpal bone,bone,arms,right,309,576
FJ6445,FMA24507,右足第1跖骨,Right first metatarsal bone,bone,legs,right,605,1124
FJ6446,FMA24466,右手第2掌骨,Right second metacarpal bone,bone,arms,right,414,736
FJ6447,FMA24509,右足第2跖骨,Right second metatarsal bone,bone,legs,right,493,750
FJ6449,FMA24511,右足第3跖骨,Right third metatarsal bone,bone,legs,right,409,698
FJ6450,FMA24470,右手第4掌骨,Right fourth metacarpal bone,bone,arms,right,327,528
FJ6452,FMA24472,右手第5掌骨,Right fifth metacarpal bone,bone,arms,right,287,498
FJ6453,FMA24515,右足第5跖骨,Right fifth metatarsal bone,bone,legs,right,420,792
FJ6454,FMA24497,右跟骨,Right calcaneus,bone,legs,right,740,1258
FJ6455,FMA24446,右头状骨,Right capitate,bone,arms,right,256,428
FJ6459,FMA24474,右股骨,Right femur,bone,legs,right,1568,3106
FJ6460,FMA24480,右腓骨,Right fibula,bone,legs,right,585,1144
FJ6461,FMA24448,右钩骨,Right hamate,bone,arms,right,301,462
FJ6462,FMA23130,右肱骨,Right humerus,bone,arms,right,2181,3710
FJ6463,FMA54737,右下鼻甲,Right inferior nasal concha,bone,head,midline,570,714
FJ6465,FMA53645,右泪骨,Right lacrimal bone,bone,head,right,348,554
FJ6467,FMA24437,右月骨,Right lunate,bone,arms,right,196,332
FJ6468,FMA53649,右上颌骨,Right maxilla,bone,head,right,3549,5358
FJ6470,FMA53647,右鼻骨,Right nasal bone,bone,head,midline,275,468
FJ6471,FMA53655,右腭骨,Right palatine bone,bone,head,right,1162,1868
FJ6472,FMA52788,右顶骨,Right parietal bone,bone,head,right,7985,12944
FJ6473,FMA24486,右髌骨,Right patella,bone,legs,right,178,306
FJ6474,FMA24441,右豌豆骨,Right pisiform,bone,arms,right,110,190
FJ6475,FMA24435,右手舟骨,Right scaphoid,bone,arms,right,195,322
FJ6477,FMA24482,右距骨,Right talus,bone,legs,right,816,1376
FJ6478,FMA52738,右颞骨,Right temporal bone,bone,head,right,3065,4904
FJ6479,FMA24477,右胫骨,Right tibia,bone,legs,right,859,1680
FJ6480,FMA24443,右大多角骨,Right trapezium,bone,arms,right,277,434
FJ6481,FMA24439,右三角骨,Right triquetral,bone,arms,right,139,170
FJ6482,FMA23467,右尺骨,Right ulna,bone,arms,right,500,818
FJ6483,FMA52892,右颧骨,Right zygomatic bone,bone,head,right,910,1508
FJ6484,FMA16202,骶骨,Sacrum,bone,abdomen,midline,5251,9844
FJ6485,FMA52736,蝶骨,Sphenoid bone,bone,head,midline,4920,8034
FJ6486,FMA9710,犁骨,Vomer,bone,head,midline,3559,7102
FJ6487,FMA9615,环状软骨,Cricoid cartilage,connective,head,midline,913,1702
FJ6488,FMA68227,,Inferior lingular bronchial tree,respiratory,chest,left,633,1140
FJ6489,FMA68227,,Inferior lingular bronchial tree,respiratory,chest,left,133,214
FJ6490,FMA68231,左肺下叶前底段支气管树,Left anterior basal segmental bronchial tree,respiratory,chest,left,425,734
FJ6491,FMA68231,左肺下叶前底段支气管树,Left anterior basal segmental bronchial tree,respiratory,chest,left,188,296
FJ6492,FMA68231,左肺下叶前底段支气管树,Left anterior basal segmental bronchial tree,respiratory,chest,left,184,300
FJ6493,FMA68231,左肺下叶前底段支气管树,Left anterior basal segmental bronchial tree,respiratory,chest,left,78,92
FJ6494,FMA68231,左肺下叶前底段支气管树,Left anterior basal segmental bronchial tree,respiratory,chest,left,107,140
FJ6495,FMA68222,左肺上叶前段支气管树,Left anterior segmental bronchial tree,respiratory,chest,left,266,442
FJ6496,FMA68222,左肺上叶前段支气管树,Left anterior segmental bronchial tree,respiratory,chest,left,242,420
FJ6497,FMA68222,左肺上叶前段支气管树,Left anterior segmental bronchial tree,respiratory,chest,left,162,194
FJ6498,FMA68222,左肺上叶前段支气管树,Left anterior segmental bronchial tree,respiratory,chest,left,92,84
FJ6499,FMA68222,左肺上叶前段支气管树,Left anterior segmental bronchial tree,respiratory,chest,left,82,108
FJ6500,FMA68222,左肺上叶前段支气管树,Left anterior segmental bronchial tree,respiratory,chest,left,101,116
FJ6501,FMA68222,左肺上叶前段支气管树,Left anterior segmental bronchial tree,respiratory,chest,left,116,116
FJ6502,FMA68222,左肺上叶前段支气管树,Left anterior segmental bronchial tree,respiratory,chest,left,117,136
FJ6503,FMA68224,,Apicoposterior segmental bronchial tree,respiratory,chest,left,335,572
FJ6504,FMA68224,,Apicoposterior segmental bronchial tree,respiratory,chest,left,142,214
FJ6505,FMA68224,,Apicoposterior segmental bronchial tree,respiratory,chest,left,99,136
FJ6506,FMA68224,,Apicoposterior segmental bronchial tree,respiratory,chest,left,106,126
FJ6507,FMA68224,,Apicoposterior segmental bronchial tree,respiratory,head,left,93,144
FJ6508,FMA68224,,Apicoposterior segmental bronchial tree,respiratory,head,left,71,94
FJ6509,FMA68232,左肺下叶外侧底段支气管树,Left lateral basal segmental bronchial tree,respiratory,chest,left,356,628
FJ6510,FMA68232,左肺下叶外侧底段支气管树,Left lateral basal segmental bronchial tree,respiratory,chest,left,129,154
FJ6511,FMA68232,左肺下叶外侧底段支气管树,Left lateral basal segmental bronchial tree,respiratory,chest,left,166,280
FJ6512,FMA68232,左肺下叶外侧底段支气管树,Left lateral basal segmental bronchial tree,respiratory,chest,left,70,68
FJ6513,FMA68233,左肺下叶后底段支气管树,Left posterior basal segmental bronchial tree,respiratory,chest,left,413,726
FJ6514,FMA68233,左肺下叶后底段支气管树,Left posterior basal segmental bronchial tree,respiratory,chest,left,163,258
FJ6515,FMA68233,左肺下叶后底段支气管树,Left posterior basal segmental bronchial tree,respiratory,chest,left,86,108
FJ6516,FMA68233,左肺下叶后底段支气管树,Left posterior basal segmental bronchial tree,respiratory,chest,left,140,210
FJ6517,FMA68233,左肺下叶后底段支气管树,Left posterior basal segmental bronchial tree,respiratory,chest,left,78,58
FJ6518,FMA68233,左肺下叶后底段支气管树,Left posterior basal segmental bronchial tree,respiratory,chest,left,109,106
FJ6519,FMA68224,,Apicoposterior segmental bronchial tree,respiratory,chest,left,173,286
FJ6520,FMA68224,,Apicoposterior segmental bronchial tree,respiratory,chest,left,80,86
FJ6521,FMA68224,,Apicoposterior segmental bronchial tree,respiratory,chest,left,68,64
FJ6522,FMA68228,左肺下叶上段支气管树,Left superior segmental bronchial tree,respiratory,chest,left,261,446
FJ6523,FMA68228,左肺下叶上段支气管树,Left superior segmental bronchial tree,respiratory,chest,left,136,208
FJ6524,FMA68228,左肺下叶上段支气管树,Left superior segmental bronchial tree,respiratory,chest,left,94,108
FJ6525,FMA68228,左肺下叶上段支气管树,Left superior segmental bronchial tree,respiratory,chest,left,88,106
FJ6526,FMA68228,左肺下叶上段支气管树,Left superior segmental bronchial tree,respiratory,chest,left,97,128
FJ6527,FMA68228,左肺下叶上段支气管树,Left superior segmental bronchial tree,respiratory,chest,left,83,92
FJ6528,FMA68228,左肺下叶上段支气管树,Left superior segmental bronchial tree,respiratory,chest,left,75,60
FJ6529,FMA68215,,Lateral segmental bronchial tree,respiratory,chest,right,493,858
FJ6530,FMA68215,,Lateral segmental bronchial tree,respiratory,chest,right,472,734
FJ6531,FMA68215,,Lateral segmental bronchial tree,respiratory,chest,right,1431,2456
FJ6532,FMA68215,,Lateral segmental bronchial tree,respiratory,chest,right,323,472
FJ6533,FMA7396,左主支气管,Left main bronchus,respiratory,chest,left,2293,4136
FJ6534,FMA68214,,Medial segmental bronchial tree,respiratory,chest,right,199,370
FJ6535,FMA68214,,Medial segmental bronchial tree,respiratory,chest,right,1028,2026
FJ6536,FMA68214,,Medial segmental bronchial tree,respiratory,chest,right,645,1276
FJ6537,FMA68214,,Medial segmental bronchial tree,respiratory,chest,right,311,586
FJ6538,FMA68321,右肺下叶前底段支气管树,Right anterior basal segmental bronchial tree,respiratory,chest,right,306,528
FJ6539,FMA68321,右肺下叶前底段支气管树,Right anterior basal segmental bronchial tree,respiratory,chest,right,865,1428
FJ6540,FMA68321,右肺下叶前底段支气管树,Right anterior basal segmental bronchial tree,respiratory,chest,right,209,304
FJ6541,FMA68212,右肺上叶前段支气管树,Right anterior segmental bronchial tree,respiratory,chest,right,239,390
FJ6542,FMA68212,右肺上叶前段支气管树,Right anterior segmental bronchial tree,respiratory,chest,right,1285,2350
FJ6543,FMA68212,右肺上叶前段支气管树,Right anterior segmental bronchial tree,respiratory,chest,right,493,836
FJ6544,FMA68212,右肺上叶前段支气管树,Right anterior segmental bronchial tree,respiratory,chest,right,195,286
FJ6545,FMA68212,右肺上叶前段支气管树,Right anterior segmental bronchial tree,respiratory,chest,right,229,340
FJ6546,FMA68212,右肺上叶前段支气管树,Right anterior segmental bronchial tree,respiratory,chest,right,449,770
FJ6547,FMA68212,右肺上叶前段支气管树,Right anterior segmental bronchial tree,respiratory,chest,right,380,636
FJ6548,FMA68211,右肺上叶尖段支气管树,Right apical segmental bronchial tree,respiratory,chest,right,191,346
FJ6549,FMA68211,右肺上叶尖段支气管树,Right apical segmental bronchial tree,respiratory,chest,right,748,1480
FJ6550,FMA68211,右肺上叶尖段支气管树,Right apical segmental bronchial tree,respiratory,chest,right,544,882
FJ6551,FMA68211,右肺上叶尖段支气管树,Right apical segmental bronchial tree,respiratory,chest,right,378,600
FJ6552,FMA68211,右肺上叶尖段支气管树,Right apical segmental bronchial tree,respiratory,chest,right,149,208
FJ6553,FMA68211,右肺上叶尖段支气管树,Right apical segmental bronchial tree,respiratory,chest,right,125,222
FJ6554,FMA68211,右肺上叶尖段支气管树,Right apical segmental bronchial tree,respiratory,head,right,113,198
FJ6555,FMA68211,右肺上叶尖段支气管树,Right apical segmental bronchial tree,respiratory,head,right,125,170
FJ6556,FMA68220,右肺下叶外侧底段支气管树,Right lateral basal segmental bronchial tree,respiratory,chest,right,315,522
FJ6557,FMA68220,右肺下叶外侧底段支气管树,Right lateral basal segmental bronchial tree,respiratory,chest,right,199,372
FJ6558,FMA68220,右肺下叶外侧底段支气管树,Right lateral basal segmental bronchial tree,respiratory,chest,right,656,1270
FJ6559,FMA68220,右肺下叶外侧底段支气管树,Right lateral basal segmental bronchial tree,respiratory,chest,right,141,252
FJ6560,FMA68594,,Mediobasal part of right posterior basal segmental bronchial tree,respiratory,chest,right,115,170
FJ6561,FMA68594,,Mediobasal part of right posterior basal segmental bronchial tree,respiratory,chest,right,352,662
FJ6562,FMA68591,,Laterobasal part of right posterior basal segmental bronchial tree,respiratory,chest,right,349,590
FJ6563,FMA68591,,Laterobasal part of right posterior basal segmental bronchial tree,respiratory,chest,right,487,846
FJ6564,FMA68591,,Laterobasal part of right posterior basal segmental bronchial tree,respiratory,chest,right,171,250
FJ6565,FMA68591,,Laterobasal part of right posterior basal segmental bronchial tree,respiratory,chest,right,101,170
FJ6566,FMA68591,,Laterobasal part of right posterior basal segmental bronchial tree,respiratory,chest,right,838,1448
FJ6567,FMA68591,,Laterobasal part of right posterior basal segmental bronchial tree,respiratory,chest,right,377,618
FJ6568,FMA68213,右肺上叶后段支气管树,Right posterior segmental bronchial tree,respiratory,chest,right,282,478
FJ6569,FMA68213,右肺上叶后段支气管树,Right posterior segmental bronchial tree,respiratory,chest,right,976,1918
FJ6570,FMA68213,右肺上叶后段支气管树,Right posterior segmental bronchial tree,respiratory,chest,right,243,456
FJ6571,FMA68213,右肺上叶后段支气管树,Right posterior segmental bronchial tree,respiratory,chest,right,117,212
FJ6572,FMA68213,右肺上叶后段支气管树,Right posterior segmental bronchial tree,respiratory,chest,right,122,224
FJ6573,FMA68213,右肺上叶后段支气管树,Right posterior segmental bronchial tree,respiratory,chest,right,96,156
FJ6574,FMA68216,右肺下叶上段支气管树,Right superior segmental bronchial tree,respiratory,chest,right,322,516
FJ6575,FMA68216,右肺下叶上段支气管树,Right superior segmental bronchial tree,respiratory,chest,right,1483,2752
FJ6576,FMA68216,右肺下叶上段支气管树,Right superior segmental bronchial tree,respiratory,chest,right,520,866
FJ6577,FMA68216,右肺下叶上段支气管树,Right superior segmental bronchial tree,respiratory,chest,right,206,294
FJ6578,FMA68216,右肺下叶上段支气管树,Right superior segmental bronchial tree,respiratory,chest,right,403,660
FJ6579,FMA68216,右肺下叶上段支气管树,Right superior segmental bronchial tree,respiratory,chest,right,175,266
FJ6580,FMA68216,右肺下叶上段支气管树,Right superior segmental bronchial tree,respiratory,chest,right,828,1456
FJ6581,FMA68216,右肺下叶上段支气管树,Right superior segmental bronchial tree,respiratory,chest,right,322,554
FJ6582,FMA68216,右肺下叶上段支气管树,Right superior segmental bronchial tree,respiratory,chest,right,151,282
FJ6583,FMA7395,,Right main bronchus,respiratory,chest,right,2592,4468
FJ6584,FMA68226,,Superior lingular bronchial tree,respiratory,chest,left,223,368
FJ6585,FMA68226,,Superior lingular bronchial tree,respiratory,chest,left,108,136
FJ6586,FMA68226,,Superior lingular bronchial tree,respiratory,chest,left,88,74
FJ6587,FMA68226,,Superior lingular bronchial tree,respiratory,chest,left,88,88
FJ6588,FMA7394,,Trachea,respiratory,head,midline,2599,4996
FJ6595,FMA27368,,Parenchyma of apicoposterior bronchopulmonary segment,respiratory,chest,left,3145,5166
FJ6596,FMA27394,,Parenchyma of left posterior basal bronchopulmonary segment,respiratory,chest,left,5523,8202
FJ6597,FMA27368,,Parenchyma of apicoposterior bronchopulmonary segment,respiratory,chest,left,3923,5126
FJ6598,FMA27374,,Parenchyma of left anterior bronchopulmonary segment,respiratory,chest,left,6309,8200
FJ6599,FMA27375,,Parenchyma of superior lingular bronchopulmonary segment,respiratory,chest,left,5632,7566
FJ6600,FMA27376,,Parenchyma of inferior lingular bronchopulmonary segment,respiratory,chest,left,4812,5824
FJ6601,FMA27386,,Parenchyma of left superior bronchopulmonary segment,respiratory,chest,left,4909,6168
FJ6602,FMA27392,,Parenchyma of left anterior basal bronchopulmonary segment,respiratory,chest,left,8092,11148
FJ6603,FMA27390,,Parenchyma of left lateral basal bronchopulmonary segment,respiratory,chest,left,5157,7690
FJ6604,FMA27369,,Parenchyma of right apical bronchopulmonary segment,respiratory,chest,right,5325,7396
FJ6605,FMA27393,,Parenchyma of right posterior basal bronchopulmonary segment,respiratory,chest,right,4247,6322
FJ6606,FMA27371,,Parenchyma of right posterior bronchopulmonary segment,respiratory,chest,right,6672,7300
FJ6607,FMA27373,,Parenchyma of right anterior bronchopulmonary segment,respiratory,chest,right,7244,9526
FJ6608,FMA27452,,Parenchyma of lateral bronchopulmonary segment,respiratory,chest,right,6601,7734
FJ6609,FMA27448,,Parenchyma of medial bronchopulmonary segment,respiratory,chest,right,5144,7784
FJ6610,FMA27385,,Parenchyma of right superior bronchopulmonary segment,respiratory,chest,right,5590,6602
FJ6611,FMA27391,,Parenchyma of right anterior basal bronchopulmonary segment,respiratory,chest,right,6494,9116
FJ6612,FMA27389,,Parenchyma of right lateral basal bronchopulmonary segment,respiratory,chest,right,6674,9506
FJ6613,FMA59513,左鼻侧软骨,Left lateral nasal cartilage,connective,head,midline,4909,9094
FJ6614,FMA59506,左鼻翼大软骨,Left major alar cartilage,connective,head,midline,248,430
FJ6615,FMA59512,右鼻侧软骨,Right lateral nasal cartilage,connective,head,midline,5120,9516
FJ6616,FMA59505,右鼻翼大软骨,Right major alar cartilage,connective,head,midline,239,388
FJ6617,FMA59503,鼻中隔软骨,Septal nasal cartilage,connective,head,midline,2992,3602
FJ7211,FMA21965,,Left inguinal ligament,connective,abdomen,left,3348,5932
FJ7248,FMA57086,,Left stylomandibular ligament,connective,head,left,753,1216
FJ7307,FMA21964,,Right inguinal ligament,connective,abdomen,right,3324,5932
FJ7347,FMA57084,,Right stylomandibular ligament,connective,head,right,761,1252
FJ7443,FMA74803,,Skin of umbilicus,skin,abdomen,midline,115,226
FJ7445,FMA83967,,Falx cerebri,nerve,head,midline,14183,24984
FJ7446,FMA266041,,Right half of tentorium cerebelli,nerve,head,right,17179,24420
FJ7462,FMA72674,,Left precuneus,nerve,head,midline,5006,8632
FJ7462M,FMA72673,,Right precuneus,nerve,head,midline,4964,8632
FJ7463,FMA72672,左顶上小叶,Left superior parietal lobule,nerve,head,left,7090,11632
FJ7463M,FMA72671,右顶上小叶,Right superior parietal lobule,nerve,head,right,7044,11632
FJ7465,FMA256200,,Left anterior orbital gyrus,nerve,head,left,5776,10090
FJ7465M,FMA256198,,Right anterior orbital gyrus,nerve,head,midline,5765,10090
FJ7466,FMA72757,,Left lateral orbital gyrus,nerve,head,left,4898,8840
FJ7466M,FMA72756,,Right lateral orbital gyrus,nerve,head,right,4878,8840
FJ7467,FMA72759,,Left medial orbital gyrus,nerve,head,left,5438,9508
FJ7467M,FMA72758,,Right medial orbital gyrus,nerve,head,right,5422,9508
FJ7468,FMA80188,,Left posterior orbital gyrus,nerve,head,left,4998,8566
FJ7468M,FMA80187,,Right posterior orbital gyrus,nerve,head,right,4973,8566
FJ7469,FMA72660,,Left straight gyrus,nerve,head,midline,7351,12802
FJ7469M,FMA72659,,Right straight gyrus,nerve,head,midline,7305,12802
FJ7470,FMA72718,左扣带回,Left cingulate gyrus,nerve,head,midline,20712,40600
FJ7470M,FMA72717,右扣带回,Right cingulate gyrus,nerve,head,midline,20654,40600
FJ7471,FMA72680,,Left cuneus,nerve,head,midline,7351,13372
FJ7471M,FMA72679,,Right cuneus,nerve,head,midline,7321,13372
FJ7472,FMA72690,左梭状回,Left fusiform gyrus,nerve,head,left,15199,26110
FJ7472M,FMA72689,右梭状回,Right fusiform gyrus,nerve,head,right,15147,26110
FJ7473,FMA72688,左颞下回,Left inferior temporal gyrus,nerve,head,left,16295,30002
FJ7473M,FMA72687,右颞下回,Right inferior temporal gyrus,nerve,head,right,16191,30002
FJ7474,FMA72678,,Left lateral occipital gyrus,nerve,head,left,10818,18146
FJ7474M,FMA72677,,Right lateral occipital gyrus,nerve,head,right,10709,18146
FJ7475,FMA72682,,Left lingual gyrus,nerve,head,midline,5536,9370
FJ7475M,FMA72681,,Right lingual gyrus,nerve,head,midline,5515,9370
FJ7476,FMA72706,左海马旁回,Left parahippocampal gyrus,nerve,head,left,4675,8324
FJ7476M,FMA72705,右海马旁回,Right parahippocampal gyrus,nerve,head,right,4661,8324
FJ7478,FMA72676,,Left superior occipital gyrus,nerve,head,left,7365,12714
FJ7478M,FMA72675,,Right superior occipital gyrus,nerve,head,right,7331,12714
FJ7479,FMA72684,,Left superior temporal gyrus,nerve,head,left,7115,13278
FJ7479M,FMA72683,,Right superior temporal gyrus,nerve,head,right,7108,13278
FJ7481,FMA73539,,Right substantia nigra,nerve,head,midline,5957,11828
FJ7481M,FMA73540,,Left substantia nigra,nerve,head,midline,5955,11828
FJ7482,FMA73367,,Right subthalamic nucleus,nerve,head,right,1462,2920
FJ7482M,FMA73368,,Left subthalamic nucleus,nerve,head,left,1464,2920
FJ7483,FMA73334,,Left anterior nucleus of hypothalamus,nerve,head,midline,6316,12600
FJ7483M,FMA73333,,Right anterior nucleus of hypothalamus,nerve,head,midline,6316,12600
FJ7484,FMA73334,,Left anterior nucleus of hypothalamus,nerve,head,midline,1260,2464
FJ7484M,FMA73333,,Right anterior nucleus of hypothalamus,nerve,head,midline,1262,2464
FJ7485,FMA74877,,Mammillary body,nerve,head,midline,104,204
FJ7485M,FMA74877,,Mammillary body,nerve,head,midline,104,204
FJ7486,FMA73390,,Left mammillothalamic tract of hypothalamus,nerve,head,midline,359,596
FJ7486M,FMA73389,,Right mammillothalamic tract of hypothalamus,nerve,head,midline,359,596
FJ7487,FMA73492,,Left red nucleus,nerve,head,midline,384,762
FJ7487M,FMA73491,,Right red nucleus,nerve,head,midline,385,762
FJ7488,FMA73338,,Left arcuate nucleus of hypothalamus,nerve,head,midline,458,912
FJ7488M,FMA73337,,Right arcuate nucleus of hypothalamus,nerve,head,midline,458,912
FJ7489,FMA73336,,Left paraventricular nucleus of hypothalamus,nerve,head,midline,599,1186
FJ7489M,FMA73335,,Right paraventricular nucleus of hypothalamus,nerve,head,midline,600,1186
FJ7490,FMA73342,,Left ventromedial nucleus of hypothalamus,nerve,head,midline,595,1186
FJ7490M,FMA73341,,Right ventromedial nucleus of hypothalamus,nerve,head,midline,595,1186
FJ7491,FMA73360,,Left lateral hypothalamic nucleus,nerve,head,midline,693,1368
FJ7491M,FMA73359,,Right lateral hypothalamic nucleus,nerve,head,midline,692,1368
FJ7492,FMA73328,,Left lateral preoptic nucleus,nerve,head,midline,732,1460
FJ7492M,FMA73327,,Right lateral preoptic nucleus,nerve,head,midline,732,1460
FJ7493,FMA73330,,Left suprachiasmatic nucleus,nerve,head,midline,732,1460
FJ7493M,FMA73329,,Right suprachiasmatic nucleus,nerve,head,midline,732,1460
FJ7494,FMA73332,,Left supraoptic nucleus,nerve,head,midline,876,1734
FJ7494M,FMA73331,,Right supraoptic nucleus,nerve,head,midline,882,1734
FJ7495,FMA73326,,Left medial preoptic nucleus,nerve,head,midline,869,1734
FJ7495M,FMA73325,,Right medial preoptic nucleus,nerve,head,midline,869,1734
FJ7496,FMA73354,,Left posterior nucleus of hypothalamus,nerve,head,midline,927,1826
FJ7496M,FMA73353,,Right posterior nucleus of hypothalamus,nerve,head,midline,931,1826
FJ7497,FMA73340,,Left dorsomedial nucleus of hypothalamus,nerve,head,midline,1058,2100
FJ7497M,FMA73339,,Right dorsomedial nucleus of hypothalamus,nerve,head,midline,1058,2100
FJ7498,FMA72925,左穹窿,Left fornix of forebrain,nerve,head,left,2545,4782
FJ7498M,FMA72924,右穹窿,Right fornix of forebrain,nerve,head,right,2537,4782
FJ7499,FMA84354,,Periventricular nucleus,heart,head,midline,1309,1882
FJ7499M,FMA84354,,Periventricular nucleus,heart,head,midline,1306,1882
FJ7500,FMA72682,,Left lingual gyrus,nerve,head,midline,1927,3366
FJ7500M,FMA72681,,Right lingual gyrus,nerve,head,midline,1924,3366
FJ7501,FMA50875,右视神经,Right optic nerve,nerve,head,right,903,1506
FJ7501M,FMA50878,左视神经,Left optic nerve,nerve,head,left,907,1506
FJ7502,FMA62382,右视束,Right optic tract,nerve,head,right,516,912
FJ7502M,FMA67936,左视束,Left optic tract,nerve,head,left,517,912
FJ7503,FMA62045,,Optic chiasm,nerve,head,midline,754,1464
FJ7503M,FMA62045,,Optic chiasm,nerve,head,midline,755,1464
FJ7504,FMA242162,,Left cerebral crus,nerve,head,midline,2433,4144
FJ7504M,FMA242160,,Right cerebral crus,nerve,head,midline,2436,4144
FJ7505,FMA62045,,Optic chiasm,nerve,head,midline,1707,3406
FJ7505M,FMA62045,,Optic chiasm,nerve,head,midline,1707,3406
