fj_id,bp_id,fma_id,name,faces,verts,bytes,mtime
FJ1228,BP23488,FMA32672,Sesamoid bone of right foot,80,73,6514,1779787484
FJ1232,BP23488,FMA32672,Sesamoid bone of right foot,158,104,10285,1779787484
FJ1245,BP23872,FMA23724,Right trapezoid,360,269,25941,1779787484
FJ1252,BP21475,FMA55268,Maxillary gingiva,1848,1115,120586,1779787484
FJ1253,BP21460,FMA55268,Mandibular gingiva,1918,1029,117146,1779787484
FJ1254,BP20238,FMA12516,Left first lower molar tooth,1762,885,103401,1779787484
FJ1255,BP23586,FMA12516,Left first lower premolar tooth,1176,592,68776,1779787484
FJ1256,BP23842,FMA12516,Left second lower molar tooth,1616,823,95349,1779787484
FJ1257,BP23362,FMA12516,Left second lower premolar tooth,1122,566,65575,1779787484
FJ1258,BP20208,FMA12516,Left lower central incisor tooth,918,461,53593,1779787484
FJ1259,BP20093,FMA12516,Left lower lateral incisor tooth,960,483,55882,1779787484
FJ1260,BP23457,FMA12516,Left lower canine tooth,1180,592,68838,1779787484
FJ1261,BP20252,FMA12516,Left first upper molar tooth,2156,1084,127629,1779787484
FJ1262,BP23649,FMA12516,Left first upper premolar tooth,1610,818,94899,1779787484
FJ1263,BP21638,FMA12516,Left second upper molar tooth,1848,949,109684,1779787484
FJ1264,BP23393,FMA12516,Left second upper premolar tooth,1466,748,86531,1779787484
FJ1265,BP21643,FMA12516,Left upper central incisor tooth,1288,646,75378,1779787484
FJ1266,BP20094,FMA12516,Left upper lateral incisor tooth,1378,691,80596,1779787484
FJ1267,BP23596,FMA12516,Left upper canine tooth,1392,698,81373,1779787484
FJ1268,BP20173,FMA12516,Right first lower molar tooth,1762,889,104433,1779787484
FJ1269,BP23752,FMA12516,Right first lower premolar tooth,1180,592,69417,1779787484
FJ1270,BP23827,FMA12516,Right second lower molar tooth,1620,818,95888,1779787484
FJ1271,BP23728,FMA12516,Right second lower premolar tooth,1124,567,66262,1779787484
FJ1272,BP20165,FMA12516,Right lower central incisor tooth,920,463,53982,1779787484
FJ1273,BP23835,FMA12516,Right lower lateral incisor tooth,958,486,56467,1779787484
FJ1274,BP23629,FMA12516,Right lower canine tooth,1178,591,69255,1779787484
FJ1275,BP19601,FMA12516,Right second upper molar tooth,1850,961,111297,1779787484
FJ1276,BP20230,FMA12516,Right first upper molar tooth,2156,1099,129771,1779787484
FJ1277,BP23473,FMA12516,Right first upper premolar tooth,1610,816,95516,1779787484
FJ1278,BP23721,FMA12516,Right second upper premolar tooth,1466,748,87248,1779787484
FJ1279,BP22758,FMA12516,Right upper central incisor tooth,1288,647,75981,1779787484
FJ1280,BP23883,FMA12516,Right upper lateral incisor tooth,1368,686,80638,1779787484
FJ1281,BP23581,FMA12516,Right upper canine tooth,1392,698,82111,1779787484
FJ1282,BP22809,FMA14065,Anterior chamber of left eyeball,3064,1535,187142,1779787484
FJ1283,BP21112,FMA11195,Left anterior ethmoidal nerve,290,169,17753,1779787484
FJ1284,BP21339,FMA14065,Check ligament of left lateral rectus,2774,1406,168672,1779787484
FJ1285,BP21432,FMA265400,Left choroid,28918,15355,1977341,1779787484
FJ1286,BP21432,FMA265400,Left choroid,6704,3865,453062,1779787484
FJ1287,BP21878,FMA225818,Left corona ciliaris,17858,17414,1669668,1779787484
FJ1288,BP21701,FMA11195,Left ciliary ganglion,180,94,9970,1779787484
FJ1289,BP23245,FMA14065,Left cornea,4602,2824,318256,1779787484
FJ1290,BP20367,FMA11195,Left frontal nerve,1258,631,73464,1779787484
FJ1291,BP22562,FMA42603,Left common tendinous ring,738,410,45029,1779787484
FJ1292,BP21474,FMA14065,Check ligament of left medial rectus,3090,1574,189980,1779787484
FJ1293,BP20304,FMA11195,Inferior branch of left oculomotor nerve,1654,1286,124949,1779787484
FJ1294,BP20086,FMA46751,Left inferior oblique,2360,1217,142952,1779787484
FJ1295,BP23920,FMA46751,Left inferior rectus,3560,1858,223746,1779787484
FJ1296,BP22715,FMA11195,Left infratrochlear nerve,250,138,14611,1779787484
FJ1297,BP21315,FMA265400,Left iris,3286,1716,206095,1779787484
FJ1298,BP23016,FMA58245,Left lacrimal canaliculus,634,371,39860,1779787484
FJ1299,BP22882,FMA55661,Left lacrimal gland,1768,903,104463,1779787484
FJ1300,BP20380,FMA11195,Left lacrimal nerve,1944,1014,116432,1779787484
FJ1301,BP23073,FMA5897,Left lacrimal lake,248,126,13791,1779787484
FJ1302,BP22866,FMA59556,Left nasolacrimal duct,444,227,25549,1779787484
FJ1304,BP20317,FMA46751,Left lateral rectus,3316,1745,208678,1779787485
FJ1305,BP20506,FMA14065,Left lens,1606,805,94037,1779787484
FJ1306,BP19569,FMA46751,Left levator palpebrae superioris,4360,2353,281532,1779787484
FJ1308,BP20046,FMA46751,Left medial rectus,2576,1353,159339,1779787485
FJ1309,BP23015,FMA20289,Left lacrimal sac,382,193,21700,1779787484
FJ1310,BP20818,FMA11195,Left nasociliary nerve,834,503,53525,1779787484
FJ1311,BP21151,FMA11195,Communicating branch of left nasociliary nerve with left ciliary ganglion,230,164,15670,1779787485
FJ1315,BP21490,FMA11195,Left posterior ethmoidal nerve,222,151,14669,1779787484
FJ1316,BP21429,FMA225818,Optic part of left retina,23410,11721,1533035,1779787485
FJ1317,BP23104,FMA14065,Left sclera,39504,20372,2712376,1779787484
FJ1318,BP22719,FMA11195,Left long ciliary nerve,294,202,19777,1779787484
FJ1319,BP21577,FMA45638,Short ciliary nerve,602,461,44106,1779787484
FJ1320,BP22619,FMA14065,Suspensory ligament of left lens,7256,6332,620788,1779787485
FJ1321,BP20060,FMA11195,Superior branch of left oculomotor nerve,810,611,58952,1779787484
FJ1322,BP20102,FMA46751,Left superior oblique,3604,1881,226915,1779787484
FJ1323,BP20117,FMA46751,Left superior rectus,2836,1527,178730,1779787484
FJ1324,BP23204,FMA55665,Tarsal plate of left upper eyelid,1484,748,87238,1779787484
FJ1326,BP21030,FMA11195,Left supratrochlear nerve,2358,1222,143270,1779787484
FJ1328,BP23078,FMA55665,Tarsal plate of left lower eyelid,1034,525,60672,1779787484
FJ1329,BP23123,FMA21496,Trochlea of left superior oblique,422,231,25180,1779787485
FJ1331,BP21457,FMA19783,Left vitreous body,5448,2764,344465,1779787485
FJ1332,BP22879,FMA14065,Anterior chamber of right eyeball,3014,1509,185241,1779787484
FJ1333,BP23799,FMA11195,Right anterior ethmoidal nerve,236,154,15371,1779787484
FJ1334,BP20747,FMA14065,Check ligament of right lateral rectus,2800,1445,173733,1779787484
FJ1335,BP24034,FMA14065,Check ligament of right medial rectus,3112,1629,195614,1779787484
FJ1336,BP21434,FMA265400,Right choroid,6714,3915,460220,1779787484
FJ1337,BP21434,FMA265400,Right choroid,28872,15685,2012224,1779787484
FJ1338,BP21425,FMA225818,Right corona ciliaris,22692,20346,2050170,1779787484
FJ1339,BP21634,FMA11195,Right ciliary ganglion,246,125,13784,1779787484
FJ1340,BP23300,FMA14065,Right cornea,4606,3091,336755,1779787484
FJ1341,BP20449,FMA11195,Right frontal nerve,1258,631,74093,1779787484
FJ1342,BP22934,FMA42603,Right common tendinous ring,740,422,46228,1779787484
FJ1343,BP21501,FMA14065,Tendon of right levator palpebrae superioris,2764,1787,193761,1779787484
FJ1344,BP20231,FMA11195,Inferior branch of right oculomotor nerve,1570,1182,117079,1779787484
FJ1345,BP23882,FMA46751,Right inferior oblique,2342,1241,144895,1779787484
FJ1346,BP20293,FMA46751,Right inferior rectus,3542,1851,224245,1779787485
FJ1347,BP21130,FMA11195,Right infratrochlear nerve,250,166,16528,1779787484
FJ1348,BP21306,FMA265400,Right iris,3248,1734,207787,1779787484
FJ1349,BP22981,FMA58245,Right lacrimal canaliculus,526,336,34823,1779787484
FJ1350,BP22884,FMA55661,Right lacrimal gland,1812,920,107837,1779787484
FJ1351,BP20357,FMA11195,Right lacrimal nerve,1958,1039,119484,1779787484
FJ1352,BP22624,FMA5897,Right lacrimal lake,248,126,13889,1779787485
FJ1353,BP23001,FMA59555,Right nasolacrimal duct,444,227,25760,1779787484
FJ1355,BP23931,FMA46751,Right lateral rectus,3276,1705,206126,1779787484
FJ1356,BP22922,FMA14065,Right lens,1598,801,94340,1779787484
FJ1357,BP20265,FMA46751,Right levator palpebrae superioris,4360,2451,290128,1779787485
FJ1359,BP23871,FMA46751,Right medial rectus,2548,1357,159520,1779787485
FJ1360,BP22832,FMA20289,Right lacrimal sac,384,194,22066,1779787485
FJ1361,BP21045,FMA11195,Right nasociliary nerve,786,507,52850,1779787485
FJ1362,BP21146,FMA11195,Communicating branch of right nasociliary nerve with right ciliary ganglion,240,181,17201,1779787485
FJ1363,BP20226,FMA11195,Right ophthalmic nerve,1776,890,104937,1779787485
FJ1366,BP21144,FMA11195,Right posterior ethmoidal nerve,200,142,13598,1779787485
FJ1367,BP21424,FMA225818,Optic part of right retina,23394,11737,1545404,1779787485
FJ1368,BP23243,FMA14065,Right sclera,39524,20582,2746505,1779787485
FJ1369,BP22010,FMA11195,Right long ciliary nerve,332,211,21635,1779787485
FJ1370,BP21577,FMA45638,Short ciliary nerve,638,476,46501,1779787485
FJ1371,BP22984,FMA14065,Suspensory ligament of right lens,7376,7285,690007,1779787485
FJ1372,BP20049,FMA11195,Superior branch of right oculomotor nerve,848,593,59902,1779787485
FJ1373,BP20217,FMA46751,Right superior oblique,3546,1870,225989,1779787485
FJ1374,BP20119,FMA46751,Right superior rectus,2812,1532,179705,1779787485
FJ1375,BP23231,FMA55665,Tarsal plate of right upper eyelid,1474,745,87423,1779787485
FJ1376,BP22693,FMA11195,Right supra-orbital nerve,2598,1332,159628,1779787485
FJ1377,BP22708,FMA11195,Right supratrochlear nerve,2358,1225,144593,1779787485
FJ1379,BP23305,FMA55665,Tarsal plate of right lower eyelid,1026,523,60804,1779787485
FJ1380,BP23171,FMA21496,Trochlea of right superior oblique,398,227,24433,1779787485
FJ1381,BP23210,FMA50865,Right trochlear nerve,2758,1405,169563,1779787485
FJ1382,BP23293,FMA19783,Right vitreous body,5436,2775,347379,1779787485
FJ1383,BP21072,FMA37368,First lumbrical of right foot,646,838,69139,1779787485
FJ1383M,BP21117,FMA37368,First lumbrical of left foot,646,838,68090,1779787485
FJ1384,BP21160,FMA37368,First plantar interosseous of right foot,674,563,53404,1779787485
FJ1384M,BP21566,FMA37368,First plantar interosseous of left foot,674,561,52662,1779787485
FJ1385,BP21063,FMA37368,Second lumbrical of right foot,266,266,23417,1779787485
FJ1385M,BP22721,FMA37368,Second lumbrical of left foot,266,266,23104,1779787485
FJ1386,BP21154,FMA37368,Second plantar interosseous of right foot,632,522,49734,1779787485
FJ1386M,BP21170,FMA37368,Second plantar interosseous of left foot,632,522,49260,1779787485
FJ1387,BP21115,FMA37368,Third lumbrical of right foot,368,508,41171,1779787485
FJ1387M,BP21085,FMA37368,Third lumbrical of left foot,368,512,40809,1779787485
FJ1388,BP22728,FMA37368,Third plantar interosseous of right foot,772,908,77404,1779787485
FJ1388M,BP21175,FMA37368,Third plantar interosseous of left foot,772,905,76282,1779787485
FJ1389,BP21133,FMA37368,Fourth lumbrical of right foot,328,410,34112,1779787485
FJ1389M,BP21095,FMA37368,Fourth lumbrical of left foot,328,410,33704,1779787485
FJ1390,BP21078,FMA37368,Abductor digiti minimi of right foot,1276,1492,129024,1779787485
FJ1390M,BP20950,FMA37368,Abductor digiti minimi of left foot,1276,1492,127797,1779787485
FJ1391,BP20926,FMA37368,Flexor digiti minimi brevis of right foot,786,820,72581,1779787485
FJ1391M,BP20951,FMA37368,Flexor digiti minimi brevis of left foot,786,821,71619,1779787485
FJ1392,BP23237,FMA35187,Interosseous membrane of right leg,5640,4157,440502,1779787485
FJ1392M,BP23277,FMA35187,Interosseous membrane of left leg,5640,4157,435777,1779787485
FJ1393,BP23736,FMA45729,Lateral head of right flexor hallucis brevis,1742,2213,188569,1779787485
FJ1393M,BP23509,FMA45729,Lateral head of left flexor hallucis brevis,1742,2213,186223,1779787485
FJ1394,BP23402,FMA45729,Lateral head of right gastrocnemius,3052,1748,201276,1779787485
FJ1394M,BP21841,FMA45729,Lateral head of left gastrocnemius,3052,1746,199791,1779787485
FJ1395,BP23571,FMA45729,Long head of right biceps femoris,5110,2838,341125,1779787485
FJ1395M,BP23514,FMA45729,Long head of left biceps femoris,5110,2837,337678,1779787485
FJ1396,BP23439,FMA45729,Medial head of right flexor hallucis brevis,992,1199,102175,1779787485
FJ1396M,BP23668,FMA45729,Medial head of left flexor hallucis brevis,992,1201,100786,1779787485
FJ1397,BP23593,FMA45729,Medial head of right gastrocnemius,3842,2263,260611,1779787485
FJ1397M,BP23665,FMA45729,Medial head of left gastrocnemius,3842,2264,258277,1779787485
FJ1398,BP23609,FMA45729,Oblique head of right adductor hallucis,1054,1168,101980,1779787485
FJ1398M,BP23553,FMA45729,Oblique head of left adductor hallucis,1054,1168,100675,1779787485
FJ1399,BP20811,FMA37368,Opponens digiti minimi of right foot,200,267,21673,1779787485
FJ1399M,BP21010,FMA37368,Opponens digiti minimi of left foot,200,267,21419,1779787485
FJ1400,BP20985,FMA37368,Right abductor hallucis,1068,974,89939,1779787485
FJ1400M,BP22702,FMA37368,Left abductor hallucis,1068,972,88710,1779787485
FJ1401,BP20360,FMA22439,Right adductor brevis,1464,1091,108872,1779787485
FJ1401M,BP20483,FMA22439,Left adductor brevis,1464,1089,107302,1779787485
FJ1402,BP20455,FMA22439,Right adductor longus,2616,1536,173676,1779787485
FJ1402M,BP22532,FMA22439,Left adductor longus,2616,1536,171954,1779787485
FJ1403,BP20442,FMA22439,Right adductor magnus,5972,4560,477697,1779787485
FJ1403M,BP22460,FMA22439,Left adductor magnus,5972,4562,471560,1779787485
FJ1404,BP22513,FMA22439,Right adductor minimus,1958,1600,155531,1779787485
FJ1404M,BP20450,FMA22439,Left adductor minimus,1958,1597,152978,1779787485
FJ1405,BP23114,FMA21496,Right calcaneal tendon,3882,3663,349536,1779787485
FJ1405M,BP23161,FMA21496,Left calcaneal tendon,3882,3661,345366,1779787485
FJ1406,BP22264,FMA22471,Right extensor digitorum longus,4546,3964,389812,1779787485
FJ1406M,BP21703,FMA22471,Left extensor digitorum longus,4546,3965,385957,1779787485
FJ1407,BP20931,FMA37368,Right extensor hallucis brevis,1230,1257,113193,1779787485
FJ1407M,BP21977,FMA37368,Left extensor hallucis brevis,1230,1257,112044,1779787485
FJ1408,BP20374,FMA22471,Right extensor hallucis longus,1668,1388,133232,1779787485
FJ1408M,BP22411,FMA22471,Left extensor hallucis longus,1668,1384,132151,1779787485
FJ1409,BP20513,FMA22471,Right fibularis brevis,1766,1605,150656,1779787485
FJ1409M,BP20493,FMA22471,Left fibularis brevis,1766,1605,149000,1779787485
FJ1410,BP21307,FMA22471,Right fibularis longus,3860,2946,304191,1779787485
FJ1410M,BP22506,FMA22471,Left fibularis longus,3860,2947,301580,1779787485
FJ1411,BP20546,FMA22471,Right fibularis tertius,1416,1488,132455,1779787485
FJ1411M,BP19733,FMA22471,Left fibularis tertius,1416,1486,130954,1779787485
FJ1412,BP21535,FMA37368,Right flexor accessorius,842,718,67588,1779787485
FJ1412M,BP20525,FMA37368,Left flexor accessorius,842,718,66869,1779787485
FJ1413,BP20833,FMA37368,Right flexor digitorum brevis,2436,2468,227256,1779787485
FJ1413M,BP21002,FMA37368,Left flexor digitorum brevis,2436,2479,225417,1779787485
FJ1414,BP20907,FMA22471,Right flexor digitorum longus,4004,3037,315900,1779787485
FJ1414M,BP20886,FMA22471,Left flexor digitorum longus,4004,3039,312396,1779787485
FJ1415,BP20765,FMA22471,Right flexor hallucis longus,2758,1847,198508,1779787485
FJ1415M,BP20821,FMA22471,Left flexor hallucis longus,2758,1847,196244,1779787485
FJ1416,BP22245,FMA22319,Right gemellus inferior,642,503,48348,1779787485
FJ1416M,BP20398,FMA22319,Left gemellus inferior,642,503,47943,1779787485
FJ1417,BP20342,FMA22318,Right gemellus superior,402,525,42606,1779787485
FJ1417M,BP22517,FMA22318,Left gemellus superior,402,527,42237,1779787485
FJ1418,BP23934,FMA22314,Right gluteus maximus,2376,2053,197021,1779787485
FJ1418M,BP23939,FMA22314,Left gluteus maximus,2376,2053,195055,1779787485
FJ1419,BP20250,FMA22315,Right gluteus medius,3356,2312,246287,1779787485
FJ1419M,BP20696,FMA22315,Left gluteus medius,3356,2308,244028,1779787485
FJ1420,BP22923,FMA22317,Right gluteus minimus,4208,3066,321136,1779787485
FJ1420M,BP20244,FMA22317,Left gluteus minimus,4208,3066,318400,1779787485
FJ1421,BP21111,FMA22439,Right gracilis,3172,2086,227399,1779787485
FJ1421M,BP20606,FMA22439,Left gracilis,3172,2085,224946,1779787485
FJ1422,BP22931,FMA22310,Right iliacus,2862,2447,237954,1779787485
FJ1422M,BP23542,FMA22310,Left iliacus,2862,2452,236236,1779787485
FJ1423,BP20524,FMA51048,Right iliotibial tract,17172,9425,1165083,1779787485
FJ1423M,BP19773,FMA51048,Left iliotibial tract,17172,9425,1157463,1779787485
FJ1424,BP20809,FMA21496,Right long plantar ligament,2722,2445,236055,1779787485
FJ1424M,BP23763,FMA21496,Left long plantar ligament,2722,2450,234076,1779787485
FJ1425,BP22154,FMA19083,Right obturator externus,784,715,64908,1779787485
FJ1425M,BP22489,FMA19083,Left obturator externus,784,715,64401,1779787485
FJ1426,BP20429,FMA19083,Right obturator internus,2466,1883,189193,1779787485
FJ1426M,BP20422,FMA19083,Left obturator internus,2466,1884,187541,1779787485
FJ1427,BP20423,FMA22439,Right pectineus,1380,963,97605,1779787485
FJ1427M,BP20433,FMA22439,Left pectineus,1380,963,96807,1779787485
FJ1428,BP20097,FMA19082,Right piriformis,1092,798,79111,1779787485
FJ1428M,BP23829,FMA19082,Left piriformis,1092,796,78213,1779787485
FJ1429,BP21015,FMA22471,Right plantaris,2512,1466,165779,1779787485
FJ1429M,BP20980,FMA22471,Left plantaris,2512,1466,164167,1779787485
FJ1430,BP21538,FMA22471,Right popliteus,858,588,59842,1779787485
FJ1430M,BP20999,FMA22471,Left popliteus,858,589,59310,1779787485
FJ1431,BP23474,FMA18060,Right psoas major,4900,3632,378679,1779787485
FJ1431M,BP23361,FMA18060,Left psoas major,4900,3634,376027,1779787485
FJ1432,BP20043,FMA22321,Right quadratus femoris,1196,1015,95753,1779787485
FJ1432M,BP20315,FMA22321,Left quadratus femoris,1196,1013,94510,1779787485
FJ1433,BP23176,FMA10474,Right rectus femoris,5688,3326,389381,1779787485
FJ1433M,BP23766,FMA10474,Left rectus femoris,5688,3326,386021,1779787485
FJ1434,BP23764,FMA22353,Right sartorius,3444,2630,269942,1779787485
FJ1434M,BP20388,FMA22353,Left sartorius,3444,2633,267347,1779787485
FJ1435,BP19734,FMA22427,Right semimembranosus,4612,2588,307578,1779787485
FJ1435M,BP20424,FMA22427,Left semimembranosus,4612,2588,305006,1779787485
FJ1436,BP19761,FMA22357,Right semitendinosus,2712,1812,194856,1779787485
FJ1436M,BP22061,FMA22357,Left semitendinosus,2712,1808,192426,1779787485
FJ1437,BP20851,FMA22471,Right soleus,4418,2674,306672,1779787485
FJ1437M,BP20918,FMA22471,Left soleus,4418,2674,303298,1779787485
FJ1438,BP19549,FMA22423,Right tensor fasciae latae,1254,1087,102043,1779787485
FJ1438M,BP20090,FMA22423,Left tensor fasciae latae,1254,1087,101014,1779787485
FJ1439,BP20542,FMA22471,Right tibialis anterior,2510,2204,212990,1779787485
FJ1439M,BP22485,FMA22471,Left tibialis anterior,2510,2206,211295,1779787485
FJ1440,BP20887,FMA22471,Right tibialis posterior,5136,5039,476562,1779787485
FJ1440M,BP22704,FMA22471,Left tibialis posterior,5136,5037,470798,1779787485
FJ1441,BP23143,FMA10474,Right vastus intermedius,4260,2748,304715,1779787485
FJ1441M,BP23111,FMA10474,Left vastus intermedius,4260,2744,301799,1779787485
FJ1442,BP23150,FMA10474,Right vastus lateralis,6688,3975,464315,1779787485
FJ1442M,BP23367,FMA10474,Left vastus lateralis,6688,3974,460578,1779787485
FJ1443,BP20583,FMA10474,Right vastus medialis,4552,2773,317440,1779787485
FJ1443M,BP23244,FMA10474,Left vastus medialis,4552,2772,314706,1779787485
FJ1444,BP23611,FMA45729,Short head of right biceps femoris,1728,1211,123986,1779787485
FJ1444M,BP23356,FMA45729,Short head of left biceps femoris,1728,1215,123099,1779787485
FJ1445,BP23372,FMA45729,Transverse head of right adductor hallucis,818,1115,91921,1779787485
FJ1445M,BP23410,FMA45729,Transverse head of left adductor hallucis,818,1115,90511,1779787485
FJ1446,BP23178,FMA10474,Abdominal part of right pectoralis major,1536,1019,104638,1779787485
FJ1446M,BP23068,FMA10474,Abdominal part of left pectoralis major,1536,1019,103613,1779787485
FJ1447,BP23304,FMA34687,Clavicular part of right pectoralis major,1846,1492,141116,1779787485
FJ1447M,BP23261,FMA34687,Clavicular part of left pectoralis major,1846,1495,139794,1779787485
FJ1448,BP22616,FMA11336,Linea alba,1990,1114,124430,1779787485
FJ1449M,BP23597,FMA19086,Left coccygeus,2088,1630,159168,1779787485
FJ1450,BP23384,FMA19728,External anal sphincter,368,250,24936,1779787485
FJ1450M,BP23384,FMA19728,External anal sphincter,368,250,24743,1779787485
FJ1451,BP23614,FMA13354,External intercostal muscle,98928,85775,9118668,1779787485
FJ1451M,BP23614,FMA13354,External intercostal muscle,98928,85756,9040184,1779787485
FJ1452,BP20189,FMA13335,Right external oblique,111826,63907,8308015,1779787485
FJ1452M,BP21644,FMA13335,Left external oblique,111826,63893,8250238,1779787485
FJ1453M,BP23080,FMA10474,Left iliococcygeus,3862,3288,320926,1779787485
FJ1454,BP23737,FMA13354,Innermost intercostal muscle,87218,70306,7720149,1779787485
FJ1454M,BP23737,FMA13354,Innermost intercostal muscle,87218,70269,7642544,1779787485
FJ1455,BP23744,FMA13354,Internal intercostal muscle,89838,70842,7706151,1779787485
FJ1455M,BP23744,FMA13354,Internal intercostal muscle,89838,70829,7632486,1779787485
FJ1456,BP23886,FMA13109,Right pectoralis minor,9468,6741,719116,1779787485
FJ1456M,BP23831,FMA13109,Left pectoralis minor,9468,6746,711985,1779787485
FJ1457M,BP23259,FMA10474,Left pubococcygeus,4616,3296,347668,1779787485
FJ1458M,BP23215,FMA10474,Left puborectalis,3634,3817,342634,1779787485
FJ1459,BP20849,FMA13397,Right serratus anterior,49212,28465,3599980,1779787485
FJ1459M,BP20911,FMA13397,Left serratus anterior,49212,28450,3571535,1779787485
FJ1460,BP20318,FMA13410,Right subclavius,1640,1155,117210,1779787485
FJ1460M,BP20239,FMA13410,Left subclavius,1640,1158,116462,1779787485
FJ1461,BP23674,FMA5022,Right transversus thoracis,4188,4749,421491,1779787485
FJ1461M,BP23719,FMA5022,Left transversus thoracis,4188,4745,416740,1779787485
FJ1462,BP21586,FMA32558,Set of right levatores costarum breves,6050,5835,554230,1779787485
FJ1462M,BP21563,FMA32558,Set of left levatores costarum breves,6050,5815,546480,1779787485
FJ1463,BP22812,FMA32558,Set of right levatores costarum longi,12210,8260,916452,1779787485
FJ1463M,BP22949,FMA32558,Set of left levatores costarum longi,12210,8256,908398,1779787485
FJ1464,BP23276,FMA10474,Sternocostal part of right pectoralis major,7114,5480,556430,1779787485
FJ1464M,BP24065,FMA10474,Sternocostal part of left pectoralis major,7114,5466,550997,1779787485
FJ1465,BP19735,FMA14065,Tendinous arch of levator ani,722,454,47672,1779787485
FJ1465M,BP19735,FMA14065,Tendinous arch of levator ani,722,454,47196,1779787485
FJ1466,BP22694,FMA37348,Abductor digiti minimi of right hand,508,625,51797,1779787485
FJ1466M,BP21575,FMA37348,Abductor digiti minimi of left hand,508,620,50786,1779787485
FJ1467,BP23172,FMA10474,Acromial part of right deltoid,1300,916,92227,1779787485
FJ1467M,BP23036,FMA10474,Acromial part of left deltoid,1300,918,91505,1779787485
FJ1468,BP23257,FMA10474,Clavicular part of right deltoid,2206,2592,223293,1779787485
FJ1468M,BP23060,FMA10474,Clavicular part of left deltoid,2206,2604,221642,1779787485
FJ1469,BP20816,FMA37348,Left flexor pollicis brevis,714,735,64109,1779787485
FJ1469M,BP20912,FMA37348,Right flexor pollicis brevis,714,735,63350,1779787485
FJ1470,BP20839,FMA37348,Flexor digiti minimi brevis of right hand,328,312,27674,1779787485
FJ1470M,BP20825,FMA37348,Flexor digiti minimi brevis of left hand,328,312,27369,1779787485
FJ1471,BP23035,FMA14065,Flexor retinaculum of right wrist,1924,1594,153439,1779787485
FJ1471M,BP23308,FMA14065,Flexor retinaculum of left wrist,1924,1591,151432,1779787485
FJ1472,BP20805,FMA37348,Right extensor carpi ulnaris,2186,2975,247768,1779787485
FJ1472M,BP21003,FMA37348,Left extensor carpi ulnaris,2186,2983,245437,1779787485
FJ1473,BP22736,FMA38615,Humeral head of right flexor carpi ulnaris,2656,1887,195739,1779787485
FJ1473M,BP23267,FMA38615,Humeral head of left flexor carpi ulnaris,2656,1884,193669,1779787485
FJ1474,BP23177,FMA38558,Humeral head of right pronator teres,1846,1588,150954,1779787485
FJ1474M,BP23211,FMA38558,Humeral head of left pronator teres,1846,1599,150278,1779787485
FJ1475,BP20898,FMA37348,Right flexor digitorum superficialis,8698,6109,664184,1779787485
FJ1475M,BP21034,FMA37348,Left flexor digitorum superficialis,8698,6106,657581,1779787485
FJ1476,BP23138,FMA23706,Interosseous membrane of right forearm,1588,1647,147112,1779787485
FJ1476M,BP23038,FMA23706,Interosseous membrane of left forearm,1588,1645,145366,1779787485
FJ1477,BP21319,FMA37694,Lateral head of right triceps brachii,2606,1678,181886,1779787485
FJ1477M,BP23168,FMA37694,Lateral head of left triceps brachii,2606,1676,180087,1779787485
FJ1478,BP23056,FMA37683,Long head of right biceps brachii,1426,1053,105022,1779787485
FJ1478M,BP23144,FMA37683,Long head of left biceps brachii,1426,1039,102896,1779787485
FJ1479,BP23146,FMA37692,Long head of right triceps brachii,1588,1105,112923,1779787485
FJ1479M,BP23325,FMA37692,Long head of left triceps brachii,1588,1109,112104,1779787485
FJ1480,BP23121,FMA37693,Medial head of right triceps brachii,832,620,61244,1779787485
FJ1480M,BP23335,FMA37693,Medial head of left triceps brachii,832,617,60220,1779787485
FJ1481,BP23077,FMA45729,Oblique head of right adductor pollicis,658,734,62737,1779787485
FJ1481M,BP23109,FMA45729,Oblique head of left adductor pollicis,658,733,61988,1779787485
FJ1482,BP21052,FMA37348,Opponens digiti minimi of right hand,484,626,50926,1779787485
FJ1482M,BP21012,FMA37348,Opponens digiti minimi of left hand,484,624,50101,1779787485
FJ1483,BP20944,FMA37348,Right abductor pollicis brevis,744,713,63793,1779787485
FJ1483M,BP20910,FMA37348,Left abductor pollicis brevis,744,711,63104,1779787485
FJ1484,BP20840,FMA37348,Right abductor pollicis longus,1874,1439,142756,1779787485
FJ1484M,BP20933,FMA37348,Left abductor pollicis longus,1874,1439,141525,1779787485
FJ1485,BP20414,FMA37348,Right anconeus,1278,1105,103698,1779787485
FJ1485M,BP19718,FMA37348,Left anconeus,1278,1106,102608,1779787485
FJ1486,BP19754,FMA37348,Right brachialis,1746,1266,127537,1779787485
FJ1486M,BP19786,FMA37348,Left brachialis,1746,1256,125708,1779787485
FJ1487,BP20916,FMA37348,Right brachioradialis,4874,3270,358691,1779787485
FJ1487M,BP22692,FMA37348,Left brachioradialis,4874,3272,355710,1779787485
FJ1488,BP22511,FMA37348,Right coracobrachialis,444,451,39397,1779787485
FJ1488M,BP22531,FMA37348,Left coracobrachialis,444,449,38822,1779787485
FJ1489,BP20943,FMA37348,Right extensor carpi radialis brevis,2098,1564,157675,1779787485
FJ1489M,BP21466,FMA37348,Left extensor carpi radialis brevis,2098,1564,156012,1779787485
FJ1490,BP20888,FMA37348,Right extensor carpi radialis longus,2474,1696,178697,1779787485
FJ1490M,BP21025,FMA37348,Left extensor carpi radialis longus,2474,1702,177527,1779787485
FJ1491,BP20922,FMA37348,Right extensor digiti minimi,1434,1014,102336,1779787485
FJ1491M,BP20761,FMA37348,Left extensor digiti minimi,1434,1017,101718,1779787485
FJ1492,BP21413,FMA37348,Right extensor digitorum,4294,3355,341932,1779787485
FJ1492M,BP20968,FMA37348,Left extensor digitorum,4294,3350,338299,1779787485
FJ1493,BP20815,FMA37348,Right extensor indicis,720,690,61704,1779787485
FJ1493M,BP21555,FMA37348,Left extensor indicis,720,692,61154,1779787485
FJ1494,BP20939,FMA37348,Right extensor pollicis brevis,998,846,79597,1779787485
FJ1494M,BP20862,FMA37348,Left extensor pollicis brevis,998,846,78796,1779787485
FJ1495,BP20770,FMA37348,Right extensor pollicis longus,1326,1177,109819,1779787485
FJ1495M,BP20979,FMA37348,Left extensor pollicis longus,1326,1178,108658,1779787485
FJ1496,BP20780,FMA37348,Right flexor carpi radialis,1148,819,82387,1779787485
FJ1496M,BP21056,FMA37348,Left flexor carpi radialis,1148,819,81660,1779787485
FJ1497,BP20956,FMA37348,Right flexor digitorum profundus,4838,3857,392125,1779787485
FJ1497M,BP20781,FMA37348,Left flexor digitorum profundus,4838,3852,387554,1779787485
FJ1498,BP20993,FMA37348,Right flexor pollicis longus,1442,1781,151277,1779787485
FJ1498M,BP21043,FMA37348,Left flexor pollicis longus,1442,1783,149431,1779787485
FJ1499,BP20898,FMA37348,Right flexor digitorum superficialis,866,636,62959,1779787485
FJ1499M,BP21034,FMA37348,Left flexor digitorum superficialis,866,636,62380,1779787485
FJ1500,BP22313,FMA32520,Right infraspinatus,866,743,69473,1779787485
FJ1500M,BP20405,FMA32520,Left infraspinatus,866,738,68675,1779787485
FJ1501,BP21042,FMA37348,Right opponens pollicis,956,1015,88339,1779787485
FJ1501M,BP20826,FMA37348,Left opponens pollicis,956,1015,87448,1779787485
FJ1502,BP20900,FMA37348,Right palmaris longus,4968,4471,434691,1779787485
FJ1502M,BP20803,FMA37348,Left palmaris longus,4968,4469,429697,1779787485
FJ1503,BP20975,FMA37348,Right pronator quadratus,1838,2257,192238,1779787485
FJ1503M,BP21080,FMA37348,Left pronator quadratus,1838,2259,190093,1779787485
FJ1504,BP20479,FMA13413,Right subscapularis,2092,2775,231369,1779787485
FJ1504M,BP20341,FMA13413,Left subscapularis,2092,2759,227740,1779787485
FJ1505,BP20779,FMA37348,Right supinator,3110,2368,241285,1779787485
FJ1505M,BP20882,FMA37348,Left supinator,3110,2379,240183,1779787485
FJ1506,BP20406,FMA32520,Right supraspinatus,878,843,75808,1779787485
FJ1506M,BP20454,FMA32520,Left supraspinatus,878,842,74704,1779787485
FJ1507,BP20591,FMA32520,Right teres major,1042,1044,92786,1779787485
FJ1507M,BP22652,FMA32520,Left teres major,1042,1052,92144,1779787485
FJ1508,BP20345,FMA32520,Right teres minor,506,392,37648,1779787485
FJ1508M,BP20604,FMA32520,Left teres minor,506,391,37318,1779787485
FJ1509,BP22795,FMA32558,Set of dorsal interossei of right hand,2618,3762,311247,1779787485
FJ1509M,BP21580,FMA32558,Set of dorsal interossei of left hand,2618,3756,305424,1779787485
FJ1510,BP22946,FMA32558,Set of lumbricals of right hand,2668,3008,265209,1779787485
FJ1510M,BP21560,FMA32558,Set of lumbricals of left hand,2668,3012,263056,1779787485
FJ1511,BP22900,FMA32558,Set of palmar interossei of right hand,966,1239,102930,1779787485
FJ1511M,BP22815,FMA32558,Set of palmar interossei of left hand,966,1243,102055,1779787485
FJ1512,BP23133,FMA37682,Short head of right biceps brachii,1856,1739,161143,1779787485
FJ1512M,BP23332,FMA37682,Short head of left biceps brachii,1856,1743,159419,1779787485
FJ1513,BP23106,FMA10474,Spinal part of right deltoid,1900,1665,156772,1779787485
FJ1513M,BP23094,FMA10474,Spinal part of left deltoid,1900,1678,156368,1779787485
FJ1514,BP23262,FMA45729,Superficial head of right flexor pollicis brevis,726,954,77590,1779787485
FJ1514M,BP23275,FMA45729,Superficial head of left flexor pollicis brevis,726,954,76663,1779787485
FJ1515,BP20577,FMA45729,Transverse head of right adductor pollicis,754,645,60076,1779787485
FJ1515M,BP23309,FMA45729,Transverse head of left adductor pollicis,754,645,59508,1779787485
FJ1516,BP21318,FMA38559,Ulnar head of right pronator teres,1040,791,77221,1779787485
FJ1516M,BP23252,FMA38559,Ulnar head of left pronator teres,1040,791,76470,1779787485
FJ1517,BP20805,FMA37348,Right extensor carpi ulnaris,1208,1114,101923,1779787485
FJ1517M,BP21003,FMA37348,Left extensor carpi ulnaris,1208,1116,101033,1779787485
FJ1518,BP21290,FMA38616,Ulnar head of right flexor carpi ulnaris,1538,1715,149258,1779787485
FJ1518M,BP23310,FMA38616,Ulnar head of left flexor carpi ulnaris,1538,1717,147705,1779787485
FJ1520,BP21493,FMA32555,Ascending part of right trapezius,10530,7533,812007,1779787485
FJ1520M,BP21517,FMA32555,Ascending part of left trapezius,10530,7507,806714,1779787485
FJ1521,BP21469,FMA32557,Descending part of right trapezius,7108,5023,537151,1779787485
FJ1521M,BP21478,FMA32557,Descending part of left trapezius,7108,4999,532329,1779787485
FJ1522,BP20499,FMA22594,Right lumbar rotator,4742,5188,467905,1779787485
FJ1522M,BP22649,FMA22594,Left lumbar rotator,4742,5187,462423,1779787485
FJ1524,BP20738,FMA22594,Right cervical rotator,3534,4553,387796,1779787485
FJ1524M,BP20535,FMA22594,Left cervical rotator,3534,4535,382240,1779787485
FJ1525,BP19658,FMA22594,Thoracic rotator,11062,11002,1041323,1779787485
FJ1525M,BP19658,FMA22594,Thoracic rotator,11062,11012,1031028,1779787485
FJ1526,BP20478,FMA22594,Right iliocostalis cervicis,3072,2315,237182,1779787485
FJ1526M,BP20452,FMA22594,Left iliocostalis cervicis,3072,2326,235607,1779787485
FJ1527,BP20484,FMA22594,Right iliocostalis lumborum,15872,10585,1189607,1779787485
FJ1527M,BP19739,FMA22594,Left iliocostalis lumborum,15872,10581,1178250,1779787485
FJ1528,BP20440,FMA22594,Right iliocostalis thoracis,8386,5508,618444,1779787486
FJ1528M,BP22651,FMA22594,Left iliocostalis thoracis,8386,5509,613440,1779787486
FJ1532,BP20804,FMA32516,Right levator scapulae,4718,3311,355142,1779787485
FJ1532M,BP20942,FMA32516,Left levator scapulae,4718,3324,352646,1779787485
FJ1533,BP20331,FMA22594,Right longissimus capitis,2260,1821,179453,1779787486
FJ1533M,BP20603,FMA22594,Left longissimus capitis,2260,1824,177927,1779787486
FJ1534,BP22514,FMA22594,Right longissimus cervicis,2816,2325,228813,1779787485
FJ1534M,BP20543,FMA22594,Left longissimus cervicis,2816,2330,227583,1779787485
FJ1535,BP20522,FMA22594,Right longissimus thoracis,15068,13066,1318824,1779787485
FJ1535M,BP19807,FMA22594,Left longissimus thoracis,15068,13072,1306316,1779787485
FJ1536,BP20938,FMA13379,Right rhomboid major,7202,5057,549184,1779787485
FJ1536M,BP20902,FMA13379,Left rhomboid major,7202,5063,544095,1779787485
FJ1537,BP20892,FMA13380,Right rhomboid minor,2206,1506,157548,1779787486
FJ1537M,BP22066,FMA13380,Left rhomboid minor,2206,1505,155955,1779787485
FJ1538,BP22515,FMA22594,Right semispinalis capitis,1912,2744,218638,1779787485
FJ1538M,BP20362,FMA22594,Left semispinalis capitis,1912,2738,214741,1779787485
FJ1539,BP20598,FMA22594,Right semispinalis cervicis,3406,3060,294605,1779787486
FJ1539M,BP22190,FMA22594,Left semispinalis cervicis,3406,3047,291159,1779787485
FJ1540,BP20532,FMA22594,Right semispinalis thoracis,5176,4575,448012,1779787486
FJ1540M,BP20457,FMA22594,Left semispinalis thoracis,5176,4582,444040,1779787486
FJ1541,BP23747,FMA13400,Right serratus posterior inferior,13164,8698,977394,1779787485
FJ1541M,BP23485,FMA13400,Left serratus posterior inferior,13164,8680,968811,1779787485
FJ1542,BP23358,FMA13400,Right serratus posterior superior,9066,6219,685598,1779787486
FJ1542M,BP23455,FMA13400,Left serratus posterior superior,9066,6203,678943,1779787486
FJ1543,BP23472,FMA22594,Spinalis,1192,1146,103406,1779787485
FJ1543M,BP23472,FMA22594,Spinalis,1192,1146,102615,1779787485
FJ1544,BP19757,FMA22594,Right spinalis thoracis,7422,5758,598537,1779787486
FJ1544M,BP20426,FMA22594,Left spinalis thoracis,7422,5756,593677,1779787486
FJ1545,BP21707,FMA22594,Right splenius capitis,7808,4841,556135,1779787486
FJ1545M,BP21636,FMA22594,Left splenius capitis,7808,4846,553901,1779787485
FJ1546,BP20467,FMA22594,Right splenius cervicis,6256,4604,486358,1779787485
FJ1546M,BP20533,FMA22594,Left splenius cervicis,6256,4610,483268,1779787486
FJ1547,BP20530,FMA22594,Lateral lumbar intertransversarius,1362,1628,139015,1779787485
FJ1547M,BP20530,FMA22594,Lateral lumbar intertransversarius,1362,1628,137390,1779787485
FJ1548,BP20392,FMA22594,Medial lumbar intertransversarius,1736,1416,136760,1779787485
FJ1548M,BP20392,FMA22594,Medial lumbar intertransversarius,1736,1413,135091,1779787486
FJ1549,BP23055,FMA32558,Set of anterior cervical intertransversarii,1152,1068,97358,1779787485
FJ1549M,BP23055,FMA32558,Set of anterior cervical intertransversarii,1152,1070,96397,1779787485
FJ1550,BP22921,FMA32558,Set of interspinales lumborum,774,819,71405,1779787486
FJ1550M,BP22921,FMA32558,Set of interspinales lumborum,774,817,70671,1779787485
FJ1551,BP20361,FMA22594,Right interspinalis thoracis,410,425,36769,1779787485
FJ1551M,BP20516,FMA22594,Left interspinalis thoracis,410,426,36581,1779787485
FJ1552,BP21485,FMA32558,Set of interspinales cervicis,1210,1148,104153,1779787485
FJ1552M,BP21485,FMA32558,Set of interspinales cervicis,1210,1160,103967,1779787486
FJ1553,BP24027,FMA32558,Set of posterior cervical intertransversarii,1090,1074,95764,1779787485
FJ1553M,BP24027,FMA32558,Set of posterior cervical intertransversarii,1090,1071,94663,1779787485
FJ1554,BP23026,FMA10474,Transverse part of right trapezius,4460,3535,351505,1779787485
FJ1554M,BP23256,FMA10474,Transverse part of left trapezius,4460,3535,348129,1779787486
FJ1555,BP23544,FMA46290,Left digastric,650,408,42436,1779787486
FJ1556,BP23546,FMA46290,Right digastric,680,457,46793,1779787486
FJ1557,BP23075,FMA10474,Inferior oblique part of left longus colli,1960,1130,124409,1779787486
FJ1558,BP23604,FMA45738,Left platysma,13396,7290,896317,1779787486
FJ1559,BP23354,FMA46290,Left geniohyoid,732,419,45701,1779787486
FJ1560,BP23544,FMA46290,Left digastric,392,367,32461,1779787486
FJ1561,BP23551,FMA22594,Left longus capitis,3898,2300,262260,1779787486
FJ1562,BP23505,FMA46290,Left mylohyoid,1938,1257,132934,1779787486
FJ1563,BP20397,FMA22594,Left obliquus capitis inferior,1044,703,71492,1779787486
FJ1564,BP20435,FMA22594,Left obliquus capitis superior,1418,1454,127614,1779787486
FJ1565,BP23521,FMA13338,Left omohyoid,5358,3211,367072,1779787486
FJ1566,BP20248,FMA22594,Left rectus capitis anterior,816,646,61429,1779787486
FJ1567,BP20642,FMA22594,Left rectus capitis posterior major,1566,1038,106847,1779787486
FJ1568,BP20531,FMA22594,Left rectus capitis posterior minor,860,686,64718,1779787486
FJ1569,BP20145,FMA22594,Left rectus capitis lateralis,720,598,55918,1779787486
FJ1570,BP23606,FMA13385,Left scalenus anterior,2596,1673,179545,1779787486
FJ1571,BP23616,FMA13386,Left scalenus medius,4074,2969,309144,1779787486
FJ1572,BP23656,FMA13387,Left scalenus posterior,2756,1920,199798,1779787486
FJ1573,BP23424,FMA13407,Left sternocleidomastoid,10224,6210,718024,1779787486
FJ1574,BP23601,FMA13338,Left sternohyoid,3078,1812,203923,1779787486
FJ1575,BP23603,FMA13338,Left sternothyroid,2590,1569,172479,1779787486
FJ1576,BP23559,FMA45827,Left stylohyoid,1248,909,89580,1779787486
FJ1577,BP23577,FMA13338,Left thyrohyoid,1436,928,96046,1779787486
FJ1578,BP23544,FMA46290,Left digastric,2242,1389,148802,1779787486
FJ1579,BP23546,FMA46290,Right digastric,2272,1525,160227,1779787486
FJ1580,BP23425,FMA46290,Right geniohyoid,728,408,45137,1779787486
FJ1581,BP22918,FMA14065,Right intermediate tendon,468,408,37620,1779787486
FJ1582,BP24099,FMA22594,Right longus capitis,3956,2489,278392,1779787486
FJ1583,BP23666,FMA46290,Right mylohyoid,1956,1267,134736,1779787486
FJ1584,BP20333,FMA22594,Right obliquus capitis inferior,1032,692,71136,1779787486
FJ1585,BP20510,FMA22594,Right obliquus capitis superior,1410,1569,135235,1779787486
FJ1586,BP23554,FMA13338,Right omohyoid,5414,3368,383023,1779787486
FJ1587,BP23725,FMA45738,Right platysma,13780,7857,950226,1779787486
FJ1588,BP23873,FMA22594,Right rectus capitis anterior,804,750,67885,1779787486
FJ1589,BP20741,FMA22594,Right rectus capitis posterior major,1572,1074,110271,1779787486
FJ1590,BP22409,FMA22594,Right rectus capitis posterior minor,886,744,69386,1779787486
FJ1591,BP19713,FMA22594,Right rectus capitis lateralis,674,553,52282,1779787486
FJ1592,BP23409,FMA13385,Right scalenus anterior,2632,1697,182977,1779787486
FJ1593,BP21486,FMA13386,Right scalenus medius,4102,3015,314232,1779787486
FJ1594,BP23750,FMA13387,Right scalenus posterior,2778,1979,205523,1779787486
FJ1595,BP23713,FMA13407,Right sternocleidomastoid,10344,6642,755460,1779787486
FJ1596,BP23491,FMA13338,Right sternohyoid,3116,1911,213551,1779787486
FJ1597,BP23662,FMA13338,Right sternothyroid,2608,1585,175737,1779787486
FJ1598,BP23678,FMA45826,Right stylohyoid,1236,843,86218,1779787486
FJ1599,BP23558,FMA13338,Right thyrohyoid,1450,1102,107393,1779787486
FJ1600,BP23160,FMA10474,Superior oblique part of left longus colli,2200,1433,150851,1779787486
FJ1601,BP23033,FMA10474,Vertical intermediate part of left longus colli,3002,1953,211202,1779787486
FJ1654,BP21122,FMA50028,Right anterior cerebral artery,400,213,23672,1779787486
FJ1654M,BP21083,FMA50028,Left anterior cerebral artery,400,213,23462,1779787486
FJ1655,BP22192,FMA50031,Anterior communicating artery,80,63,5840,1779787486
FJ1656,BP22939,FMA50544,Anterior inferior cerebellar artery,766,524,53443,1779787486
FJ1656M,BP22939,FMA50544,Anterior inferior cerebellar artery,766,519,52678,1779787486
FJ1657,BP21096,FMA50531,Right anterior spinal artery,304,218,21396,1779787486
FJ1657M,BP21116,FMA50531,Left anterior spinal artery,304,218,21194,1779787486
FJ1658M,BP21059,FMA50087,Left anterior choroidal artery,418,343,31767,1779787486
FJ1659,BP22068,FMA50081,Right anterior temporal artery,1214,1104,99554,1779787486
FJ1659M,BP21269,FMA50081,Left anterior temporal artery,1214,1104,98548,1779787486
FJ1660,BP23792,FMA50080,Insular part of right middle cerebral artery,1154,579,67783,1779787486
FJ1660M,BP23173,FMA50080,Insular part of left middle cerebral artery,1154,579,67189,1779787486
FJ1661,BP22726,FMA50586,Anterior temporal branch of right lateral occipital artery,2488,1473,165222,1779787486
FJ1661M,BP21155,FMA50586,Anterior temporal branch of left lateral occipital artery,2488,1471,163485,1779787486
FJ1664,BP21196,FMA50081,Artery of central sulcus,3890,1972,243354,1779787486
FJ1664M,BP21196,FMA50081,Artery of central sulcus,3890,1967,241051,1779787486
FJ1665,BP21196,FMA50081,Artery of central sulcus,3518,1791,219378,1779787486
FJ1665M,BP21196,FMA50081,Artery of central sulcus,3518,1791,217536,1779787486
FJ1666,BP21222,FMA50081,Artery of right postcentral sulcus,2816,1414,171752,1779787486
FJ1666M,BP20626,FMA50081,Artery of left postcentral sulcus,2816,1412,170273,1779787486
FJ1667,BP21265,FMA50081,Right anterior parietal artery,1908,964,113217,1779787486
FJ1667M,BP21221,FMA50081,Left anterior parietal artery,1908,963,112145,1779787486
FJ1668,BP21244,FMA50081,Artery of right precentral sulcus,3486,1757,216265,1779787486
FJ1668M,BP21239,FMA50081,Artery of left precentral sulcus,3486,1758,214474,1779787486
FJ1669,BP21244,FMA50081,Artery of right precentral sulcus,1266,637,74559,1779787486
FJ1669M,BP21239,FMA50081,Artery of left precentral sulcus,1266,637,73927,1779787486
FJ1670,BP21244,FMA50081,Artery of right precentral sulcus,886,450,52189,1779787486
FJ1670M,BP21239,FMA50081,Artery of left precentral sulcus,886,450,51749,1779787486
FJ1671,BP21280,FMA50031,Precuneal branch of right pericallosal artery,1266,932,92781,1779787486
FJ1671M,BP21282,FMA50031,Precuneal branch of left pericallosal artery,1266,938,92139,1779787486
FJ1673,BP21211,FMA50081,Branch of right middle cerebral artery to right angular gyrus,1736,928,105684,1779787486
FJ1673M,BP22732,FMA50081,Branch of left middle cerebral artery to left angular gyrus,1736,924,104509,1779787486
FJ1674M,BP21195,FMA50112,Branch of left anterior choroidal artery to posterior limb of left internal capsule,346,400,33486,1779787486
FJ1675,BP21066,FMA50586,Right thalamogeniculate artery,778,882,75024,1779787486
FJ1675M,BP21081,FMA50586,Left thalamogeniculate artery,778,883,74213,1779787486
FJ1676,BP21288,FMA50031,Right callosomarginal artery,578,334,36273,1779787486
FJ1676M,BP21225,FMA50031,Left callosomarginal artery,578,337,36118,1779787486
FJ1677,BP21189,FMA50586,Right splenial artery,262,142,15317,1779787486
FJ1677M,BP21200,FMA50586,Left splenial artery,262,144,15298,1779787486
FJ1678,BP21189,FMA50586,Right splenial artery,1276,648,75641,1779787486
FJ1678M,BP21200,FMA50586,Left splenial artery,1276,649,75088,1779787486
FJ1679,BP21602,FMA50168,Hypothalamic branch of right posterior communicating artery,156,193,14988,1779787486
FJ1679M,BP21163,FMA50168,Hypothalamic branch of left posterior communicating artery,156,195,14934,1779787486
FJ1680,BP21172,FMA50586,Middle temporal branch of right lateral occipital artery,1486,855,94555,1779787486
FJ1680M,BP21171,FMA50586,Middle temporal branch of left lateral occipital artery,1486,853,93575,1779787486
FJ1681,BP21285,FMA50031,Intermediomedial branch of right callosomarginal artery,1098,619,68941,1779787486
FJ1681M,BP21178,FMA50031,Intermediomedial branch of left callosomarginal artery,1098,615,67927,1779787486
FJ1682,BP22909,FMA30313,Trunk of right internal carotid artery,1272,650,75616,1779787486
FJ1682M,BP22858,FMA30313,Trunk of left common carotid artery,1272,650,74952,1779787486
FJ1683,BP21073,FMA50576,Lateral branch of right superior cerebellar artery,728,713,63616,1779787486
FJ1683M,BP21082,FMA50576,Lateral branch of left superior cerebellar artery,728,720,63294,1779787486
FJ1684,BP22712,FMA50563,Lateral branch of right pontine artery,558,515,46967,1779787486
FJ1684M,BP21060,FMA50563,Lateral branch of left pontine artery,558,524,46999,1779787486
FJ1685,BP21249,FMA50081,Right lateral frontobasal artery,3580,1818,223245,1779787486
FJ1685M,BP21248,FMA50081,Left lateral frontobasal artery,3580,1821,221665,1779787486
FJ1686,BP21249,FMA50081,Right lateral frontobasal artery,804,411,47413,1779787486
FJ1686M,BP21248,FMA50081,Left lateral frontobasal artery,804,411,47005,1779787486
FJ1687,BP22829,FMA30313,Trunk of right lateral occipital artery,2204,1198,137732,1779787486
FJ1687M,BP22825,FMA30313,Trunk of left lateral occipital artery,2204,1202,136726,1779787486
FJ1688,BP21145,FMA50576,Medial branch of right superior cerebellar artery,354,342,30086,1779787486
FJ1688M,BP21138,FMA50576,Medial branch of left superior cerebellar artery,354,343,29788,1779787486
FJ1689,BP23807,FMA50563,Medial branch of right pontine artery,294,282,25123,1779787486
FJ1689M,BP22063,FMA50563,Medial branch of left pontine artery,294,282,24868,1779787486
FJ1690,BP21247,FMA50031,Right medial frontobasal artery,698,553,52288,1779787486
FJ1690M,BP21232,FMA50031,Left medial frontobasal artery,698,557,51968,1779787486
FJ1691,BP22895,FMA30313,Trunk of right medial occipital artery,2588,1724,184658,1779787486
FJ1691M,BP22842,FMA30313,Trunk of left medial occipital artery,2588,1713,182132,1779787486
FJ1692,BP23364,FMA50080,Sphenoid part of right middle cerebral artery,800,402,46828,1779787486
FJ1692M,BP23285,FMA50080,Sphenoid part of left middle cerebral artery,800,402,46386,1779787486
FJ1693,BP21218,FMA50081,Middle temporal branch of right middle cerebral artery,818,704,64014,1779787486
FJ1693M,BP21235,FMA50081,Middle temporal branch of left middle cerebral artery,818,701,63122,1779787486
FJ1694M,BP23173,FMA50080,Insular part of left middle cerebral artery,4706,2362,293304,1779787486
FJ1695,BP21135,FMA49868,Right ophthalmic artery,2410,1207,144981,1779787486
FJ1695M,BP21124,FMA49868,Left ophthalmic artery,2410,1207,143748,1779787486
FJ1696,BP21278,FMA50031,Paracentral branch of right callosomarginal artery,2172,1170,135500,1779787486
FJ1696M,BP21277,FMA50031,Paracentral branch of left callosomarginal artery,2172,1176,134848,1779787486
FJ1697,BP21278,FMA50031,Paracentral branch of right callosomarginal artery,692,551,53070,1779787486
FJ1697M,BP21277,FMA50031,Paracentral branch of left callosomarginal artery,692,553,52590,1779787486
FJ1698,BP21278,FMA50031,Paracentral branch of right callosomarginal artery,782,553,55992,1779787486
FJ1698M,BP21277,FMA50031,Paracentral branch of left callosomarginal artery,782,557,55883,1779787486
FJ1699,BP21267,FMA50031,Right pericallosal artery,1080,984,90132,1779787486
FJ1699M,BP21240,FMA50031,Left pericallosal artery,1080,972,88308,1779787486
FJ1700,BP22195,FMA50518,Right posterior inferior cerebellar artery,326,272,25083,1779787486
FJ1700M,BP21118,FMA50518,Left posterior inferior cerebellar artery,326,274,24925,1779787486
FJ1701,BP22195,FMA50518,Right posterior inferior cerebellar artery,306,427,32591,1779787486
FJ1701M,BP21118,FMA50518,Left posterior inferior cerebellar artery,306,428,32252,1779787486
FJ1702,BP22195,FMA50518,Right posterior inferior cerebellar artery,240,356,26741,1779787486
FJ1702M,BP21118,FMA50518,Left posterior inferior cerebellar artery,240,356,26434,1779787486
FJ1703,BP22195,FMA50518,Right posterior inferior cerebellar artery,224,348,25615,1779787486
FJ1703M,BP21118,FMA50518,Left posterior inferior cerebellar artery,224,344,25036,1779787486
FJ1704,BP22195,FMA50518,Right posterior inferior cerebellar artery,286,261,23558,1779787486
FJ1704M,BP21118,FMA50518,Left posterior inferior cerebellar artery,286,258,23078,1779787486
FJ1705,BP22195,FMA50518,Right posterior inferior cerebellar artery,322,277,25574,1779787486
FJ1705M,BP21118,FMA50518,Left posterior inferior cerebellar artery,322,280,25465,1779787486
FJ1706,BP22195,FMA50518,Right posterior inferior cerebellar artery,292,290,25493,1779787486
FJ1706M,BP21118,FMA50518,Left posterior inferior cerebellar artery,292,284,24849,1779787486
FJ1707,BP22195,FMA50518,Right posterior inferior cerebellar artery,84,122,9593,1779787486
FJ1707M,BP21118,FMA50518,Left posterior inferior cerebellar artery,84,122,9493,1779787486
FJ1708,BP22195,FMA50518,Right posterior inferior cerebellar artery,86,136,10499,1779787486
FJ1708M,BP21118,FMA50518,Left posterior inferior cerebellar artery,86,136,10377,1779787486
FJ1709,BP22195,FMA50518,Right posterior inferior cerebellar artery,176,238,19072,1779787486
FJ1709M,BP21118,FMA50518,Left posterior inferior cerebellar artery,176,238,18881,1779787486
FJ1710,BP22195,FMA50518,Right posterior inferior cerebellar artery,166,212,17176,1779787486
FJ1710M,BP21118,FMA50518,Left posterior inferior cerebellar artery,166,210,16816,1779787486
FJ1711,BP22195,FMA50518,Right posterior inferior cerebellar artery,736,821,68014,1779787486
FJ1711M,BP21118,FMA50518,Left posterior inferior cerebellar artery,736,817,66969,1779787486
FJ1712,BP21274,FMA50081,Right polar temporal artery,360,269,25565,1779787486
FJ1712M,BP21286,FMA50081,Left polar temporal artery,360,271,25385,1779787486
FJ1713,BP21058,FMA50084,Right posterior communicating artery,204,122,12447,1779787486
FJ1713M,BP21086,FMA50084,Left posterior communicating artery,204,122,12316,1779787486
FJ1714,BP23063,FMA50589,Postcommunicating part of right posterior cerebral artery,544,280,31968,1779787486
FJ1714M,BP23057,FMA50589,Postcommunicating part of left posterior cerebral artery,544,280,31703,1779787486
FJ1715,BP22195,FMA50518,Right posterior inferior cerebellar artery,796,668,63117,1779787486
FJ1715M,BP21118,FMA50518,Left posterior inferior cerebellar artery,796,673,62741,1779787486
FJ1716,BP21246,FMA50081,Right posterior parietal artery,6812,3447,435394,1779787486
FJ1716M,BP21238,FMA50081,Left posterior parietal artery,6812,3447,431967,1779787486
FJ1717,BP21234,FMA50081,Posterior temporal branch of right middle cerebral artery,3328,1697,206918,1779787486
FJ1717M,BP21220,FMA50081,Posterior temporal branch of left middle cerebral artery,3328,1701,205469,1779787486
FJ1718,BP20984,FMA30313,Trunk of inferior terminal branch of right middle cerebral artery,368,208,22474,1779787486
FJ1718M,BP20996,FMA30313,Trunk of inferior terminal branch of left middle cerebral artery,368,210,22380,1779787486
FJ1719,BP22623,FMA228667,Set of posterior temporal branches of lateral occipital artery,1694,983,108593,1779787486
FJ1719M,BP22623,FMA228667,Set of posterior temporal branches of lateral occipital artery,1694,979,107378,1779787486
FJ1720,BP22194,FMA50586,Right thalamoperforating artery,706,503,50158,1779787486
FJ1720M,BP22720,FMA50586,Left thalamoperforating artery,706,505,49779,1779787486
FJ1721M,BP19808,FMA50587,Posteromedial central branch of left posterior cerebral artery,252,196,18372,1779787486
FJ1722,BP22735,FMA50031,Posteromedial branch of right callosomarginal artery,530,394,38791,1779787486
FJ1722M,BP21272,FMA50031,Posteromedial branch of left callosomarginal artery,530,394,38365,1779787486
FJ1723,BP23085,FMA50589,Precommunicating part of right posterior cerebral artery,282,155,16821,1779787486
FJ1723M,BP23793,FMA50589,Precommunicating part of left posterior cerebral artery,282,155,16679,1779787486
FJ1724,BP21259,FMA50081,Right prefrontal artery,5424,2789,346600,1779787486
FJ1724M,BP22067,FMA50081,Left prefrontal artery,5424,2786,343431,1779787486
FJ1725,BP23901,FMA30313,Trunk of right vertebral artery,800,489,52080,1779787486
FJ1725M,BP23900,FMA30313,Trunk of left vertebral artery,800,489,51659,1779787486
FJ1726,BP20997,FMA50573,Right superior cerebellar artery,406,226,24663,1779787486
FJ1726M,BP20958,FMA50573,Left superior cerebellar artery,406,226,24468,1779787486
FJ1727,BP21166,FMA50586,Right posterior medial choroidal artery,880,557,58545,1779787486
FJ1727M,BP21158,FMA50586,Left posterior medial choroidal artery,880,557,58022,1779787486
FJ1728,BP22724,FMA50576,Superior vermian branch of medial branch of right superior cerebellar artery,412,283,28319,1779787486
FJ1728M,BP21152,FMA50576,Superior vermian branch of medial branch of left superior cerebellar artery,412,285,28143,1779787486
FJ1729,BP22193,FMA50081,Temporo-occipital branch of right middle cerebral artery,2416,1538,163805,1779787486
FJ1729M,BP21215,FMA50081,Temporo-occipital branch of left middle cerebral artery,2416,1540,162366,1779787486
FJ1730,BP24045,FMA242789,Third ventricle,3870,1994,244735,1779787486
FJ1731,BP21438,FMA242789,Fourth ventricle,6940,3567,447174,1779787486
FJ1732,BP20877,FMA256237,Left angular gyrus,3588,2048,236426,1779787486
FJ1733,BP20955,FMA256237,Right angular gyrus,3554,2084,239168,1779787486
FJ1734,BP24031,FMA49443,Anterior commissure,812,428,48563,1779787486
FJ1735,BP23528,FMA49443,Brachium of left superior colliculus,282,144,16058,1779787486
FJ1736,BP23605,FMA49443,Brachium of right superior colliculus,266,138,15075,1779787486
FJ1737,BP21401,FMA242789,Central canal of spinal cord,728,427,46544,1779787486
FJ1738,BP22689,FMA242789,Cerebral aqueduct,518,310,33085,1779787486
FJ1741,BP21495,FMA49443,Commissure of fornix of forebrain,10632,5400,690340,1779787486
FJ1742,BP21574,FMA49443,Corpus callosum,30232,16716,2128406,1779787486
FJ1743,BP22971,FMA49443,Habenula,384,283,27391,1779787486
FJ1744,BP20792,FMA256237,Left inferior frontal gyrus,3290,1927,218285,1779787486
FJ1745,BP20872,FMA256237,Right inferior frontal gyrus,3292,1928,219872,1779787486
FJ1746,BP22696,FMA256237,Left inferior temporal gyrus,2732,1573,177415,1779787486
FJ1747,BP20982,FMA256237,Right inferior temporal gyrus,2768,1610,182559,1779787486
FJ1748,BP20967,FMA256237,Left insula,2448,1250,147665,1779787486
FJ1749,BP21973,FMA256237,Right insula,2448,1261,150125,1779787486
FJ1750,BP20081,FMA256174,Left internal capsule,10740,5375,686073,1779787486
FJ1751,BP20188,FMA256174,Right internal capsule,10742,5376,692824,1779787486
FJ1752,BP21789,FMA5897,Interventricular foramen,1068,541,62796,1779787486
FJ1753,BP20316,FMA223151,Left amygdala,382,202,22264,1779787486
FJ1754,BP23921,FMA223151,Left caudate nucleus,2544,1334,156368,1779787486
FJ1755,BP21421,FMA242770,Choroid plexus of cerebral hemisphere,4930,2913,336896,1779787486
FJ1757,BP20205,FMA223151,Left globus pallidus,7080,3542,447648,1779787486
FJ1758,BP22891,FMA256174,White matter of left temporal lobe,25542,15286,1837459,1779787486
FJ1759,BP24047,FMA242193,Left hippocampus proper,980,492,56983,1779787486
FJ1760,BP21294,FMA14065,Hypothalamus,2050,1183,131767,1779787486
FJ1761,BP23602,FMA49443,Brachium of left inferior colliculus,308,156,17375,1779787486
FJ1762,BP20071,FMA256237,Left inferior colliculus,156,81,8680,1779787486
FJ1763,BP21479,FMA5897,Interpeduncular fossa,58,85,6701,1779787486
FJ1764,BP23777,FMA49443,Lamina terminalis,286,246,22656,1779787486
FJ1766,BP20469,FMA223151,Left lateral geniculate body,196,112,11499,1779787486
FJ1767,BP21451,FMA242789,Left lateral ventricle,17968,8986,1158042,1779787486
FJ1769,BP23201,FMA256237,Medulla oblongata,6036,3196,391855,1779787486
FJ1770,BP19573,FMA242162,Left cerebral crus,6468,4157,467655,1779787486
FJ1775,BP21511,FMA49443,Pons,10304,5764,696774,1779787486
FJ1776,BP20313,FMA223151,Left putamen,7056,3642,453659,1779787486
FJ1777,BP23489,FMA49443,Left stria medullaris of thalamus,926,586,61712,1779787486
FJ1778,BP20186,FMA49443,Left stria terminalis,690,545,51885,1779787486
FJ1779,BP20130,FMA256237,Left superior colliculus,180,93,9975,1779787486
FJ1780,BP21951,FMA49443,Tuber cinereum,804,627,60280,1779787486
FJ1781,BP21476,FMA256237,Cerebellum,23818,12098,1579285,1779787486
FJ1782,BP21462,FMA14065,Left thalamus,1702,853,99686,1779787486
FJ1787,BP20940,FMA256237,Left middle frontal gyrus,3416,1973,225724,1779787486
FJ1788,BP20959,FMA256237,Right middle frontal gyrus,3326,1960,223730,1779787486
FJ1789,BP22697,FMA256237,Left middle temporal gyrus,2710,1528,174266,1779787486
FJ1790,BP20852,FMA256237,Right middle temporal gyrus,2754,1563,178995,1779787486
FJ1795,BP21418,FMA61775,Pineal body,580,292,33667,1779787486
FJ1796,BP22760,FMA13889,Pituitary gland,1164,609,69758,1779787486
FJ1797,BP21536,FMA256237,Left postcentral gyrus,3604,2033,235820,1779787486
FJ1798,BP21975,FMA256237,Right postcentral gyrus,3604,2045,238631,1779787486
FJ1799,BP22899,FMA49443,Posterior commissure,834,419,48821,1779787486
FJ1800,BP20889,FMA256237,Left precentral gyrus,4042,2336,269813,1779787486
FJ1801,BP20932,FMA256237,Right precentral gyrus,4042,2382,274379,1779787486
FJ1802,BP20207,FMA223151,Right caudate nucleus,2570,1334,158750,1779787486
FJ1803,BP21421,FMA242770,Choroid plexus of cerebral hemisphere,4942,3014,344578,1779787486
FJ1805,BP20297,FMA223151,Right globus pallidus,5344,2674,337918,1779787486
FJ1806,BP22855,FMA256174,White matter of right temporal lobe,26512,15757,1922609,1779787486
FJ1807,BP24044,FMA242193,Right hippocampus proper,1020,515,60120,1779787486
FJ1808,BP21294,FMA14065,Hypothalamus,2028,1191,131625,1779787486
FJ1809,BP22786,FMA49443,Brachium of right inferior colliculus,260,133,14708,1779787486
FJ1810,BP23935,FMA256237,Right inferior colliculus,204,104,11316,1779787486
FJ1811,BP21479,FMA5897,Interpeduncular fossa,76,95,7744,1779787486
FJ1812,BP23777,FMA49443,Lamina terminalis,278,239,22023,1779787486
FJ1813,BP20476,FMA223151,Right lateral geniculate body,604,305,35149,1779787486
FJ1814,BP21454,FMA242789,Right lateral ventricle,18016,9011,1168028,1779787486
FJ1816,BP20529,FMA223151,Right medial geniculate body,198,101,10955,1779787486
FJ1816M,BP23854,FMA223151,Left medial geniculate body,198,101,10827,1779787486
FJ1817,BP19558,FMA242160,Right cerebral crus,6440,4050,460753,1779787486
FJ1822,BP21511,FMA49443,Pons,10346,6179,727437,1779787486
FJ1823,BP20196,FMA223151,Right putamen,7064,3690,459991,1779787486
FJ1824,BP23630,FMA49443,Right stria medullaris of thalamus,848,539,56703,1779787486
FJ1825,BP24069,FMA49443,Right stria terminalis,764,651,60651,1779787486
FJ1826,BP20062,FMA256237,Right superior colliculus,176,91,9809,1779787486
FJ1827,BP21533,FMA14065,Right thalamus,758,381,44286,1779787486
FJ1828,BP21951,FMA49443,Tuber cinereum,802,715,65428,1779787486
FJ1829,BP20277,FMA223151,Right amygdala,384,202,22533,1779787486
FJ1830,BP21476,FMA256237,Cerebellum,23882,12226,1598298,1779787486
FJ1831,BP23201,FMA256237,Medulla oblongata,6060,3281,400940,1779787486
FJ1832,BP21514,FMA49443,Septum of telencephalon,5704,5314,507872,1779787486
FJ1833,BP20885,FMA256237,Left superior frontal gyrus,6452,3625,431914,1779787486
FJ1834,BP20808,FMA256237,Right superior frontal gyrus,6450,3671,437288,1779787486
FJ1835,BP20880,FMA256237,Left superior parietal lobule,5364,3181,366550,1779787486
FJ1836,BP20869,FMA256237,Right superior parietal lobule,5640,3241,383193,1779787486
FJ1837,BP20634,FMA256237,Anterior part of left superior temporal gyrus,1804,1039,113842,1779787486
FJ1838,BP21881,FMA256237,Anterior part of right superior temporal gyrus,1892,1082,120112,1779787486
FJ1839,BP21142,FMA256237,Posterior part of left superior temporal gyrus,2264,1200,138905,1779787486
FJ1840,BP21069,FMA256237,Posterior part of right superior temporal gyrus,2264,1220,141031,1779787486
FJ1841,BP20820,FMA256237,Left supramarginal gyrus,2344,1323,149523,1779787486
FJ1842,BP20873,FMA256237,Right supramarginal gyrus,2314,1368,152058,1779787486
FJ1843,BP24046,FMA266054,Tentorium cerebelli,21924,11794,1491701,1779787486
FJ1844,BP22890,FMA30313,Trunk of basilar artery,244,128,13990,1779787486
FJ1858,BP22920,FMA15737,Hepatovenous segment IX,9550,5687,666658,1779787486
FJ1867,BP20491,FMA15793,Tributary of middle hepatic vein,1222,613,71973,1779787486
FJ1874,BP21186,FMA14769,Left lobe branch of left hepatic artery,484,371,35573,1779787486
FJ1883,BP23221,FMA61775,Caudate lobe tributary of left hepatic biliary tree,428,283,29006,1779787486
FJ1895,BP22966,FMA14065,Parenchyma of pancreas,4890,2462,307546,1779787486
FJ1896,BP20579,FMA14065,Pancreatic duct tree,3368,3941,344309,1779787486
FJ1914,BP20358,FMA50722,Caudate lobe branch of right portal vein,316,180,19251,1779787486
FJ1916,BP22665,FMA14769,Caudate lobe branch of right hepatic artery,362,214,22581,1779787486
FJ1924,BP21167,FMA14769,Right lobe branch of right hepatic artery,1374,1016,100991,1779787486
FJ1933,BP24052,FMA50720,Bronchial artery,1340,917,93697,1779787486
FJ1934,BP23416,FMA4149,Esophageal artery,1010,727,72552,1779787486
FJ1935,BP21001,FMA5042,Right superior intercostal artery,184,103,10767,1779787486
FJ1936,BP20788,FMA10646,Right superior epigastric artery,2252,1149,136585,1779787486
FJ1937,BP22806,FMA30313,Trunk of right internal thoracic artery,3546,1775,219589,1779787486
FJ1938,BP20373,FMA22674,Right lateral thoracic artery,2350,1215,143890,1779787486
FJ1939,BP22458,FMA4176,Right first posterior intercostal artery,1508,760,89290,1779787486
FJ1950,BP20544,FMA3994,Right second posterior intercostal artery,2656,1332,161631,1779787486
FJ1961,BP22637,FMA228667,Set of posterior intercostal arteries,37964,19082,2589071,1779787486
FJ1967,BP20236,FMA4613,Right subcostal artery,1526,780,90896,1779787486
FJ1969,BP20834,FMA10645,Right musculophrenic artery,2528,1268,153167,1779787486
FJ1970,BP21007,FMA4088,Left superior intercostal artery,206,106,11393,1779787486
FJ1971,BP20612,FMA10646,Left superior epigastric artery,2270,1167,137160,1779787486
FJ1972,BP21695,FMA30313,Trunk of left internal thoracic artery,3642,1823,224198,1779787486
FJ1973,BP19784,FMA4176,Left first posterior intercostal artery,1538,773,90175,1779787486
FJ1974,BP20590,FMA3994,Left second posterior intercostal artery,2724,1365,164491,1779787486
FJ1975,BP22637,FMA228667,Set of posterior intercostal arteries,35050,17901,2381718,1779787486
FJ1976,BP22491,FMA22674,Left lateral thoracic artery,2350,1216,142788,1779787486
FJ1977,BP20140,FMA4613,Left subcostal artery,1334,706,80240,1779787486
FJ1979,BP21049,FMA10645,Left musculophrenic artery,2564,1284,154152,1779787486
FJ1981,BP20391,FMA14294,Accessory hemiazygos vein,4532,2268,282824,1779787486
FJ1985,BP21293,FMA228667,Set of anterior intercostal veins,37874,19220,2575584,1779787486
FJ1986,BP20418,FMA4797,Left superior intercostal vein,786,396,45633,1779787486
FJ1987,BP23531,FMA12845,Left subcostal vein,978,521,58763,1779787486
FJ1988,BP21147,FMA14293,Left musculophrenic vein,3236,1620,197722,1779787486
FJ1991,BP20742,FMA14294,Right superior intercostal vein,1094,562,65157,1779787486
FJ1993,BP21037,FMA4729,Right internal thoracic vein,3038,1557,188628,1779787486
FJ1994,BP21293,FMA228667,Set of anterior intercostal veins,38814,19693,2663419,1779787486
FJ1995,BP23407,FMA12845,Right subcostal vein,1266,656,75864,1779787486
FJ1996,BP21109,FMA14293,Right musculophrenic vein,3240,1622,199737,1779787486
FJ2025,BP20855,FMA14821,Marginal colic artery,2106,1360,142944,1779787486
FJ2034,BP20778,FMA14819,Ileal branch of inferior branch of ileocolic artery,114,94,8365,1779787486
FJ2055,BP20989,FMA268712,Right dorsalis pedis artery,1102,553,65118,1779787486
FJ2056,BP20844,FMA18889,Deep dorsal vein of penis,2356,1228,145169,1779787486
FJ2057,BP21176,FMA20803,Descending branch of right lateral circumflex femoral artery,5234,2619,331178,1779787486
FJ2058,BP21162,FMA20684,Distal perforating artery,786,407,47114,1779787486
FJ2059,BP20463,FMA44356,Dorsal venous arch of left foot,1890,947,111767,1779787486
FJ2060,BP20463,FMA44356,Dorsal venous arch of left foot,600,334,36932,1779787486
FJ2061,BP20448,FMA44356,Dorsal venous arch of right foot,1890,948,112778,1779787486
FJ2062,BP20448,FMA44356,Dorsal venous arch of right foot,608,341,37820,1779787486
FJ2063,BP21192,FMA20803,Descending branch of left lateral circumflex femoral artery,5230,2617,328249,1779787486
FJ2064,BP21162,FMA20684,Distal perforating artery,732,405,44998,1779787486
FJ2065,BP22774,FMA20684,Trunk of left anterior tibial artery,17412,8708,1122066,1779787486
FJ2066,BP20881,FMA43902,Left anterior tibial recurrent artery,6040,3223,392299,1779787486
FJ2067,BP20858,FMA44594,Left arcuate artery,642,324,37430,1779787486
FJ2068,BP20498,FMA43942,Left deep plantar artery,480,242,27739,1779787486
FJ2069,BP22722,FMA22506,Left descending genicular artery,6530,3293,413633,1779787486
FJ2070,BP21108,FMA19795,Left dorsal artery of penis,2588,1738,182816,1779787486
FJ2072,BP20937,FMA44660,Dorsal digital artery of foot,5476,2988,361058,1779787486
FJ2073,BP20739,FMA268712,Left dorsalis pedis artery,1148,576,67266,1779787486
FJ2074,BP22862,FMA20730,Trunk of left femoral artery,740,373,42935,1779787486
FJ2076,BP20356,FMA22537,Left inferior lateral genicular artery,2226,1116,132045,1779787486
FJ2077,BP20365,FMA22537,Left inferior medial genicular artery,2290,1148,136311,1779787486
FJ2078,BP21103,FMA20798,Left lateral circumflex femoral artery,1102,577,65665,1779787486
FJ2079,BP22761,FMA20684,Trunk of left lateral plantar artery,900,453,52802,1779787486
FJ2080,BP20385,FMA22535,Left lateral superior genicular artery,2234,1119,132568,1779787486
FJ2081,BP20867,FMA44595,Left lateral tarsal artery,1608,806,94894,1779787486
FJ2082,BP22762,FMA20684,Trunk of left medial plantar artery,764,410,46226,1779787486
FJ2083,BP20379,FMA22535,Left medial superior genicular artery,1766,887,103560,1779787486
FJ2084,BP20271,FMA22536,Left middle genicular artery,2360,1310,148633,1779787486
FJ2085,BP20073,FMA43942,Left plantar arch,1200,607,70984,1779787486
FJ2086,BP20490,FMA50720,Left popliteal artery,16732,8368,1076351,1779787486
FJ2087,BP22768,FMA20684,Trunk of left posterior tibial artery,13218,6658,853297,1779787486
FJ2089,BP21250,FMA20684,Left superficial medial plantar artery,948,476,55663,1779787486
FJ2090,BP29051,FMA20741,Left deep femoral artery,1228,633,72803,1779787486
FJ2091,BP21103,FMA20798,Left lateral circumflex femoral artery,2502,1275,151414,1779787486
FJ2092,BP23224,FMA228667,Set of common plantar digital arteries,1070,636,68894,1779787486
FJ2093,BP29005,FMA43901,Left peroneal artery,12108,6056,777754,1779787486
FJ2094,BP29051,FMA20741,Left deep femoral artery,6138,3071,387046,1779787486
FJ2095,BP22636,FMA228667,Set of plantar digital arteries proper,1044,612,67002,1779787486
FJ2096,BP22764,FMA20684,Trunk of plantar metatarsal artery,2724,1371,166176,1779787486
FJ2097,BP21228,FMA44323,Left anterior tibial vein,2840,1435,173033,1779787486
FJ2099,BP21065,FMA44323,Left deep femoral vein,6338,3171,400056,1779787486
FJ2100,BP22625,FMA228667,Set of perforating veins,1372,698,81468,1779787486
FJ2102,BP20856,FMA21185,Left femoral vein,658,332,38085,1779787486
FJ2103,BP21070,FMA21376,Left great saphenous vein,30040,15199,2016874,1779787486
FJ2107,BP21251,FMA44323,Left genicular vein,1894,965,111948,1779787486
FJ2108,BP21251,FMA44323,Left genicular vein,2232,1118,132450,1779787486
FJ2113,BP21639,FMA44499,Tributary of plantar venous arch,900,453,52869,1779787486
FJ2115,BP21639,FMA44499,Tributary of plantar venous arch,764,413,46419,1779787486
FJ2117,BP21201,FMA44323,Left popliteal vein,16592,8433,1075896,1779787486
FJ2118,BP21236,FMA44323,Left posterior tibial vein,13826,6982,893858,1779787486
FJ2119,BP22625,FMA228667,Set of perforating veins,1920,1087,121307,1779787486
FJ2120,BP21296,FMA228667,Set of plantar digital veins,7716,4054,505072,1779787486
FJ2121,BP21258,FMA44323,Left small saphenous vein,16336,8170,1053371,1779787486
FJ2122,BP21197,FMA21378,Left superficial epigastric vein,1470,833,91702,1779787486
FJ2124,BP21251,FMA44323,Left genicular vein,2316,1186,139491,1779787486
FJ2125,BP21251,FMA44323,Left genicular vein,1604,851,96643,1779787486
FJ2127,BP29028,FMA20741,Trunk of right femoral artery,1242,634,73814,1779787486
FJ2128,BP20475,FMA44489,Plantar venous arch of left foot,1200,605,70873,1779787486
FJ2129,BP20597,FMA44489,Plantar venous arch of right foot,1230,621,73311,1779787486
FJ2130,BP22769,FMA20684,Trunk of right anterior tibial artery,17334,8669,1125758,1779787486
FJ2131,BP20767,FMA43902,Right anterior tibial recurrent artery,6060,3278,399381,1779787486
FJ2132,BP21257,FMA44323,Right anterior tibial vein,2840,1427,173966,1779787486
FJ2133,BP20904,FMA44594,Right arcuate artery,634,322,37388,1779787486
FJ2135,BP21089,FMA44323,Right deep femoral vein,6346,3175,403688,1779787486
FJ2136,BP20307,FMA43942,Right deep plantar artery,484,245,28269,1779787486
FJ2137,BP20686,FMA22506,Right descending genicular artery,6536,3338,419932,1779787486
FJ2138,BP22625,FMA228667,Set of perforating veins,1424,733,85779,1779787486
FJ2141,BP20937,FMA44660,Dorsal digital artery of foot,4976,2717,329968,1779787486
FJ2143,BP22863,FMA20730,Trunk of right femoral artery,752,380,44153,1779787486
FJ2144,BP20797,FMA21185,Right femoral vein,658,336,38686,1779787486
FJ2145,BP21061,FMA21376,Right great saphenous vein,30036,15163,2029016,1779787486
FJ2150,BP22510,FMA22537,Right inferior lateral genicular artery,2226,1119,133427,1779787486
FJ2151,BP21264,FMA44323,Right genicular vein,1926,987,115185,1779787486
FJ2152,BP22440,FMA22537,Right inferior medial genicular artery,2280,1142,136749,1779787486
FJ2153,BP21264,FMA44323,Right genicular vein,2230,1117,133464,1779787486
FJ2158,BP21128,FMA20798,Right lateral circumflex femoral artery,1110,579,66677,1779787486
FJ2159,BP22763,FMA20684,Trunk of right lateral plantar artery,936,470,55359,1779787486
FJ2160,BP21639,FMA44499,Tributary of plantar venous arch,936,470,55404,1779787486
FJ2162,BP19748,FMA22535,Right lateral superior genicular artery,2192,1098,130815,1779787486
FJ2163,BP20992,FMA44595,Right lateral tarsal artery,1700,852,101217,1779787486
FJ2164,BP22765,FMA20684,Trunk of right medial plantar artery,772,412,47023,1779787486
FJ2165,BP21639,FMA44499,Tributary of plantar venous arch,772,407,46684,1779787486
FJ2166,BP20434,FMA22535,Right medial superior genicular artery,1764,885,104269,1779787486
FJ2167,BP20312,FMA22536,Right middle genicular artery,2348,1315,150018,1779787486
FJ2169,BP20294,FMA43942,Right plantar arch,1230,622,73368,1779787486
FJ2170,BP20536,FMA50720,Right popliteal artery,16778,8391,1087649,1779787486
FJ2171,BP21198,FMA44323,Right popliteal vein,16660,8505,1089650,1779787486
FJ2172,BP22776,FMA20684,Trunk of right posterior tibial artery,13130,6601,852779,1779787486
FJ2173,BP21252,FMA44323,Right posterior tibial vein,13782,6983,898944,1779787486
FJ2174,BP22625,FMA228667,Set of perforating veins,1982,1120,126317,1779787486
FJ2175,BP21296,FMA228667,Set of plantar digital veins,7420,3940,491530,1779787486
FJ2176,BP21219,FMA44323,Right small saphenous vein,16332,8171,1061030,1779787486
FJ2178,BP21153,FMA21378,Right superficial epigastric vein,1486,832,92764,1779787486
FJ2179,BP21206,FMA20684,Right superficial medial plantar artery,898,451,53122,1779787486
FJ2181,BP21264,FMA44323,Right genicular vein,2296,1168,138702,1779787486
FJ2182,BP21264,FMA44323,Right genicular vein,1636,872,99799,1779787486
FJ2183,BP21228,FMA44323,Left anterior tibial vein,12794,6399,821175,1779787486
FJ2184,BP21229,FMA44323,Left fibular vein,530,312,33381,1779787486
FJ2185,BP22641,FMA228667,Set of dorsal digital veins,4720,2703,317473,1779787486
FJ2186,BP23862,FMA22917,Dorsal metacarpal vein,4292,2161,269297,1779787486
FJ2187,BP21229,FMA44323,Left fibular vein,10618,5430,688253,1779787486
FJ2188,BP21127,FMA44323,Left lateral circumflex femoral vein,2958,1513,181662,1779787486
FJ2189,BP21120,FMA44323,Left medial circumflex femoral vein,1100,577,65595,1779787486
FJ2190,BP21243,FMA44323,Right fibular vein,1238,632,72985,1779787486
FJ2191,BP22530,FMA44499,Plantar metatarsal vein,3706,1953,236465,1779787486
FJ2192,BP22625,FMA228667,Set of perforating veins,1242,640,74190,1779787486
FJ2193,BP21257,FMA44323,Right anterior tibial vein,12756,6383,825172,1779787486
FJ2194,BP21243,FMA44323,Right fibular vein,574,323,35682,1779787486
FJ2195,BP21128,FMA20798,Right lateral circumflex femoral artery,2506,1285,153459,1779787486
FJ2196,BP23224,FMA228667,Set of common plantar digital arteries,1052,643,69398,1779787486
FJ2197,BP29050,FMA43901,Right peroneal artery,12088,6046,782676,1779787486
FJ2198,BP22641,FMA228667,Set of dorsal digital veins,4718,2707,320738,1779787486
FJ2199,BP23862,FMA22917,Dorsal metacarpal vein,4290,2157,271184,1779787486
FJ2200,BP21243,FMA44323,Right fibular vein,10564,5405,689801,1779787486
FJ2201,BP22938,FMA44323,Right lateral circumflex femoral vein,2960,1506,182788,1779787486
FJ2202,BP21148,FMA44323,Right medial circumflex femoral vein,1110,583,66863,1779787486
FJ2203,BP29028,FMA20741,Right deep femoral artery,6132,3068,389850,1779787486
FJ2204,BP22636,FMA228667,Set of plantar digital arteries proper,1002,678,70180,1779787486
FJ2205,BP22636,FMA228667,Set of plantar digital arteries proper,6546,3499,433553,1779787486
FJ2206,BP22764,FMA20684,Trunk of plantar metatarsal artery,2644,1341,163022,1779787486
FJ2207,BP22530,FMA44499,Plantar metatarsal vein,3608,1923,232793,1779787486
FJ2208,BP21193,FMA21378,Superficial dorsal vein of penis,1480,743,87861,1779787486
FJ2209,BP20857,FMA10662,Right inferior thyroid artery,482,311,31978,1779787486
FJ2210,BP20824,FMA10662,Left inferior thyroid artery,480,302,31180,1779787486
FJ2211,BP20846,FMA23065,Acromial branch of left thoraco-acromial artery,974,491,56860,1779787486
FJ2212,BP20593,FMA22680,Left anterior circumflex humeral artery,3272,1669,202025,1779787486
FJ2213,BP21245,FMA22930,Left anterior circumflex humeral vein,3040,1554,186863,1779787486
FJ2214,BP21136,FMA22799,Left anterior interosseous artery,1966,991,115663,1779787486
FJ2215,BP20610,FMA22693,Left inferior ulnar collateral artery,1176,591,68786,1779787486
FJ2216,BP22518,FMA22654,Left axillary artery,1800,902,105519,1779787486
FJ2217,BP21099,FMA13329,Left axillary vein,2110,1089,126472,1779787486
FJ2218,BP21223,FMA22908,Left basilic vein,18338,9177,1181387,1779787486
FJ2219,BP22410,FMA22689,Left brachial artery,3470,1737,213003,1779787486
FJ2220,BP22733,FMA13324,Left cephalic vein,22874,11505,1497564,1779787486
FJ2221,BP20784,FMA23179,Left circumflex scapular artery,762,389,44524,1779787486
FJ2222,BP21266,FMA22930,Left circumflex scapular vein,950,492,56130,1779787486
FJ2223,BP23902,FMA30313,Trunk of left common interosseous artery,436,220,24949,1779787486
FJ2224,BP20419,FMA10636,Left costocervical trunk,242,142,14644,1779787486
FJ2225,BP20847,FMA22693,Left deep brachial artery,2506,1255,150223,1779787486
FJ2226,BP21009,FMA10659,Left deep cervical artery,1100,586,66239,1779787486
FJ2227,BP23527,FMA11337,Left deep palmar arch,1764,885,103425,1779787486
FJ2228,BP21509,FMA228667,Dorsal venous network of left hand,4304,2157,267649,1779787486
FJ2229,BP23627,FMA11337,Left deep palmar venous arch,1940,992,114982,1779787486
FJ2230,BP20850,FMA23067,Deltoid branch of left thoraco-acromial artery,788,398,45877,1779787486
FJ2231,BP20772,FMA22738,Dorsal carpal branch of left radial artery,320,169,18533,1779787486
FJ2232,BP21102,FMA10552,Left dorsal scapular artery,4532,2335,286141,1779787486
FJ2233,BP21262,FMA22930,Left lateral thoracic vein,3640,1823,224377,1779787486
FJ2234,BP21271,FMA22930,Left median antebrachial vein,5314,2685,334545,1779787486
FJ2235,BP22734,FMA22930,Left median cubital vein,2502,1253,150023,1779787486
FJ2236,BP21023,FMA22799,Left dorsal carpal branch of ulnar artery,724,379,42810,1779787486
FJ2237,BP20810,FMA22842,Left palmar metacarpal artery,1826,981,110956,1779787486
FJ2238,BP21649,FMA22919,Left palmar metacarpal vein,596,324,35771,1779787486
FJ2239,BP20482,FMA22684,Left posterior circumflex humeral artery,974,489,56734,1779787486
FJ2240,BP20482,FMA22684,Left posterior circumflex humeral artery,688,367,41041,1779787486
FJ2241,BP21107,FMA22799,Left posterior ulnar recurrent artery,378,216,22958,1779787486
FJ2242,BP22827,FMA30313,Trunk of left radial artery,7764,3884,492581,1779787486
FJ2243,BP20763,FMA22738,Left radial recurrent artery,2606,1305,156718,1779787486
FJ2244,BP21275,FMA22930,Left radial vein,4932,2515,311258,1779787486
FJ2245,BP22718,FMA22799,Left recurrent interosseous artery,1300,652,75894,1779787486
FJ2246,BP23899,FMA30313,Trunk of left subscapular artery,790,417,47095,1779787486
FJ2247,BP21260,FMA22930,Left subscapular vein,520,262,29864,1779787486
FJ2248,BP23569,FMA11337,Left superficial palmar arterial arch,2956,1481,179757,1779787486
FJ2249,BP23469,FMA11337,Left superficial palmar venous arch,2424,1236,146198,1779787486
FJ2250,BP21212,FMA14317,Left suprascapular vein,1974,998,116316,1779787486
FJ2251,BP21008,FMA10663,Left suprascapular artery,1928,1062,119087,1779787486
FJ2252,BP19747,FMA30313,Trunk of left thoraco-acromial artery,468,236,26832,1779787486
FJ2253,BP21047,FMA50720,Left thoracodorsal artery,2104,1100,127065,1779787486
FJ2254,BP21230,FMA22930,Left thoracodorsal vein,1688,846,98996,1779787486
FJ2255,BP22490,FMA30313,Left thyrocervical trunk,122,79,7752,1779787486
FJ2256,BP21121,FMA10665,Left superficial cervical artery,646,426,43298,1779787486
FJ2257,BP20754,FMA14184,Trunk of left transverse cervical artery,366,200,21690,1779787486
FJ2258,BP22864,FMA30313,Trunk of left ulnar artery,7114,3562,450756,1779787486
FJ2259,BP21097,FMA22799,Left anterior ulnar recurrent artery,466,236,26738,1779787486
FJ2260,BP21284,FMA22930,Left ulnar vein,5918,2962,372536,1779787486
FJ2261,BP21105,FMA22693,Radial collateral branch of left deep brachial artery,1452,728,84937,1779787486
FJ2262,BP21092,FMA22693,Radial collateral branch of right deep brachial artery,1338,671,78891,1779787486
FJ2263,BP20789,FMA23065,Acromial branch of right thoraco-acromial artery,996,504,58763,1779787486
FJ2264,BP19779,FMA22680,Right anterior circumflex humeral artery,3238,1652,201357,1779787486
FJ2265,BP21263,FMA22930,Right anterior circumflex humeral vein,3020,1577,189302,1779787486
FJ2266,BP21075,FMA22799,Right anterior interosseous artery,1992,1008,118658,1779787487
FJ2267,BP20891,FMA22693,Right inferior ulnar collateral artery,1204,609,71245,1779787486
FJ2268,BP20364,FMA22654,Right axillary artery,1826,915,107893,1779787486
FJ2269,BP21093,FMA13329,Right axillary vein,2146,1112,130511,1779787487
FJ2270,BP21261,FMA22908,Right basilic vein,18150,9080,1177608,1779787487
FJ2271,BP22646,FMA22689,Right brachial artery,3112,1558,191229,1779787487
FJ2272,BP21209,FMA13324,Right cephalic vein,22622,11381,1491506,1779787487
FJ2273,BP21647,FMA23179,Right circumflex scapular artery,778,399,46018,1779787486
FJ2274,BP21217,FMA22930,Right circumflex scapular vein,960,505,57765,1779787487
FJ2275,BP22821,FMA30313,Right brachial artery,430,222,25099,1779787487
FJ2276,BP20504,FMA10636,Right costocervical trunk,244,140,14675,1779787487
FJ2277,BP20827,FMA22693,Right deep brachial artery,2346,1175,140863,1779787487
FJ2278,BP20927,FMA10659,Right deep cervical artery,1104,594,67314,1779787487
FJ2279,BP23376,FMA11337,Right deep palmar arch,1736,870,102580,1779787487
FJ2280,BP21338,FMA228667,Dorsal venous network of right hand,4330,2187,272532,1779787487
FJ2281,BP23670,FMA11337,Right deep palmar venous arch,1942,1012,117284,1779787487
FJ2282,BP21014,FMA23067,Deltoid branch of right thoraco-acromial artery,812,409,47651,1779787487
FJ2283,BP20861,FMA22738,Dorsal carpal branch of right radial artery,312,166,18272,1779787487
FJ2284,BP21123,FMA4057,Right dorsal scapular artery,4446,2293,282842,1779787487
FJ2285,BP21210,FMA22930,Right lateral thoracic vein,3650,1830,226812,1779787486
FJ2286,BP21283,FMA22930,Right median antebrachial vein,5386,2716,341739,1779787487
FJ2287,BP21273,FMA22930,Right median cubital vein,2502,1253,151220,1779787487
FJ2288,BP20908,FMA22799,Right dorsal carpal branch of ulnar artery,730,378,43369,1779787486
FJ2289,BP20923,FMA22842,Right palmar metacarpal artery,1816,980,111502,1779787487
FJ2290,BP21646,FMA22919,Right palmar metacarpal vein,600,315,35706,1779787487
FJ2291,BP20368,FMA22684,Right posterior circumflex humeral artery,984,495,57847,1779787487
FJ2292,BP20368,FMA22684,Right posterior circumflex humeral artery,1126,570,66537,1779787487
FJ2293,BP21150,FMA22799,Right posterior ulnar recurrent artery,380,226,23828,1779787487
FJ2294,BP22889,FMA30313,Right brachial artery,7472,3738,477494,1779787486
FJ2295,BP20787,FMA22738,Right radial recurrent artery,2602,1303,157694,1779787486
FJ2296,BP21270,FMA22930,Right radial vein,5282,2713,338303,1779787487
FJ2297,BP21076,FMA22799,Right recurrent interosseous artery,1270,637,74838,1779787486
FJ2298,BP21694,FMA30313,Trunk of right subscapular artery,786,431,48129,1779787486
FJ2299,BP22655,FMA22930,Right subscapular vein,526,265,30489,1779787487
FJ2300,BP23595,FMA11337,Right superficial palmar arterial arch,3008,1506,184644,1779787487
FJ2301,BP23759,FMA11337,Right superficial palmar venous arch,2434,1256,149210,1779787487
FJ2302,BP21204,FMA14317,Right suprascapular vein,1986,1003,117998,1779787487
FJ2303,BP20893,FMA10663,Right suprascapular artery,1912,1027,117220,1779787486
FJ2304,BP20538,FMA30313,Trunk of right thoraco-acromial artery,472,238,27311,1779787487
FJ2305,BP20919,FMA50720,Right thoracodorsal artery,2108,1106,128633,1779787487
FJ2306,BP21231,FMA22930,Right thoracodorsal vein,1692,853,100380,1779787487
FJ2307,BP19760,FMA30313,Right thyrocervical trunk,108,76,7356,1779787487
FJ2308,BP22713,FMA10665,Right superficial cervical artery,624,449,44541,1779787487
FJ2309,BP20753,FMA14184,Right thyrocervical trunk,364,201,22013,1779787487
FJ2310,BP22830,FMA30313,Right brachial artery,6876,3440,438345,1779787486
FJ2311,BP21110,FMA22799,Right anterior ulnar recurrent artery,472,239,27373,1779787486
FJ2312,BP21281,FMA22930,Right ulnar vein,6076,3043,385816,1779787487
FJ2313,BP21287,FMA22930,Left medial brachial vein,2852,1454,174678,1779787487
FJ2314,BP20998,FMA22738,Left arteria radialis indicis,750,377,43471,1779787487
FJ2315,BP21051,FMA22842,Left first common palmar digital artery,444,232,25949,1779787487
FJ2316,BP20895,FMA22842,Left second common palmar digital artery,414,209,23661,1779787487
FJ2317,BP20981,FMA22842,Left third common palmar digital artery,406,208,23312,1779787487
FJ2318,BP22606,FMA228667,Set of dorsal digital arteries,7674,4237,510087,1779787487
FJ2319,BP21033,FMA22917,Proper palmar digital vein of left little finger,2070,1068,123860,1779787487
FJ2320,BP21649,FMA22919,Left palmar metacarpal vein,1214,629,72045,1779787487
FJ2321,BP21033,FMA22917,Proper palmar digital vein of left little finger,878,474,53014,1779787487
FJ2322,BP20283,FMA22917,Common palmar digital vein,518,280,30927,1779787487
FJ2323,BP21649,FMA22919,Left palmar metacarpal vein,720,386,43067,1779787487
FJ2324,BP21031,FMA22917,Proper palmar digital vein of left index finger,554,307,33608,1779787487
FJ2325,BP21031,FMA22917,Proper palmar digital vein of left index finger,824,438,49227,1779787487
FJ2326,BP20899,FMA22917,Proper palmar digital vein of left middle finger,758,394,44692,1779787487
FJ2327,BP20961,FMA22917,Proper palmar digital vein of left ring finger,700,392,42853,1779787487
FJ2328,BP20961,FMA22917,Proper palmar digital vein of left ring finger,728,389,43504,1779787487
FJ2329,BP21033,FMA22917,Proper palmar digital vein of left little finger,538,305,33064,1779787487
FJ2330,BP20868,FMA23062,Pectoral branch of left thoraco-acromial artery,3376,1693,206796,1779787487
FJ2331,BP21094,FMA22693,Middle collateral branch of left deep brachial artery,1896,950,111261,1779787487
FJ2332,BP20998,FMA22738,Left arteria radialis indicis,732,407,44644,1779787487
FJ2333,BP22710,FMA22842,Medial proper palmar digital artery of left index finger,806,446,49176,1779787487
FJ2334,BP22717,FMA22842,Lateral proper palmar digital artery of left middle finger,808,439,48841,1779787487
FJ2335,BP21126,FMA22842,Lateral proper palmar digital artery of left ring finger,716,403,44112,1779787487
FJ2336,BP21087,FMA22842,Lateral proper palmar digital artery of left little finger,604,328,36349,1779787487
FJ2337,BP20776,FMA22842,Left fourth common palmar digital artery,920,493,55391,1779787487
FJ2338,BP20903,FMA22738,Left arteria princeps pollicis,1078,575,64750,1779787487
FJ2339,BP20903,FMA22738,Left arteria princeps pollicis,780,400,45699,1779787487
FJ2340,BP20899,FMA22917,Proper palmar digital vein of left middle finger,818,447,49555,1779787487
FJ2341,BP21279,FMA22930,Right medial brachial vein,2570,1337,158971,1779787487
FJ2342,BP21050,FMA22738,Right arteria radialis indicis,742,375,43547,1779787487
FJ2343,BP20905,FMA22842,Right first common palmar digital artery,434,221,25175,1779787487
FJ2344,BP20845,FMA22842,Right second common palmar digital artery,410,209,23721,1779787487
FJ2345,BP21044,FMA22842,Right third common palmar digital artery,412,210,23819,1779787487
FJ2346,BP22606,FMA228667,Set of dorsal digital arteries,7724,4264,518070,1779787487
FJ2347,BP22634,FMA228667,Set of dorsal metacarpal arteries,4314,2167,270622,1779787487
FJ2348,BP22634,FMA228667,Set of dorsal metacarpal arteries,4314,2169,268627,1779787487
FJ2349,BP20962,FMA22917,Proper palmar digital vein of right little finger,2088,1080,126514,1779787487
FJ2350,BP21646,FMA22919,Right palmar metacarpal vein,1206,624,72204,1779787487
FJ2351,BP20962,FMA22917,Proper palmar digital vein of right little finger,886,479,53915,1779787487
FJ2352,BP20283,FMA22917,Common palmar digital vein,540,294,32645,1779787487
FJ2353,BP21646,FMA22919,Right palmar metacarpal vein,724,377,43123,1779787487
FJ2354,BP20953,FMA22917,Proper palmar digital vein of right index finger,562,340,36227,1779787487
FJ2355,BP20953,FMA22917,Proper palmar digital vein of right index finger,832,444,50353,1779787487
FJ2356,BP20611,FMA22917,Proper palmar digital vein of right middle finger,760,392,45041,1779787487
FJ2357,BP20611,FMA22917,Proper palmar digital vein of right middle finger,826,455,50932,1779787487
FJ2358,BP20801,FMA22917,Proper palmar digital vein of right ring finger,698,372,41956,1779787487
FJ2359,BP20801,FMA22917,Proper palmar digital vein of right ring finger,726,389,43924,1779787487
FJ2360,BP20962,FMA22917,Proper palmar digital vein of right little finger,548,302,33362,1779787487
FJ2361,BP20917,FMA23062,Pectoral branch of right thoraco-acromial artery,3400,1702,209885,1779787487
FJ2362,BP22011,FMA22693,Middle collateral branch of right deep brachial artery,1684,844,99573,1779787487
FJ2363,BP21050,FMA22738,Right arteria radialis indicis,726,392,44095,1779787487
FJ2364,BP21084,FMA22842,Medial proper palmar digital artery of right index finger,800,442,49304,1779787487
FJ2365,BP21139,FMA22842,Lateral proper palmar digital artery of right middle finger,806,442,49465,1779787487
FJ2366,BP21074,FMA22842,Lateral proper palmar digital artery of right ring finger,720,391,43762,1779787487
FJ2367,BP22709,FMA22842,Medial proper palmar digital artery of right middle finger,826,451,50685,1779787487
FJ2368,BP21140,FMA22842,Lateral proper palmar digital artery of right little finger,614,335,37298,1779787487
FJ2369,BP21101,FMA22842,Medial proper palmar digital artery of right ring finger,726,396,44385,1779787487
FJ2370,BP20782,FMA22842,Right fourth common palmar digital artery,936,511,57350,1779787487
FJ2371,BP20966,FMA22738,Right arteria princeps pollicis,1070,579,65605,1779787487
FJ2372,BP20966,FMA22738,Right arteria princeps pollicis,780,401,46204,1779787487
FJ2373,BP20848,FMA22693,Right superior ulnar collateral artery,1476,740,87053,1779787487
FJ2374,BP20823,FMA22693,Left superior ulnar collateral artery,1476,740,86359,1779787487
FJ2386,BP22665,FMA14769,Caudate lobe branch of right hepatic artery,362,214,22581,1779787487
FJ2394,BP21167,FMA14769,Right lobe branch of right hepatic artery,1374,1016,100991,1779787487
FJ2409,BP19590,FMA15737,Hepatovenous segment VI,8534,5091,596582,1779787487
FJ2417,BP21506,FMA14065,Left anterior cusp of pulmonary valve,1272,708,78303,1779787487
FJ2418,BP21732,FMA61775,Anterolateral head of lateral papillary muscle of left ventricle,816,532,54414,1779787487
FJ2419,BP21412,FMA268955,Anterior papillary muscle of right ventricle,882,580,59214,1779787487
FJ2420,BP21464,FMA14065,Anterior leaflet of mitral valve,7558,4052,494939,1779787487
FJ2421,BP22919,FMA14065,Anterior leaflet of tricuspid valve,8160,4282,532407,1779787487
FJ2422,BP21502,FMA13238,Cavity of left ventricle,1722,879,101810,1779787487
FJ2423,BP22929,FMA13238,Cavity of right ventricle,1918,973,113260,1779787487
FJ2426,BP21862,FMA14065,Left posterior cusp of aortic valve,914,526,57046,1779787487
FJ2427,BP21470,FMA14065,Posterior cusp of pulmonary valve,996,573,62169,1779787487
FJ2428,BP21837,FMA13256,Wall of ventricle,37442,21053,2660566,1779787487
FJ2429,BP22962,FMA268955,Posterior papillary muscle of left ventricle,780,487,50923,1779787487
FJ2430,BP21414,FMA268955,Posterior papillary muscle of right ventricle,692,484,48011,1779787487
FJ2431,BP22800,FMA14065,Right posterior cusp of aortic valve,316,215,21070,1779787487
FJ2432,BP22942,FMA14065,Posterior leaflet of mitral valve,3820,2560,274256,1779787487
FJ2433,BP21500,FMA14065,Posterior leaflet of tricuspid valve,4926,2729,324995,1779787487
FJ2434,BP21860,FMA14065,Right anterior cusp of pulmonary valve,1370,769,84744,1779787487
FJ2435,BP21721,FMA14065,Anterior cusp of aortic valve,920,508,56152,1779787487
FJ2436,BP21518,FMA14065,Septal leaflet of tricuspid valve,4526,2591,302230,1779787487
FJ2437,BP21397,FMA268955,Septal papillary muscle of right ventricle,844,539,55990,1779787487
FJ2438,BP21455,FMA13256,Wall of left atrium,7544,4284,509716,1779787487
FJ2439,BP21422,FMA13256,Wall of right atrium,17784,9887,1211319,1779787487
FJ2440,BP22903,FMA55107,Cricoid cartilage,1702,937,105143,1779787487
FJ2441,BP23127,FMA12224,Inferior lingular bronchial tree,1134,631,69849,1779787487
FJ2442,BP23836,FMA12224,Left medial basal segmental bronchial tree,730,409,44859,1779787487
FJ2443,BP23746,FMA12224,Left anterior segmental bronchial tree,440,270,28145,1779787487
FJ2444,BP23781,FMA12224,Left apical segmental bronchial tree,572,332,35602,1779787487
FJ2445,BP19566,FMA12224,Left lateral basal segmental bronchial tree,626,354,38556,1779787487
FJ2446,BP20092,FMA12224,Left posterior basal segmental bronchial tree,722,405,44457,1779787487
FJ2447,BP23441,FMA12224,Left posterior segmental bronchial tree,284,175,17918,1779787487
FJ2448,BP23530,FMA12224,Left superior segmental bronchial tree,444,270,28243,1779787487
FJ2449,BP23125,FMA12224,Lateral segmental bronchial tree,858,477,53124,1779787487
FJ2451,BP23098,FMA12224,Medial segmental bronchial tree,514,297,31959,1779787487
FJ2452,BP20219,FMA12224,Right anterior basal segmental bronchial tree,528,303,32892,1779787487
FJ2453,BP24079,FMA12224,Right anterior segmental bronchial tree,390,232,24546,1779787487
FJ2454,BP23435,FMA12224,Right apical segmental bronchial tree,388,226,24103,1779787487
FJ2455,BP20266,FMA12224,Right lateral basal segmental bronchial tree,650,379,41083,1779787487
FJ2456,BP23914,FMA12224,Right medial basal segmental bronchial tree,170,115,11223,1779787487
FJ2457,BP23851,FMA12224,Right posterior basal segmental bronchial tree,654,373,40688,1779787487
FJ2458,BP23453,FMA12224,Right posterior segmental bronchial tree,510,291,31614,1779787487
FJ2459,BP23510,FMA12224,Right superior segmental bronchial tree,516,318,33437,1779787487
FJ2460,BP23781,FMA12224,Left apical segmental bronchial tree,214,147,14271,1779787487
FJ2461,BP23781,FMA12224,Left apical segmental bronchial tree,136,99,9277,1779787487
FJ2462,BP23781,FMA12224,Left apical segmental bronchial tree,126,106,9519,1779787487
FJ2463,BP23781,FMA12224,Left apical segmental bronchial tree,114,97,8618,1779787487
FJ2464,BP23781,FMA12224,Left apical segmental bronchial tree,64,70,5883,1779787487
FJ2465,BP23441,FMA12224,Left posterior segmental bronchial tree,92,81,7186,1779787487
FJ2466,BP23441,FMA12224,Left posterior segmental bronchial tree,64,68,5740,1779787487
FJ2467,BP23746,FMA12224,Left anterior segmental bronchial tree,418,258,26789,1779787487
FJ2468,BP23746,FMA12224,Left anterior segmental bronchial tree,208,161,14836,1779787487
FJ2469,BP23746,FMA12224,Left anterior segmental bronchial tree,84,89,7456,1779787487
FJ2470,BP23851,FMA12224,Right posterior basal segmental bronchial tree,846,484,53301,1779787487
FJ2471,BP23746,FMA12224,Left anterior segmental bronchial tree,108,82,7615,1779787487
FJ2472,BP23746,FMA12224,Left anterior segmental bronchial tree,116,101,8928,1779787487
FJ2473,BP23746,FMA12224,Left anterior segmental bronchial tree,116,116,9865,1779787487
FJ2474,BP23746,FMA12224,Left anterior segmental bronchial tree,136,119,10490,1779787487
FJ2475,BP23127,FMA12224,Inferior lingular bronchial tree,214,133,13335,1779787487
FJ2476,BP23363,FMA12224,Superior lingular bronchial tree,136,108,9862,1779787487
FJ2477,BP23363,FMA12224,Superior lingular bronchial tree,74,89,7215,1779787487
FJ2478,BP23363,FMA12224,Superior lingular bronchial tree,88,87,7460,1779787487
FJ2479,BP23530,FMA12224,Left superior segmental bronchial tree,208,133,13192,1779787487
FJ2480,BP23530,FMA12224,Left superior segmental bronchial tree,108,94,8288,1779787487
FJ2481,BP23851,FMA12224,Right posterior basal segmental bronchial tree,344,273,25637,1779787487
FJ2482,BP23530,FMA12224,Left superior segmental bronchial tree,104,87,7774,1779787487
FJ2483,BP23530,FMA12224,Left superior segmental bronchial tree,92,83,7281,1779787487
FJ2484,BP23530,FMA12224,Left superior segmental bronchial tree,128,97,8991,1779787487
FJ2485,BP23530,FMA12224,Left superior segmental bronchial tree,60,75,6091,1779787487
FJ2486,BP23851,FMA12224,Right posterior basal segmental bronchial tree,248,167,16510,1779787487
FJ2487,BP23851,FMA12224,Right posterior basal segmental bronchial tree,1448,830,91815,1779787487
FJ2488,BP23914,FMA12224,Right medial basal segmental bronchial tree,732,477,49171,1779787487
FJ2489,BP23851,FMA12224,Right posterior basal segmental bronchial tree,618,374,39932,1779787487
FJ2490,BP20266,FMA12224,Right lateral basal segmental bronchial tree,566,348,36660,1779787487
FJ2491,BP20266,FMA12224,Right lateral basal segmental bronchial tree,1440,839,92285,1779787487
FJ2492,BP20266,FMA12224,Right lateral basal segmental bronchial tree,272,206,19508,1779787487
FJ2493,BP20219,FMA12224,Right anterior basal segmental bronchial tree,1428,860,92861,1779787487
FJ2494,BP20219,FMA12224,Right anterior basal segmental bronchial tree,304,211,20802,1779787487
FJ2495,BP23510,FMA12224,Right superior segmental bronchial tree,866,527,56424,1779787487
FJ2496,BP23510,FMA12224,Right superior segmental bronchial tree,2752,1482,174165,1779787487
FJ2497,BP23510,FMA12224,Right superior segmental bronchial tree,294,214,20687,1779787487
FJ2498,BP23510,FMA12224,Right superior segmental bronchial tree,660,385,41655,1779787487
FJ2499,BP23510,FMA12224,Right superior segmental bronchial tree,1456,822,91310,1779787487
FJ2500,BP23510,FMA12224,Right superior segmental bronchial tree,266,174,17490,1779787487
FJ2501,BP23510,FMA12224,Right superior segmental bronchial tree,554,325,35014,1779787487
FJ2502,BP23510,FMA12224,Right superior segmental bronchial tree,352,233,23636,1779787487
FJ2503,BP23125,FMA12224,Lateral segmental bronchial tree,734,488,50113,1779787487
FJ2504,BP23125,FMA12224,Lateral segmental bronchial tree,2456,1419,160132,1779787487
FJ2505,BP23125,FMA12224,Lateral segmental bronchial tree,472,331,32881,1779787487
FJ2506,BP23098,FMA12224,Medial segmental bronchial tree,2482,1364,157639,1779787487
FJ2507,BP23098,FMA12224,Medial segmental bronchial tree,1516,881,96964,1779787487
FJ2508,BP23098,FMA12224,Medial segmental bronchial tree,834,529,55644,1779787487
FJ2509,BP24079,FMA12224,Right anterior segmental bronchial tree,2350,1307,149656,1779787487
FJ2510,BP24079,FMA12224,Right anterior segmental bronchial tree,836,494,53475,1779787487
FJ2511,BP24079,FMA12224,Right anterior segmental bronchial tree,286,198,19490,1779787487
FJ2512,BP24079,FMA12224,Right anterior segmental bronchial tree,340,227,22856,1779787487
FJ2513,BP24079,FMA12224,Right anterior segmental bronchial tree,770,449,48859,1779787487
FJ2514,BP24079,FMA12224,Right anterior segmental bronchial tree,636,385,41089,1779787487
FJ2515,BP23453,FMA12224,Right posterior segmental bronchial tree,2204,1269,142280,1779787487
FJ2516,BP23453,FMA12224,Right posterior segmental bronchial tree,882,544,57917,1779787487
FJ2517,BP23453,FMA12224,Right posterior segmental bronchial tree,302,199,20002,1779787487
FJ2518,BP23453,FMA12224,Right posterior segmental bronchial tree,210,147,14230,1779787487
FJ2519,BP23453,FMA12224,Right posterior segmental bronchial tree,228,158,15407,1779787487
FJ2520,BP23435,FMA12224,Right apical segmental bronchial tree,1794,1011,112766,1779787487
FJ2521,BP23435,FMA12224,Right apical segmental bronchial tree,600,358,38379,1779787487
FJ2522,BP23435,FMA12224,Right apical segmental bronchial tree,882,533,57293,1779787487
FJ2523,BP23435,FMA12224,Right apical segmental bronchial tree,208,144,13958,1779787487
FJ2524,BP23435,FMA12224,Right apical segmental bronchial tree,286,200,19629,1779787487
FJ2525,BP23435,FMA12224,Right apical segmental bronchial tree,176,127,12124,1779787487
FJ2526,BP23435,FMA12224,Right apical segmental bronchial tree,170,125,11823,1779787487
FJ2527,BP20092,FMA12224,Left posterior basal segmental bronchial tree,210,138,13528,1779787487
FJ2528,BP20092,FMA12224,Left posterior basal segmental bronchial tree,256,164,16401,1779787487
FJ2529,BP20092,FMA12224,Left posterior basal segmental bronchial tree,106,109,9182,1779787487
FJ2530,BP20092,FMA12224,Left posterior basal segmental bronchial tree,108,86,7813,1779787487
FJ2531,BP20092,FMA12224,Left posterior basal segmental bronchial tree,58,78,6215,1779787487
FJ2532,BP19566,FMA12224,Left lateral basal segmental bronchial tree,278,166,17164,1779787487
FJ2533,BP19566,FMA12224,Left lateral basal segmental bronchial tree,154,133,11788,1779787487
FJ2534,BP19566,FMA12224,Left lateral basal segmental bronchial tree,68,70,5965,1779787487
FJ2535,BP20074,FMA12224,Left anterior basal segmental bronchial tree,296,186,18878,1779787487
FJ2536,BP20074,FMA12224,Left anterior basal segmental bronchial tree,298,187,19003,1779787487
FJ2537,BP23836,FMA12224,Left medial basal segmental bronchial tree,92,76,6878,1779787487
FJ2538,BP20074,FMA12224,Left anterior basal segmental bronchial tree,138,110,10036,1779787487
FJ2539,BP21591,FMA12224,Right main bronchus proper,4468,2564,299993,1779787487
FJ2540,BP23363,FMA12224,Superior lingular bronchial tree,366,230,23492,1779787487
FJ2541,BP21463,FMA12224,Trachea,4996,2607,320579,1779787487
FJ2542,BP23597,FMA19086,Left coccygeus,2082,1482,149928,1779787487
FJ2543,BP23384,FMA19728,External anal sphincter,364,240,24121,1779787487
FJ2544,BP23080,FMA10474,Left iliococcygeus,3846,2898,295908,1779787487
FJ2545,BP23259,FMA10474,Left pubococcygeus,4670,2937,327354,1779787487
FJ2546,BP23215,FMA10474,Left puborectalis,3618,3163,303840,1779787487
FJ2547,BP23587,FMA19086,Right coccygeus,2086,1607,159230,1779787487
FJ2548,BP23384,FMA19728,External anal sphincter,368,250,24956,1779787487
FJ2549,BP23163,FMA10474,Right iliococcygeus,3864,3319,325460,1779787487
FJ2550,BP23334,FMA10474,Right pubococcygeus,4616,3498,363730,1779787487
FJ2551,BP23238,FMA10474,Right puborectalis,3638,4164,367371,1779787487
FJ2552,BP19735,FMA14065,Tendinous arch of levator ani,710,440,46085,1779787487
FJ2553,BP19735,FMA14065,Tendinous arch of levator ani,722,434,46531,1779787487
FJ2561,BP21570,FMA55661,Spleen,1330,689,79066,1779787487
FJ2563,BP22612,FMA55671,Esophagus,578,323,35525,1779787487
FJ2564,BP22633,FMA55671,Stomach,1810,914,106610,1779787487
FJ2565,BP23696,FMA14542,Appendix,442,244,26743,1779787487
FJ2566,BP22851,FMA14540,Ascending colon,3310,1812,214014,1779787487
FJ2567,BP22849,FMA14540,Descending colon,5588,3039,365225,1779787487
FJ2568,BP23047,FMA14065,Taenia libera,15244,15598,1480351,1779787487
FJ2569,BP24038,FMA14065,Taenia mesocolica,13342,15282,1385745,1779787487
FJ2570,BP22836,FMA14065,Taenia omentalis,15922,12767,1319260,1779787487
FJ2571,BP21497,FMA14540,Rectum,2118,1121,129351,1779787487
FJ2572,BP21603,FMA14540,Transverse colon,3472,1923,225187,1779787487
FJ2573,BP22631,FMA61775,Duodenum,1860,977,112313,1779787487
FJ2574,BP21558,FMA14092,Proximal part of ileum,380,197,22149,1779787487
FJ2575,BP21558,FMA14092,Proximal part of ileum,276,144,15734,1779787487
FJ2576,BP22937,FMA14092,Middle part of ileum,172,94,9791,1779787487
FJ2577,BP22937,FMA14092,Middle part of ileum,314,174,18646,1779787487
FJ2578,BP22937,FMA14092,Middle part of ileum,292,161,17272,1779787487
FJ2579,BP22937,FMA14092,Middle part of ileum,280,150,16287,1779787487
FJ2580,BP22937,FMA14092,Middle part of ileum,344,176,19774,1779787487
FJ2581,BP22937,FMA14092,Middle part of ileum,198,118,12055,1779787487
FJ2582,BP22937,FMA14092,Middle part of ileum,212,114,12156,1779787487
FJ2583,BP22937,FMA14092,Middle part of ileum,198,102,11013,1779787487
FJ2584,BP22937,FMA14092,Middle part of ileum,228,116,12745,1779787487
FJ2585,BP21558,FMA14092,Proximal part of ileum,288,158,17082,1779787487
FJ2586,BP22937,FMA14092,Middle part of ileum,264,143,15370,1779787487
FJ2587,BP23004,FMA14092,Distal part of ileum,228,117,12701,1779787487
FJ2588,BP23004,FMA14092,Distal part of ileum,266,142,15324,1779787487
FJ2589,BP23004,FMA14092,Distal part of ileum,326,168,18602,1779787487
FJ2590,BP23004,FMA14092,Distal part of ileum,184,97,10287,1779787487
FJ2591,BP23004,FMA14092,Distal part of ileum,226,118,12797,1779787487
FJ2592,BP23004,FMA14092,Distal part of ileum,236,129,13786,1779787487
FJ2593,BP23004,FMA14092,Distal part of ileum,262,134,14802,1779787487
FJ2594,BP23004,FMA14092,Distal part of ileum,220,113,12328,1779787487
FJ2595,BP23004,FMA14092,Distal part of ileum,258,139,15008,1779787487
FJ2596,BP21558,FMA14092,Proximal part of ileum,226,135,13800,1779787487
FJ2597,BP23004,FMA14092,Distal part of ileum,202,106,11387,1779787487
FJ2598,BP23004,FMA14092,Distal part of ileum,246,129,14073,1779787487
FJ2599,BP23004,FMA14092,Distal part of ileum,288,156,16969,1779787487
FJ2600,BP21558,FMA14092,Proximal part of ileum,256,136,14765,1779787487
FJ2601,BP21558,FMA14092,Proximal part of ileum,208,125,12681,1779787487
FJ2602,BP21558,FMA14092,Proximal part of ileum,270,139,15205,1779787487
FJ2603,BP21558,FMA14092,Proximal part of ileum,294,154,16848,1779787487
FJ2604,BP21558,FMA14092,Proximal part of ileum,198,114,11693,1779787487
FJ2605,BP21558,FMA14092,Proximal part of ileum,332,177,19339,1779787487
FJ2606,BP19824,FMA14092,Proximal part of jejunum,320,207,20813,1779787487
FJ2607,BP23049,FMA14092,Middle part of jejunum,240,127,13644,1779787487
FJ2608,BP23049,FMA14092,Middle part of jejunum,262,133,14643,1779787487
FJ2609,BP23049,FMA14092,Middle part of jejunum,192,98,10517,1779787487
FJ2610,BP23049,FMA14092,Middle part of jejunum,296,156,17024,1779787487
FJ2611,BP21556,FMA14092,Distal part of jejunum,226,123,13046,1779787487
FJ2612,BP21556,FMA14092,Distal part of jejunum,248,134,14404,1779787487
FJ2613,BP21556,FMA14092,Distal part of jejunum,176,91,9768,1779787487
FJ2614,BP21556,FMA14092,Distal part of jejunum,232,120,13066,1779787487
FJ2615,BP21556,FMA14092,Distal part of jejunum,264,147,15657,1779787487
FJ2616,BP21556,FMA14092,Distal part of jejunum,444,233,26182,1779787487
FJ2617,BP19824,FMA14092,Proximal part of jejunum,234,135,13925,1779787487
FJ2618,BP21556,FMA14092,Distal part of jejunum,222,117,12658,1779787487
FJ2619,BP21556,FMA14092,Distal part of jejunum,260,142,15305,1779787487
FJ2620,BP21556,FMA14092,Distal part of jejunum,284,154,16704,1779787487
FJ2621,BP21556,FMA14092,Distal part of jejunum,500,278,30507,1779787487
FJ2622,BP19824,FMA14092,Proximal part of jejunum,160,99,9833,1779787487
FJ2623,BP19824,FMA14092,Proximal part of jejunum,386,206,22596,1779787487
FJ2624,BP19824,FMA14092,Proximal part of jejunum,172,94,9826,1779787487
FJ2625,BP19824,FMA14092,Proximal part of jejunum,152,79,8452,1779787487
FJ2626,BP19824,FMA14092,Proximal part of jejunum,330,188,19886,1779787487
FJ2627,BP19824,FMA14092,Proximal part of jejunum,190,99,10519,1779787487
FJ2628,BP23049,FMA14092,Middle part of jejunum,236,128,13550,1779787487
FJ2629,BP22966,FMA14065,Parenchyma of pancreas,4272,2153,267199,1779787487
FJ2631,BP20058,FMA30313,Trunk of anterior interventricular branch of left coronary artery,3032,1549,186677,1779787487
FJ2632,BP21180,FMA13914,First right anterior branch of anterior interventricular branch of left coronary artery,108,91,8182,1779787487
FJ2633,BP20897,FMA13921,Diagonal branch of anterior descending branch of left coronary artery,492,318,32449,1779787487
FJ2634,BP20897,FMA13921,Diagonal branch of anterior descending branch of left coronary artery,196,158,14481,1779787487
FJ2635,BP20897,FMA13921,Diagonal branch of anterior descending branch of left coronary artery,766,495,50992,1779787487
FJ2636,BP20897,FMA13921,Diagonal branch of anterior descending branch of left coronary artery,420,282,28383,1779787487
FJ2637,BP20897,FMA13921,Diagonal branch of anterior descending branch of left coronary artery,160,144,12743,1779787487
FJ2638,BP20897,FMA13921,Diagonal branch of anterior descending branch of left coronary artery,290,246,22447,1779787487
FJ2639,BP20897,FMA13921,Diagonal branch of anterior descending branch of left coronary artery,150,122,11152,1779787487
FJ2640,BP20897,FMA13921,Diagonal branch of anterior descending branch of left coronary artery,260,218,19948,1779787487
FJ2641,BP21185,FMA13914,Third right anterior branch of anterior interventricular branch of left coronary artery,442,322,31409,1779787487
FJ2642,BP20897,FMA13921,Diagonal branch of anterior descending branch of left coronary artery,964,525,58500,1779787487
FJ2643,BP21079,FMA13921,Conus branch of anterior interventricular branch of left coronary artery,478,269,29271,1779787487
FJ2644,BP21079,FMA13921,Conus branch of anterior interventricular branch of left coronary artery,306,193,19694,1779787487
FJ2645,BP21180,FMA13914,First right anterior branch of anterior interventricular branch of left coronary artery,318,224,21928,1779787487
FJ2646,BP21183,FMA13914,Second right anterior branch of anterior interventricular branch of left coronary artery,470,287,30116,1779787487
FJ2647,BP21185,FMA13914,Third right anterior branch of anterior interventricular branch of left coronary artery,306,216,21034,1779787487
FJ2648,BP20897,FMA13921,Diagonal branch of anterior descending branch of left coronary artery,286,203,19665,1779787487
FJ2649,BP19545,FMA3895,Circumflex branch of left coronary artery,1380,692,80670,1779787487
FJ2650,BP19545,FMA3895,Circumflex branch of left coronary artery,396,316,29455,1779787487
FJ2651,BP19545,FMA3895,Circumflex branch of left coronary artery,510,395,37493,1779787487
FJ2653,BP19545,FMA3895,Circumflex branch of left coronary artery,252,232,20597,1779787487
FJ2654,BP19545,FMA3895,Circumflex branch of left coronary artery,172,150,13415,1779787487
FJ2655,BP23480,FMA30314,Coronary sinus,624,331,37077,1779787487
FJ2656,BP20241,FMA12846,Great cardiac vein,826,434,49194,1779787487
FJ2657,BP23846,FMA12846,Anterior interventricular vein,336,237,23123,1779787487
FJ2658,BP23846,FMA12846,Anterior interventricular vein,416,268,27338,1779787487
FJ2659,BP23846,FMA12846,Anterior interventricular vein,556,399,39071,1779787487
FJ2660,BP23846,FMA12846,Anterior interventricular vein,232,182,16905,1779787487
FJ2661,BP23846,FMA12846,Anterior interventricular vein,430,266,27568,1779787487
FJ2662,BP23846,FMA12846,Anterior interventricular vein,238,126,13501,1779787487
FJ2663,BP23846,FMA12846,Anterior interventricular vein,266,183,17788,1779787487
FJ2664,BP23846,FMA12846,Anterior interventricular vein,210,137,13404,1779787487
FJ2665,BP23846,FMA12846,Anterior interventricular vein,624,426,42586,1779787487
FJ2667,BP22716,FMA13912,Marginal branch of right coronary artery,360,267,25544,1779787487
FJ2668,BP22716,FMA13912,Marginal branch of right coronary artery,216,176,16036,1779787487
FJ2670,BP20607,FMA3807,Conus branch of right coronary artery,442,280,28601,1779787487
FJ2671,BP24086,FMA13912,First anterior ventricular branch of right coronary artery,478,313,31668,1779787487
FJ2672,BP22716,FMA13912,Marginal branch of right coronary artery,742,447,47586,1779787487
FJ2673,BP24086,FMA13912,First anterior ventricular branch of right coronary artery,338,243,23463,1779787487
FJ2674,BP22716,FMA13912,Marginal branch of right coronary artery,284,186,18442,1779787487
FJ2675,BP22716,FMA13912,Marginal branch of right coronary artery,200,148,14017,1779787487
FJ2676,BP20607,FMA3807,Conus branch of right coronary artery,304,233,21891,1779787487
FJ2677,BP24086,FMA13912,First anterior ventricular branch of right coronary artery,252,198,18355,1779787487
FJ2678,BP20099,FMA12846,Middle cardiac vein,770,450,48245,1779787487
FJ2679,BP20099,FMA12846,Middle cardiac vein,252,184,17526,1779787487
FJ2680,BP20099,FMA12846,Middle cardiac vein,376,331,29919,1779787487
FJ2681,BP20099,FMA12846,Middle cardiac vein,204,210,17788,1779787487
FJ2682,BP20099,FMA12846,Middle cardiac vein,360,365,31365,1779787487
FJ2683,BP20099,FMA12846,Middle cardiac vein,168,178,14893,1779787487
FJ2684,BP20099,FMA12846,Middle cardiac vein,264,192,18379,1779787487
FJ2685,BP20099,FMA12846,Middle cardiac vein,236,171,16314,1779787487
FJ2686,BP20099,FMA12846,Middle cardiac vein,280,220,20428,1779787487
FJ2687,BP20099,FMA12846,Middle cardiac vein,618,493,46366,1779787487
FJ2688,BP20099,FMA12846,Middle cardiac vein,306,313,26888,1779787487
FJ2689,BP20099,FMA12846,Middle cardiac vein,274,172,17332,1779787487
FJ2690,BP20099,FMA12846,Middle cardiac vein,364,232,23515,1779787487
FJ2691,BP20099,FMA12846,Middle cardiac vein,156,125,11389,1779787487
FJ2692,BP21601,FMA3840,Posterior interventricular branch of right coronary artery,930,608,62472,1779787487
FJ2695,BP21601,FMA3840,Posterior interventricular branch of right coronary artery,236,163,15588,1779787487
FJ2696,BP21601,FMA3840,Posterior interventricular branch of right coronary artery,336,286,26011,1779787487
FJ2697,BP21601,FMA3840,Posterior interventricular branch of right coronary artery,220,188,16991,1779787487
FJ2698,BP21601,FMA3840,Posterior interventricular branch of right coronary artery,200,195,16844,1779787487
FJ2699,BP21601,FMA3840,Posterior interventricular branch of right coronary artery,126,126,10717,1779787487
FJ2700,BP21601,FMA3840,Posterior interventricular branch of right coronary artery,280,197,19047,1779787487
FJ2701,BP20242,FMA12846,Posterior vein of left ventricle,834,497,52961,1779787487
FJ2702,BP20242,FMA12846,Posterior vein of left ventricle,254,229,20359,1779787487
FJ2703,BP19615,FMA12846,Left marginal vein,960,547,59658,1779787487
FJ2704,BP19615,FMA12846,Left marginal vein,280,195,19014,1779787487
FJ2705,BP19615,FMA12846,Left marginal vein,238,185,17162,1779787487
FJ2706,BP20242,FMA12846,Posterior vein of left ventricle,356,340,29703,1779787487
FJ2707,BP20242,FMA12846,Posterior vein of left ventricle,508,377,36368,1779787487
FJ2708,BP20242,FMA12846,Posterior vein of left ventricle,446,387,35209,1779787487
FJ2709,BP20242,FMA12846,Posterior vein of left ventricle,468,352,33804,1779787487
FJ2710,BP20242,FMA12846,Posterior vein of left ventricle,224,175,16218,1779787487
FJ2711,BP20242,FMA12846,Posterior vein of left ventricle,184,172,15033,1779787487
FJ2712,BP20242,FMA12846,Posterior vein of left ventricle,126,119,10246,1779787487
FJ2713,BP20242,FMA12846,Posterior vein of left ventricle,310,310,26952,1779787487
FJ2714,BP21137,FMA13912,First posterior ventricular branch of right coronary artery,794,482,50922,1779787487
FJ2715,BP21137,FMA13912,First posterior ventricular branch of right coronary artery,218,185,16722,1779787487
FJ2716,BP21137,FMA13912,First posterior ventricular branch of right coronary artery,232,188,17209,1779787487
FJ2717,BP21137,FMA13912,First posterior ventricular branch of right coronary artery,340,259,24493,1779787487
FJ2718,BP21137,FMA13912,First posterior ventricular branch of right coronary artery,186,139,12995,1779787487
FJ2719,BP21137,FMA13912,First posterior ventricular branch of right coronary artery,380,299,28208,1779787487
FJ2720,BP21137,FMA13912,First posterior ventricular branch of right coronary artery,320,233,22463,1779787487
FJ2721,BP21137,FMA13912,First posterior ventricular branch of right coronary artery,256,198,18462,1779787487
FJ2722,BP21137,FMA13912,First posterior ventricular branch of right coronary artery,320,244,23219,1779787487
FJ2723,BP20285,FMA30313,Trunk of right coronary artery,4502,2255,281250,1779787487
FJ2724,BP20257,FMA12846,Small cardiac vein,570,294,33548,1779787487
FJ2725,BP20698,FMA12846,Anterior cardiac vein,452,288,29444,1779787487
FJ2727,BP20050,FMA12846,Right marginal vein,970,627,64994,1779787487
FJ2728,BP20050,FMA12846,Right marginal vein,282,190,18784,1779787487
FJ2729,BP20050,FMA12846,Right marginal vein,222,156,14889,1779787487
FJ2730,BP20698,FMA12846,Anterior cardiac vein,278,192,18596,1779787487
FJ2731,BP20257,FMA12846,Small cardiac vein,892,454,52484,1779787487
FJ2732,BP20760,FMA13921,Septal branch of anterior interventricular artery,478,425,38622,1779787487
FJ2733,BP20760,FMA13921,Septal branch of anterior interventricular artery,332,286,26063,1779787487
FJ2734,BP20760,FMA13921,Septal branch of anterior interventricular artery,334,254,24177,1779787487
FJ2735,BP20835,FMA3845,First septal branch of right posterior interventricular artery,328,285,25904,1779787487
FJ2736,BP21004,FMA3845,Second septal branch of right posterior interventricular artery,324,286,25597,1779787487
FJ2737,BP20235,FMA30313,Trunk of left coronary artery,204,121,12280,1779787487
FJ2738,BP20227,FMA46689,Left genioglossus,8214,4685,560222,1779787487
FJ2739,BP20255,FMA46689,Left hyoglossus,2888,1709,191323,1779787487
FJ2740,BP20100,FMA46619,Left inferior pharyngeal constrictor,7422,4424,517584,1779787487
FJ2741,BP23383,FMA46726,Left levator veli palatini,12318,6821,827957,1779787487
FJ2742,BP23923,FMA46619,Right middle pharyngeal constrictor,5904,3497,406510,1779787487
FJ2743,BP23494,FMA46619,Left palatopharyngeus,41400,20760,2822966,1779787487
FJ2744,BP22596,FMA50705,Left pterygomandibular raphe,1982,1214,130087,1779787487
FJ2745,BP23749,FMA46619,Left salpingopharyngeus,9152,4846,600269,1779787487
FJ2746,BP23374,FMA46619,Left stylopharyngeus,3268,1985,220850,1779787487
FJ2747,BP20320,FMA46619,Left superior pharyngeal constrictor,10702,6380,750535,1779787487
FJ2748,BP23471,FMA46726,Left tensor veli palatini,13872,7523,922334,1779787487
FJ2749,BP21665,FMA50705,Pharyngeal raphe,12968,12514,1210602,1779787487
FJ2750,BP23936,FMA46689,Right genioglossus,7594,4261,515017,1779787487
FJ2751,BP20180,FMA46689,Right hyoglossus,2874,1653,189167,1779787487
FJ2752,BP23848,FMA46619,Right inferior pharyngeal constrictor,7448,4406,518002,1779787487
FJ2753,BP23525,FMA46726,Right levator veli palatini,12312,6835,835568,1779787487
FJ2754,BP23937,FMA46619,Left middle pharyngeal constrictor,5912,3454,406223,1779787487
FJ2755,BP23433,FMA46619,Right palatopharyngeus,41400,20746,2838048,1779787487
FJ2756,BP24016,FMA50705,Right pterygomandibular raphe,1982,1186,129568,1779787487
FJ2757,BP23377,FMA46619,Right salpingopharyngeus,9152,4853,605276,1779787487
FJ2758,BP23405,FMA46619,Right stylopharyngeus,25752,13352,1742815,1779787487
FJ2759,BP20310,FMA46619,Right superior pharyngeal constrictor,10702,6403,753717,1779787487
FJ2760,BP23734,FMA46726,Right tensor veli palatini,13872,7464,927495,1779787487
FJ2761,BP22597,FMA49443,Tongue,524,276,31105,1779787487
FJ2762,BP23328,FMA46726,Uvular muscle,1632,894,101195,1779787487
FJ2763,BP23229,FMA21496,Left stylohyoid ligament,5758,3528,400260,1779787487
FJ2764,BP23302,FMA21496,Right stylohyoid ligament,5758,3514,402990,1779787487
FJ2765,BP23722,FMA55661,Left sublingual gland,230,143,14328,1779787487
FJ2766,BP23762,FMA55093,Left submandibular gland,228,123,13039,1779787487
FJ2767,BP23401,FMA55661,Right sublingual gland,244,143,14871,1779787487
FJ2768,BP23704,FMA55093,Right submandibular gland,228,122,13125,1779787487
FJ2769,BP22903,FMA55107,Cricoid cartilage,1702,937,105143,1779787487
FJ2770,BP21503,FMA49443,Epiglottis,3602,2992,294458,1779787487
FJ2771,BP23637,FMA21496,Hyo-epiglottic ligament,2112,1686,165808,1779787487
FJ2772,BP22977,FMA5018,Hyoid bone,1196,687,75198,1779787487
FJ2773,BP23027,FMA55107,Left cuneiform cartilage,174,91,9679,1779787487
FJ2774,BP23321,FMA10474,Left aryepiglotticus,4510,5804,482354,1779787487
FJ2775,BP23122,FMA55107,Left arytenoid cartilage,536,284,31671,1779787487
FJ2776,BP23329,FMA55107,Left corniculate cartilage,136,110,9965,1779787487
FJ2777,BP21521,FMA14065,Left conus elasticus,4306,2858,308756,1779787487
FJ2778,BP20175,FMA46562,Left lateral crico-arytenoid,6214,3559,417339,1779787487
FJ2779,BP23675,FMA21496,Left lateral thyrohyoid ligament,964,561,60758,1779787487
FJ2780,BP19563,FMA46562,Left oblique arytenoid,6304,4267,467064,1779787487
FJ2781,BP23340,FMA10474,Oblique part of left cricothyroid,5580,3572,396463,1779787487
FJ2782,BP19585,FMA46562,Left posterior crico-arytenoid,4842,2611,314144,1779787487
FJ2783,BP23159,FMA10474,Straight part of left cricothyroid,3270,2393,243730,1779787487
FJ2784,BP20249,FMA46562,Left thyro-arytenoid,6092,3588,416183,1779787487
FJ2785,BP20249,FMA46562,Left thyro-arytenoid,9290,5969,669209,1779787487
FJ2786,BP22886,FMA55132,Left thyrohyoid membrane,4884,2853,330501,1779787487
FJ2787,BP22944,FMA14065,Left vocal ligament,1858,2492,199372,1779787487
FJ2788,BP23926,FMA46562,Left vocalis,1152,679,73467,1779787487
FJ2789,BP22799,FMA14065,Median cricothyroid ligament,2052,1779,165567,1779787487
FJ2790,BP23166,FMA21496,Median thyrohyoid ligament,2856,1842,199132,1779787487
FJ2791,BP23240,FMA10474,Right aryepiglotticus,4366,4947,431363,1779787487
FJ2792,BP22608,FMA55107,Right arytenoid cartilage,540,282,31967,1779787487
FJ2793,BP23108,FMA55107,Right corniculate cartilage,172,108,10817,1779787487
FJ2794,BP21453,FMA14065,Right conus elasticus,4366,4274,391576,1779787487
FJ2795,BP23768,FMA55107,Right cuneiform cartilage,170,88,9491,1779787487
FJ2796,BP19550,FMA46562,Right lateral crico-arytenoid,6198,3501,418453,1779787487
FJ2797,BP24107,FMA21496,Right lateral thyrohyoid ligament,974,554,61245,1779787487
FJ2798,BP20083,FMA46562,Right oblique arytenoid,6084,4117,451391,1779787487
FJ2799,BP23769,FMA10474,Oblique part of right cricothyroid,5566,3434,391318,1779787487
FJ2800,BP20041,FMA46562,Right posterior crico-arytenoid,4812,2567,312307,1779787487
FJ2801,BP23271,FMA10474,Straight part of right cricothyroid,3232,2255,237669,1779787487
FJ2802,BP20296,FMA46562,Right thyro-arytenoid,6092,3594,418552,1779787487
FJ2803,BP20296,FMA46562,Right thyro-arytenoid,10650,6818,772770,1779787487
FJ2804,BP22908,FMA55132,Right thyrohyoid membrane,4884,2832,331779,1779787487
FJ2805,BP22941,FMA14065,Right vocal ligament,1644,1437,136400,1779787487
FJ2806,BP20211,FMA46562,Right vocalis,1148,656,72675,1779787487
FJ2807,BP23708,FMA21496,Thyro-epiglottic ligament,1042,1081,95497,1779787487
FJ2808,BP22917,FMA55099,Thyroid cartilage,2610,1360,161287,1779787487
FJ2809,BP23716,FMA46562,Transverse arytenoid,6580,4869,508735,1779787487
FJ2810,BP22617,FMA55665,Skin,203382,102467,14465138,1779787487
FJ2811,BP21857,FMA24218,External ear,2910,1774,197278,1779787487
FJ2812,BP21523,FMA228667,Eyebrow,7912,17143,1293238,1779787487
FJ2813,BP22643,FMA53667,Hair of head,18006,12464,1375028,1779787487
FJ2814,BP24030,FMA24218,Lip,1340,2240,171718,1779787487
FJ2815,BP23307,FMA53667,Pubic hair,2960,5523,423852,1779787487
FJ2816,BP22932,FMA13365,Caudate lobe of liver,5020,2526,316916,1779787487
FJ2817,BP23148,FMA55671,Gallbladder,2396,1202,144498,1779787487
FJ2818,BP22945,FMA15737,Hepatovenous segment II,14326,7482,936031,1779787487
FJ2819,BP23014,FMA15737,Hepatovenous segment III,10326,5487,677401,1779787487
FJ2820,BP22976,FMA15737,Hepatovenous segment IV,17942,11418,1295681,1779787487
FJ2821,BP21564,FMA15737,Hepatovenous segment V,11442,6605,793426,1779787487
FJ2822,BP19590,FMA15737,Hepatovenous segment VI,19450,9988,1281742,1779787487
FJ2823,BP19593,FMA15737,Hepatovenous segment VIII,19156,10230,1284336,1779787487
FJ2824,BP23025,FMA15737,Hepatovenous segment VIII,21592,11459,1455956,1779787487
FJ2881,BP20589,FMA50720,Left posterior basal segmental artery,1748,878,102496,1779787487
FJ2882,BP19729,FMA50720,Left lateral basal segmental artery,62,66,5570,1779787487
FJ2883,BP20355,FMA50720,Left anterior basal segmental artery,2400,1292,149013,1779787487
FJ2884,BP22241,FMA50720,Left medial basal segmental artery,1274,698,77992,1779787487
FJ2885,BP22241,FMA50720,Left medial basal segmental artery,462,276,29127,1779787487
FJ2886,BP20355,FMA50720,Left anterior basal segmental artery,138,102,9479,1779787487
FJ2887,BP20355,FMA50720,Left anterior basal segmental artery,104,88,7879,1779787487
FJ2888,BP20471,FMA50720,Left superior segmental artery,590,332,36138,1779787487
FJ2889,BP20471,FMA50720,Left superior segmental artery,94,85,7508,1779787487
FJ2890,BP20471,FMA50720,Left superior segmental artery,114,91,8307,1779787487
FJ2891,BP20471,FMA50720,Left superior segmental artery,418,224,24677,1779787487
FJ2892,BP20589,FMA50720,Left posterior basal segmental artery,150,115,10645,1779787487
FJ2893,BP20471,FMA50720,Left superior segmental artery,126,87,8312,1779787487
FJ2894,BP20471,FMA50720,Left superior segmental artery,416,242,25648,1779787487
FJ2895,BP20471,FMA50720,Left superior segmental artery,136,96,9050,1779787487
FJ2896,BP20070,FMA50720,Inferior lingular artery,2112,1111,127957,1779787487
FJ2897,BP20070,FMA50720,Inferior lingular artery,486,306,31619,1779787487
FJ2898,BP20198,FMA50720,Superior lingular artery,1084,609,67214,1779787487
FJ2899,BP20198,FMA50720,Superior lingular artery,84,85,7165,1779787487
FJ2900,BP20198,FMA50720,Superior lingular artery,210,133,13127,1779787487
FJ2901,BP20198,FMA50720,Superior lingular artery,200,105,11161,1779787487
FJ2902,BP22249,FMA13278,Left anterior segmental artery,692,400,43245,1779787487
FJ2903,BP20589,FMA50720,Left posterior basal segmental artery,618,354,38395,1779787487
FJ2904,BP22249,FMA13278,Left anterior segmental artery,210,127,12848,1779787487
FJ2905,BP22249,FMA13278,Left anterior segmental artery,280,147,15978,1779787487
FJ2906,BP22249,FMA13278,Left anterior segmental artery,1006,543,60947,1779787487
FJ2907,BP22249,FMA13278,Left anterior segmental artery,150,131,11614,1779787487
FJ2908,BP22249,FMA13278,Left anterior segmental artery,786,435,48150,1779787487
FJ2909,BP22249,FMA13278,Left anterior segmental artery,120,101,9017,1779787487
FJ2910,BP22249,FMA13278,Left anterior segmental artery,210,146,14064,1779787487
FJ2911,BP21840,FMA13280,Left posterior segmental artery,318,184,19374,1779787487
FJ2912,BP21840,FMA13280,Left posterior segmental artery,150,118,10777,1779787487
FJ2913,BP21840,FMA13280,Left posterior segmental artery,198,125,12338,1779787487
FJ2914,BP20589,FMA50720,Left posterior basal segmental artery,92,79,7032,1779787487
FJ2915,BP22439,FMA50720,Left apical segmental artery,418,220,24427,1779787487
FJ2916,BP22439,FMA50720,Left apical segmental artery,174,121,11522,1779787487
FJ2917,BP22439,FMA50720,Left apical segmental artery,196,133,12833,1779787487
FJ2918,BP22439,FMA50720,Left apical segmental artery,188,123,11990,1779787487
FJ2919,BP20589,FMA50720,Left posterior basal segmental artery,560,330,35192,1779787487
FJ2920,BP20589,FMA50720,Left posterior basal segmental artery,262,164,16537,1779787487
FJ2921,BP19729,FMA50720,Left lateral basal segmental artery,1710,861,100264,1779787487
FJ2922,BP19729,FMA50720,Left lateral basal segmental artery,670,397,42448,1779787487
FJ2923,BP19729,FMA50720,Left lateral basal segmental artery,236,151,15050,1779787487
FJ2924,BP22846,FMA268161,Trunk of left pulmonary artery,5450,2727,341905,1779787487
FJ2925,BP22893,FMA30314,Trunk of left superior pulmonary vein,414,209,23624,1779787487
FJ2926,BP19730,FMA13443,Left posterior segmental vein,250,144,14935,1779787487
FJ2927,BP19730,FMA13443,Left posterior segmental vein,332,178,19389,1779787487
FJ2928,BP19730,FMA13443,Left posterior segmental vein,334,216,21641,1779787487
FJ2929,BP19730,FMA13443,Left posterior segmental vein,150,98,9499,1779787487
FJ2930,BP20404,FMA13442,Left anterior segmental vein,468,239,26948,1779787487
FJ2931,BP20404,FMA13442,Left anterior segmental vein,242,150,15057,1779787487
FJ2932,BP20404,FMA13442,Left anterior segmental vein,128,88,8419,1779787487
FJ2933,BP22893,FMA30314,Trunk of left superior pulmonary vein,472,239,27104,1779787487
FJ2934,BP20302,FMA50722,Inferior lingular vein,278,161,16785,1779787487
FJ2935,BP20302,FMA50722,Inferior lingular vein,136,115,10241,1779787487
FJ2936,BP20444,FMA13444,Left apical segmental vein,448,228,25763,1779787487
FJ2937,BP19599,FMA50722,Superior lingular vein,416,218,24160,1779787487
FJ2938,BP19599,FMA50722,Superior lingular vein,180,125,11953,1779787487
FJ2939,BP19730,FMA13443,Left posterior segmental vein,522,293,31890,1779787487
FJ2940,BP19730,FMA13443,Left posterior segmental vein,112,90,8242,1779787487
FJ2941,BP19730,FMA13443,Left posterior segmental vein,190,106,10966,1779787487
FJ2942,BP19730,FMA13443,Left posterior segmental vein,168,105,10369,1779787487
FJ2943,BP19730,FMA13443,Left posterior segmental vein,176,109,10810,1779787487
FJ2944,BP22896,FMA30314,Trunk of left inferior pulmonary vein,310,157,17466,1779787487
FJ2945,BP22529,FMA13292,Left posterior basal segmental vein,376,209,22614,1779787487
FJ2946,BP22529,FMA13292,Left posterior basal segmental vein,200,117,11932,1779787487
FJ2947,BP20444,FMA13444,Left apical segmental vein,174,90,9624,1779787487
FJ2948,BP22529,FMA13292,Left posterior basal segmental vein,104,83,7561,1779787487
FJ2949,BP22529,FMA13292,Left posterior basal segmental vein,190,119,11784,1779787487
FJ2950,BP22896,FMA30314,Trunk of left inferior pulmonary vein,326,165,18424,1779787487
FJ2951,BP20737,FMA13291,Left lateral basal segmental vein,678,355,39994,1779787487
FJ2952,BP20737,FMA13291,Left lateral basal segmental vein,144,82,8446,1779787487
FJ2953,BP20737,FMA13291,Left lateral basal segmental vein,168,114,10884,1779787487
FJ2954,BP20737,FMA13291,Left lateral basal segmental vein,110,92,8203,1779787487
FJ2955,BP22896,FMA30314,Trunk of left inferior pulmonary vein,556,280,31962,1779787487
FJ2956,BP22438,FMA13290,Left anterior basal segmental vein,590,312,34916,1779787487
FJ2957,BP22438,FMA13290,Left anterior basal segmental vein,136,93,8922,1779787487
FJ2958,BP20444,FMA13444,Left apical segmental vein,314,186,19340,1779787487
FJ2959,BP22438,FMA13290,Left anterior basal segmental vein,504,274,30183,1779787487
FJ2960,BP22438,FMA13290,Left anterior basal segmental vein,162,101,9995,1779787487
FJ2961,BP20444,FMA13444,Left apical segmental vein,188,103,10732,1779787487
FJ2962,BP20444,FMA13444,Left apical segmental vein,200,117,11901,1779787487
FJ2963,BP20444,FMA13444,Left apical segmental vein,114,76,7388,1779787487
FJ2964,BP20444,FMA13444,Left apical segmental vein,174,104,10466,1779787487
FJ2965,BP19730,FMA13443,Left posterior segmental vein,142,100,9457,1779787487
FJ2966,BP23682,FMA30313,Pulmonary trunk,1302,871,89276,1779787487
FJ2967,BP20924,FMA50720,Apical part of right apical segmental artery,360,234,23827,1779787487
FJ2968,BP20964,FMA50720,Apical part of right posterior segmental artery,90,88,7651,1779787487
FJ2969,BP20964,FMA50720,Apical part of right posterior segmental artery,120,100,9040,1779787487
FJ2970,BP20764,FMA50720,Posterior part of right posterior segmental artery,726,408,45050,1779787487
FJ2971,BP20764,FMA50720,Posterior part of right posterior segmental artery,134,121,10725,1779787487
FJ2972,BP20764,FMA50720,Posterior part of right posterior segmental artery,236,167,16245,1779787487
FJ2973,BP22807,FMA30313,Trunk of right upper lobar artery,486,325,33098,1779787487
FJ2974,BP20853,FMA50720,Posterior branch of right anterior segmental artery,302,165,17961,1779787487
FJ2975,BP20773,FMA50720,Anterior branch of right anterior segmental artery,240,162,15974,1779787487
FJ2976,BP20773,FMA50720,Anterior branch of right anterior segmental artery,102,90,8055,1779787487
FJ2977,BP20773,FMA50720,Anterior branch of right anterior segmental artery,178,125,12039,1779787487
FJ2978,BP20936,FMA50720,Anterior part of right apical segmental artery,250,167,16609,1779787487
FJ2979,BP20773,FMA50720,Anterior branch of right anterior segmental artery,130,109,9846,1779787487
FJ2980,BP20853,FMA50720,Posterior branch of right anterior segmental artery,130,102,9440,1779787487
FJ2981,BP20853,FMA50720,Posterior branch of right anterior segmental artery,424,263,27364,1779787487
FJ2982,BP20340,FMA50720,Anterior branch of lateral segmental artery,490,296,31357,1779787487
FJ2983,BP20588,FMA50720,Posterior branch of lateral segmental artery,232,149,14987,1779787487
FJ2984,BP20588,FMA50720,Posterior branch of lateral segmental artery,68,68,5926,1779787487
FJ2985,BP20340,FMA50720,Anterior branch of lateral segmental artery,80,83,7081,1779787487
FJ2986,BP21022,FMA50720,Superior branch of medial segmental artery,72,76,6518,1779787487
FJ2987,BP20428,FMA50720,Inferior branch of medial segmental artery,108,89,8104,1779787487
FJ2988,BP20428,FMA50720,Inferior branch of medial segmental artery,180,130,12386,1779787487
FJ2989,BP20936,FMA50720,Anterior part of right apical segmental artery,620,368,39592,1779787487
FJ2990,BP21022,FMA50720,Superior branch of medial segmental artery,604,313,35709,1779787487
FJ2991,BP20884,FMA50720,Lateral branch of right superior segmental artery,630,366,39365,1779787487
FJ2992,BP20884,FMA50720,Lateral branch of right superior segmental artery,172,143,13023,1779787487
FJ2993,BP20884,FMA50720,Lateral branch of right superior segmental artery,56,60,5200,1779787487
FJ2994,BP20971,FMA50720,Medial branch of right superior segmental artery,236,167,16258,1779787487
FJ2995,BP20971,FMA50720,Medial branch of right superior segmental artery,604,353,38165,1779787487
FJ2996,BP20971,FMA50720,Medial branch of right superior segmental artery,296,200,19900,1779787487
FJ2997,BP22065,FMA50720,Superior branch of right superior segmental artery,294,178,18585,1779787487
FJ2998,BP22065,FMA50720,Superior branch of right superior segmental artery,254,173,17074,1779787487
FJ2999,BP22065,FMA50720,Superior branch of right superior segmental artery,854,511,55043,1779787487
FJ3000,BP20936,FMA50720,Anterior part of right apical segmental artery,202,134,13267,1779787487
FJ3001,BP20831,FMA50720,Lateral branch of right anterior basal segmental artery,414,241,25785,1779787487
FJ3002,BP21005,FMA50720,Basal branch of right anterior basal segmental artery,144,109,10179,1779787487
FJ3003,BP21005,FMA50720,Basal branch of right anterior basal segmental artery,316,232,22441,1779787487
FJ3004,BP19732,FMA50720,Lateral branch of right lateral basal segmental artery,190,111,11421,1779787487
FJ3005,BP19732,FMA50720,Lateral branch of right lateral basal segmental artery,416,237,25630,1779787487
FJ3006,BP19732,FMA50720,Lateral branch of right lateral basal segmental artery,1456,730,86023,1779787487
FJ3007,BP19732,FMA50720,Lateral branch of right lateral basal segmental artery,310,222,21677,1779787487
FJ3008,BP20863,FMA50720,Mediobasal branch of right posterior basal segmental artery,806,466,50885,1779787487
FJ3009,BP20860,FMA50720,Accessory subsuperior branch of right posterior basal segmental artery,154,118,11043,1779787487
FJ3010,BP20860,FMA50720,Accessory subsuperior branch of right posterior basal segmental artery,68,75,6337,1779787487
FJ3011,BP20936,FMA50720,Anterior part of right apical segmental artery,174,130,12267,1779787487
FJ3012,BP20863,FMA50720,Mediobasal branch of right posterior basal segmental artery,70,71,6168,1779787487
FJ3013,BP21839,FMA50720,Laterobasal branch of right posterior basal segmental artery,1506,841,94177,1779787487
FJ3014,BP21839,FMA50720,Laterobasal branch of right posterior basal segmental artery,642,376,40768,1779787487
FJ3015,BP20924,FMA50720,Apical part of right apical segmental artery,112,101,8880,1779787487
FJ3016,BP20924,FMA50720,Apical part of right apical segmental artery,856,517,55611,1779787487
FJ3017,BP20924,FMA50720,Apical part of right apical segmental artery,212,148,14332,1779787487
FJ3018,BP20964,FMA50720,Apical part of right posterior segmental artery,912,498,55941,1779787487
FJ3019,BP22843,FMA268161,Trunk of right pulmonary artery,678,341,39395,1779787487
FJ3020,BP22857,FMA30314,Trunk of right superior pulmonary vein,324,171,18885,1779787487
FJ3021,BP22779,FMA14310,Superior part of right anterior segmental vein,254,158,16035,1779787487
FJ3022,BP20545,FMA13443,Right posterior segmental vein,228,141,14335,1779787487
FJ3023,BP20545,FMA13443,Right posterior segmental vein,168,109,10742,1779787487
FJ3024,BP20545,FMA13443,Right posterior segmental vein,110,77,7425,1779787487
FJ3025,BP20545,FMA13443,Right posterior segmental vein,164,100,10068,1779787487
FJ3026,BP20545,FMA13443,Right posterior segmental vein,188,106,11011,1779787487
FJ3027,BP22779,FMA14310,Superior part of right anterior segmental vein,298,171,18187,1779787487
FJ3028,BP22789,FMA14310,Inferior part of right anterior segmental vein,202,111,11740,1779787487
FJ3029,BP22789,FMA14310,Inferior part of right anterior segmental vein,124,86,8349,1779787487
FJ3030,BP21712,FMA50722,Superior part of medial segmental vein,526,282,31602,1779787487
FJ3031,BP21006,FMA24551,Trunk of right apical segmental vein,266,140,15297,1779787487
FJ3032,BP22512,FMA50722,Inferior part of medial segmental vein,486,258,28932,1779787487
FJ3033,BP22512,FMA50722,Inferior part of medial segmental vein,106,75,7230,1779787487
FJ3034,BP19765,FMA50722,Anterior part of lateral segmental vein,390,197,22411,1779787487
FJ3035,BP19765,FMA50722,Anterior part of lateral segmental vein,226,117,12784,1779787487
FJ3036,BP19765,FMA50722,Anterior part of lateral segmental vein,308,161,17801,1779787487
FJ3037,BP20399,FMA50722,Posterior part of lateral segmental vein,416,212,24056,1779787487
FJ3038,BP20399,FMA50722,Posterior part of lateral segmental vein,250,137,14748,1779787487
FJ3039,BP20399,FMA50722,Posterior part of lateral segmental vein,224,123,13100,1779787487
FJ3040,BP22871,FMA30314,Trunk of right inferior pulmonary vein,196,113,11692,1779787487
FJ3041,BP22650,FMA13292,Right posterior basal segmental vein,586,297,34134,1779787487
FJ3042,BP20777,FMA14309,Anterior part of right apical segmental vein,188,134,12849,1779787487
FJ3043,BP22650,FMA13292,Right posterior basal segmental vein,254,159,16248,1779787487
FJ3044,BP22650,FMA13292,Right posterior basal segmental vein,126,98,9072,1779787487
FJ3045,BP22650,FMA13292,Right posterior basal segmental vein,206,127,12852,1779787487
FJ3046,BP22650,FMA13292,Right posterior basal segmental vein,178,121,11740,1779787487
FJ3047,BP22650,FMA13292,Right posterior basal segmental vein,226,131,13648,1779787487
FJ3048,BP22650,FMA13292,Right posterior basal segmental vein,170,101,10285,1779787487
FJ3049,BP19781,FMA13290,Right anterior basal segmental vein,322,171,18851,1779787487
FJ3050,BP22533,FMA13445,Right superior segmental vein,548,284,32378,1779787487
FJ3051,BP22533,FMA13445,Right superior segmental vein,338,205,21388,1779787487
FJ3052,BP22533,FMA13445,Right superior segmental vein,102,68,6721,1779787487
FJ3053,BP20777,FMA14309,Anterior part of right apical segmental vein,178,103,10656,1779787487
FJ3054,BP22196,FMA13289,Right medial basal segmental vein,206,143,13868,1779787487
FJ3055,BP22196,FMA13289,Right medial basal segmental vein,80,73,6463,1779787487
FJ3056,BP19781,FMA13290,Right anterior basal segmental vein,264,136,15030,1779787487
FJ3057,BP22650,FMA13292,Right posterior basal segmental vein,122,89,8487,1779787487
FJ3058,BP22650,FMA13292,Right posterior basal segmental vein,174,100,10316,1779787487
FJ3059,BP20456,FMA13291,Right lateral basal segmental vein,424,231,25500,1779787487
FJ3060,BP20456,FMA13291,Right lateral basal segmental vein,216,123,12869,1779787487
FJ3061,BP20456,FMA13291,Right lateral basal segmental vein,152,85,8900,1779787487
FJ3062,BP20456,FMA13291,Right lateral basal segmental vein,218,120,12740,1779787487
FJ3063,BP22533,FMA13445,Right superior segmental vein,134,97,9154,1779787487
FJ3064,BP20978,FMA14309,Apical part of right apical segmental vein,230,132,13843,1779787487
FJ3065,BP22533,FMA13445,Right superior segmental vein,146,95,9357,1779787487
FJ3066,BP22533,FMA13445,Right superior segmental vein,136,100,9451,1779787487
FJ3067,BP20978,FMA14309,Apical part of right apical segmental vein,204,107,11553,1779787487
FJ3068,BP20978,FMA14309,Apical part of right apical segmental vein,102,81,7440,1779787487
FJ3069,BP20545,FMA13443,Right posterior segmental vein,356,185,20676,1779787487
FJ3070,BP20545,FMA13443,Right posterior segmental vein,230,132,13810,1779787487
FJ3071,BP23050,FMA61775,Anterior superior tributary of right hepatic biliary tree,686,395,43243,1779787487
FJ3072,BP23246,FMA61775,Anterior inferior tributary of right hepatic biliary tree,1708,1265,126531,1779787487
FJ3073,BP21838,FMA15420,Anterior superior segmental branch of right portal vein,770,404,46133,1779787487
FJ3074,BP20485,FMA15421,Anterior inferior segmental branch of right portal vein,2832,1582,183373,1779787487
FJ3075,BP21205,FMA14769,Anterior inferior segmental hepatic artery,1666,1244,123878,1779787487
FJ3076,BP21226,FMA14769,Anterior superior segmental hepatic artery,892,459,53060,1779787487
FJ3077,BP21194,FMA14769,Caudate lobe branch of left hepatic artery,430,250,26906,1779787487
FJ3078,BP24054,FMA14767,Trunk of common hepatic artery,348,184,20296,1779787487
FJ3079,BP20587,FMA14668,Common hepatic duct,1364,684,80439,1779787487
FJ3080,BP23311,FMA14539,Cystic duct,278,156,16652,1779787487
FJ3081,BP24024,FMA14767,Trunk of hepatic artery proper,358,181,20481,1779787487
FJ3082,BP23408,FMA50722,Pre-hepatic portal vein,3582,1793,222078,1779787487
FJ3083,BP20775,FMA15793,Anterior inferior segmental tributary of middle hepatic vein,2806,1409,171394,1779787487
FJ3084,BP20972,FMA15793,Medial inferior segmental tributary of middle hepatic vein,3026,1515,185457,1779787487
FJ3085,BP20972,FMA15793,Medial inferior segmental tributary of middle hepatic vein,582,293,33881,1779787487
FJ3086,BP20775,FMA15793,Anterior inferior segmental tributary of middle hepatic vein,990,502,58461,1779787487
FJ3088,BP23250,FMA61775,Lateral superior tributary of left hepatic biliary tree,608,368,38627,1779787487
FJ3089,BP23105,FMA61775,Lateral inferior tributary of left hepatic biliary tree,664,443,44777,1779787487
FJ3090,BP23250,FMA61775,Lateral superior tributary of left hepatic biliary tree,808,503,52610,1779787487
FJ3091,BP21227,FMA14769,Lateral superior segmental hepatic artery,598,341,36842,1779787487
FJ3092,BP21208,FMA14769,Lateral inferior segmental hepatic artery,618,364,38840,1779787487
FJ3093,BP21227,FMA14769,Lateral superior segmental hepatic artery,658,460,45752,1779787487
FJ3094,BP21473,FMA61775,Left duct of caudate lobe of liver,428,281,28879,1779787487
FJ3095,BP20800,FMA14767,Trunk of left hepatic artery,1328,666,78138,1779787487
FJ3096,BP23316,FMA14670,Left hepatic duct,848,428,49627,1779787487
FJ3097,BP20866,FMA15794,Lateral inferior segmental tributary of left hepatic vein,722,385,43254,1779787487
FJ3098,BP20983,FMA15794,Lateral superior segmental tributary of left hepatic vein,684,348,39821,1779787487
FJ3099,BP20866,FMA15794,Lateral inferior segmental tributary of left hepatic vein,488,272,29606,1779787487
FJ3100,BP20866,FMA15794,Lateral inferior segmental tributary of left hepatic vein,354,195,21089,1779787487
FJ3101,BP20769,FMA15794,Medial superior segmental tributary of left hepatic vein,872,440,50866,1779787487
FJ3102,BP20329,FMA14329,Trunk of left portal vein,730,367,42506,1779787487
FJ3103,BP23284,FMA61775,Medial inferior tributary of left hepatic biliary tree,698,432,45409,1779787487
FJ3104,BP23162,FMA61775,Medial superior tributary of left hepatic biliary tree,570,344,36686,1779787487
FJ3105,BP23162,FMA61775,Medial superior tributary of left hepatic biliary tree,494,371,36047,1779787487
FJ3106,BP21835,FMA14769,Medial inferior segmental hepatic artery,754,425,46823,1779787487
FJ3107,BP22064,FMA14769,Medial superior segmental hepatic artery,612,496,46973,1779787487
FJ3108,BP23258,FMA61775,Posterior inferior tributary of right hepatic biliary tree,870,503,55033,1779787487
FJ3109,BP23126,FMA61775,Posterior superior tributary of right hepatic biliary tree,628,404,42120,1779787487
FJ3110,BP23126,FMA61775,Posterior superior tributary of right hepatic biliary tree,1196,896,88283,1779787487
FJ3111,BP20350,FMA15424,Posterior inferior segmental branch of right portal vein,2194,1100,131133,1779787487
FJ3112,BP20387,FMA15423,Posterior superior segmental branch of right portal vein,1100,554,64880,1779787487
FJ3113,BP20387,FMA15423,Posterior superior segmental branch of right portal vein,1712,1031,111682,1779787487
FJ3114,BP21224,FMA14769,Posterior inferior segmental hepatic artery,772,479,50581,1779787487
FJ3115,BP21241,FMA14769,Posterior superior segmental hepatic artery,1616,1037,109340,1779787487
FJ3116,BP21241,FMA14769,Posterior superior segmental hepatic artery,814,631,61303,1779787487
FJ3117,BP20946,FMA14767,Trunk of right hepatic artery,442,223,25503,1779787487
FJ3118,BP20814,FMA15791,Posterior inferior segmental tributary of right hepatic vein,1402,728,84162,1779787487
FJ3119,BP20813,FMA15791,Posterior superior segmental tributary of right hepatic vein,2062,1033,122356,1779787487
FJ3120,BP20814,FMA15791,Posterior inferior segmental tributary of right hepatic vein,1418,718,84080,1779787487
FJ3121,BP20974,FMA15791,Anterior superior segmental tributary of right hepatic vein,3722,1882,232316,1779787487
FJ3122,BP20300,FMA14329,Trunk of right portal vein,206,105,11428,1779787487
FJ3123,BP23145,FMA14669,Right hepatic duct,226,115,12609,1779787487
FJ3124,BP20393,FMA15425,Caudate lobe branch of left portal vein,494,319,32804,1779787487
FJ3125,BP20378,FMA15432,Lateral inferior segmental branch of left portal vein,2284,1161,136976,1779787487
FJ3126,BP21017,FMA15431,Lateral superior segmental branch of left portal vein,2364,1217,143066,1779787487
FJ3127,BP19768,FMA15428,Medial superior segmental branch of left portal vein,1162,662,73111,1779787487
FJ3128,BP20413,FMA15429,Medial inferior segmental branch of left portal vein,1660,838,98143,1779787487
FJ3129,BP22924,FMA15630,Left adrenal gland,3996,2000,247067,1779787488
FJ3130,BP23012,FMA15629,Right adrenal gland,2294,1149,137511,1779787487
FJ3131,BP23131,FMA13295,Diaphragm,68522,35527,4828247,1779787488
FJ3132,BP21512,FMA19618,Corpus cavernosum of penis,1272,830,85949,1779787488
FJ3133,BP21164,FMA19617,Corpus spongiosum of penis,576,296,33800,1779787487
FJ3134,BP23770,FMA18247,Glans penis,1374,942,95748,1779787487
FJ3135,BP22870,FMA19234,Left deferent duct,1110,863,82722,1779787488
FJ3136,BP23180,FMA18255,Left epididymis,238,184,17027,1779787487
FJ3137,BP21861,FMA14065,Left seminal vesicle,370,244,24548,1779787487
FJ3138,BP22947,FMA55661,Left testis,210,107,11545,1779787487
FJ3139,BP21548,FMA55661,Prostate,442,223,25398,1779787487
FJ3140,BP22833,FMA19234,Right deferent duct,944,787,74302,1779787487
FJ3141,BP23020,FMA18255,Right epididymis,76,115,8958,1779787487
FJ3142,BP22902,FMA55661,Right testis,212,108,11789,1779787488
FJ3143,BP21468,FMA14065,Right seminal vesicle,360,235,23975,1779787487
FJ3144,BP21722,FMA15572,Left ureter,2062,1125,127235,1779787487
FJ3145,BP21596,FMA55661,Left kidney,2982,1497,181911,1779787488
FJ3146,BP21423,FMA15571,Right ureter,1924,1132,124755,1779787487
FJ3147,BP23048,FMA55661,Right kidney,2310,1163,139034,1779787487
FJ3148,BP22605,FMA19667,Urethra,440,358,34000,1779787487
FJ3149,BP22630,FMA15900,Urinary bladder,226,127,13333,1779787487
FJ3150,BP21581,FMA14065,Left lobe of thymus,1050,606,65990,1779787488
FJ3151,BP23141,FMA14065,Right lobe of thymus,1030,599,65432,1779787487
FJ3152,BP23294,FMA16585,Right hip bone,2374,1282,149023,1779787487
FJ3153,BP21859,FMA61775,Xiphoid process,922,495,55901,1779787487
FJ3154,BP23555,FMA10037,Tenth thoracic vertebra,2790,1584,181310,1779787487
FJ3155,BP23648,FMA10059,Eleventh thoracic vertebra,2674,1593,177706,1779787487
FJ3156,BP23373,FMA10081,Twelfth thoracic vertebra,2772,1593,181289,1779787487
FJ3157,BP23647,FMA13072,First lumbar vertebra,2972,1682,193434,1779787488
FJ3158,BP23701,FMA5018,First thoracic vertebra,1700,1078,113811,1779787487
FJ3159,BP23671,FMA13073,Second lumbar vertebra,3214,1875,213652,1779787488
FJ3160,BP23621,FMA5018,Second thoracic vertebra,1938,1161,126209,1779787487
FJ3161,BP23693,FMA12521,Third cervical vertebra,2030,1323,139208,1779787488
FJ3162,BP23454,FMA13074,Third lumbar vertebra,3272,1849,213996,1779787487
FJ3163,BP23513,FMA5018,Third thoracic vertebra,2038,1175,130173,1779787488
FJ3164,BP23757,FMA12522,Fourth cervical vertebra,2410,1469,161128,1779787488
FJ3165,BP23680,FMA13075,Fourth lumbar vertebra,3512,1968,229439,1779787487
FJ3166,BP23564,FMA5018,Fourth thoracic vertebra,2066,1210,133514,1779787487
FJ3167,BP23524,FMA12523,Fifth cervical vertebra,2196,1539,158493,1779787487
FJ3168,BP23617,FMA13076,Fifth lumbar vertebra,3892,2115,251770,1779787487
FJ3169,BP23466,FMA5018,Fifth thoracic vertebra,2280,1321,147550,1779787487
FJ3170,BP23576,FMA12524,Sixth cervical vertebra,2374,1498,161671,1779787487
FJ3171,BP24088,FMA5018,Sixth thoracic vertebra,2248,1353,148727,1779787488
FJ3172,BP23626,FMA12525,Seventh cervical vertebra,1820,1324,132995,1779787488
FJ3173,BP23615,FMA5018,Seventh thoracic vertebra,2574,1478,167251,1779787487
FJ3174,BP23727,FMA5018,Eighth thoracic vertebra,2424,1392,157078,1779787487
FJ3175,BP23429,FMA10014,Ninth thoracic vertebra,2586,1443,165754,1779787488
FJ3176,BP23663,FMA12519,Atlas,2094,1433,148313,1779787487
FJ3177,BP23565,FMA12520,Axis,2288,1540,161535,1779787487
FJ3178,BP21544,FMA45734,Body of sternum,4646,3691,373931,1779787487
FJ3179,BP20182,FMA24493,Distal phalanx of left second toe,240,169,16436,1779787488
FJ3180,BP19714,FMA24493,Distal phalanx of left third toe,336,188,20318,1779787488
FJ3181,BP20103,FMA24493,Distal phalanx of left fourth toe,226,146,14641,1779787488
FJ3182,BP20256,FMA24493,Distal phalanx of left big toe,378,256,25704,1779787488
FJ3183,BP19564,FMA23914,Distal phalanx of left index finger,328,204,20889,1779787488
FJ3184,BP20191,FMA23914,Distal phalanx of left little finger,198,154,14161,1779787488
FJ3185,BP20174,FMA24493,Distal phalanx of left little toe,220,160,15332,1779787488
FJ3186,BP23915,FMA23914,Distal phalanx of left middle finger,266,173,17244,1779787488
FJ3187,BP19712,FMA23914,Distal phalanx of left ring finger,196,140,13276,1779787488
FJ3188,BP20280,FMA23914,Distal phalanx of left thumb,270,189,18373,1779787488
FJ3189,BP19617,FMA24493,Distal phalanx of right second toe,200,170,15605,1779787488
FJ3190,BP23850,FMA24493,Distal phalanx of right third toe,260,162,16744,1779787488
FJ3191,BP20122,FMA24493,Distal phalanx of right fourth toe,244,144,15098,1779787488
FJ3192,BP20069,FMA24493,Distal phalanx of right big toe,440,289,29706,1779787488
FJ3193,BP20194,FMA23914,Distal phalanx of right index finger,210,188,16787,1779787488
FJ3194,BP20275,FMA23914,Distal phalanx of right little finger,188,140,13240,1779787488
FJ3195,BP20237,FMA24493,Distal phalanx of right little toe,210,178,16298,1779787488
FJ3196,BP20160,FMA23914,Distal phalanx of right middle finger,174,143,13091,1779787488
FJ3197,BP20048,FMA23914,Distal phalanx of right ring finger,112,114,9747,1779787488
FJ3198,BP23933,FMA23914,Distal phalanx of right thumb,240,187,17607,1779787488
FJ3200,BP22997,FMA5018,Frontal bone,14510,8472,1005624,1779787488
FJ3201,BP22977,FMA5018,Hyoid bone,1196,687,75198,1779787488
FJ3202,BP23556,FMA10446,Intervertebral disk of axis,3712,1941,235087,1779787488
FJ3203,BP23395,FMA10446,Intervertebral disk of fourth thoracic vertebra,1560,1164,114896,1779787488
FJ3204,BP23548,FMA10446,Intervertebral disk of fifth thoracic vertebra,1836,1470,142268,1779787488
FJ3205,BP23378,FMA10446,Intervertebral disk of sixth thoracic vertebra,2564,2106,205384,1779787488
FJ3206,BP23588,FMA10446,Intervertebral disk of seventh thoracic vertebra,2630,2105,207624,1779787488
FJ3207,BP23381,FMA10446,Intervertebral disk of eighth thoracic vertebra,2894,2919,265862,1779787488
FJ3208,BP23570,FMA10446,Intervertebral disk of ninth thoracic vertebra,2940,2876,264813,1779787488
FJ3209,BP23730,FMA10446,Intervertebral disk of tenth thoracic vertebra,3102,2963,276130,1779787488
FJ3210,BP23504,FMA10446,Intervertebral disk of eleventh thoracic vertebra,3336,3353,307934,1779787488
FJ3211,BP19572,FMA10446,Intervertebral disk of twelfth thoracic vertebra,3476,4131,358331,1779787488
FJ3212,BP23645,FMA10446,Intervertebral disk of first lumbar vertebra,3498,3874,344570,1779787488
FJ3213,BP23714,FMA10446,Intervertebral disk of third cervical vertebra,770,608,58365,1779787488
FJ3214,BP23406,FMA10446,Intervertebral disk of second lumbar vertebra,3406,3518,319790,1779787488
FJ3215,BP23492,FMA10446,Intervertebral disk of third lumbar vertebra,3454,4151,359310,1779787488
FJ3216,BP23578,FMA10446,Intervertebral disk of fourth lumbar vertebra,3512,3650,330777,1779787488
FJ3217,BP23709,FMA10446,Intervertebral disk of fifth lumbar vertebra,3498,2582,266442,1779787488
FJ3218,BP23423,FMA10446,Intervertebral disk of fourth cervical vertebra,926,676,66817,1779787488
FJ3219,BP23710,FMA10446,Intervertebral disk of fifth cervical vertebra,956,685,68274,1779787488
FJ3220,BP23598,FMA10446,Intervertebral disk of sixth cervical vertebra,892,888,78490,1779787488
FJ3221,BP23459,FMA10446,Intervertebral disk of seventh cervical vertebra,1092,949,87873,1779787488
FJ3222,BP23623,FMA10446,Intervertebral disk of first thoracic vertebra,1232,1049,98251,1779787488
FJ3223,BP23413,FMA10446,Intervertebral disk of second thoracic vertebra,1374,1237,113738,1779787488
FJ3224,BP23540,FMA10446,Intervertebral disk of third thoracic vertebra,1474,1495,132875,1779787488
FJ3225,BP23877,FMA5018,Left tenth rib,6826,3419,431812,1779787488
FJ3226,BP21635,FMA5018,Left eleventh rib,4866,2435,303913,1779787488
FJ3227,BP19775,FMA5018,Left twelfth rib,2818,1411,170630,1779787488
FJ3228,BP21704,FMA5018,Left first rib,3276,1641,200486,1779787488
FJ3229,BP22527,FMA5018,Left second rib,5594,2862,354866,1779787488
FJ3230,BP20523,FMA5018,Left third rib,7254,3637,459671,1779787488
FJ3231,BP22488,FMA5018,Left fourth rib,8850,4445,564170,1779787488
FJ3232,BP20402,FMA5018,Left fifth rib,9710,4912,622026,1779787488
FJ3233,BP20518,FMA5018,Left sixth rib,10264,5172,656948,1779787488
FJ3234,BP19792,FMA5018,Left seventh rib,10032,5054,642046,1779787488
FJ3235,BP23684,FMA5018,Left eighth rib,8336,4211,532419,1779787488
FJ3236,BP20213,FMA5018,Left ninth rib,7576,3805,481426,1779787488
FJ3237,BP23283,FMA13321,Left clavicle,1176,602,69345,1779787488
FJ3239,BP21373,FMA14065,Left first costal cartilage,642,418,42423,1779787488
FJ3240,BP23735,FMA23899,Left first metacarpal bone,578,304,34159,1779787488
FJ3241,BP23618,FMA24492,Left first metatarsal bone,1172,614,70611,1779787488
FJ3242,BP21374,FMA14065,Left second costal cartilage,588,330,35836,1779787488
FJ3243,BP23703,FMA23900,Left second metacarpal bone,774,420,46765,1779787488
FJ3244,BP23753,FMA24492,Left second metatarsal bone,774,487,51213,1779787488
FJ3245,BP21387,FMA14065,Left third costal cartilage,604,328,36238,1779787488
FJ3246,BP23394,FMA23901,Left third metacarpal bone,708,392,43264,1779787488
FJ3247,BP23506,FMA24492,Left third metatarsal bone,742,429,46783,1779787488
FJ3248,BP21384,FMA14065,Left fourth costal cartilage,658,371,40361,1779787488
FJ3249,BP23535,FMA23902,Left fourth metacarpal bone,528,316,33400,1779787488
FJ3250,BP23526,FMA24492,Left fourth metatarsal bone,772,437,48184,1779787488
FJ3251,BP21380,FMA14065,Left fifth costal cartilage,1086,594,66165,1779787488
FJ3252,BP23700,FMA23903,Left fifth metacarpal bone,500,282,30444,1779787488
FJ3253,BP23673,FMA24492,Left fifth metatarsal bone,864,447,51421,1779787488
FJ3254,BP21377,FMA14065,Left sixth costal cartilage,1498,815,91328,1779787488
FJ3255,BP21388,FMA14065,Left seventh costal cartilage,2314,1367,150515,1779787488
FJ3256,BP23573,FMA24491,Left calcaneus,1288,719,80055,1779787488
FJ3257,BP20065,FMA23727,Left capitate,402,237,24986,1779787488
FJ3258,BP23392,FMA24491,Left cuboid bone,886,494,54899,1779787488
FJ3259,BP23028,FMA24475,Left femur,3204,1623,196814,1779787488
FJ3260,BP24067,FMA24479,Left fibula,1124,577,66715,1779787488
FJ3261,BP23940,FMA23730,Left hamate,452,280,29027,1779787488
FJ3262,BP24066,FMA13303,Left humerus,3844,2073,247065,1779787488
FJ3263,BP22607,FMA5018,Left inferior nasal concha,738,482,49262,1779787488
FJ3264,BP20273,FMA24491,Left intermediate cuneiform bone,466,305,31214,1779787488
FJ3265,BP23042,FMA5018,Left lacrimal bone,640,366,39635,1779787488
FJ3266,BP23738,FMA32672,Sesamoid bone of left foot,100,78,7236,1779787488
FJ3267,BP23844,FMA24491,Left lateral cuneiform bone,680,405,43513,1779787488
FJ3268,BP20080,FMA23712,Left lunate,314,187,19432,1779787488
FJ3269,BP23755,FMA5018,Left maxilla,5198,3577,384450,1779787488
FJ3270,BP23738,FMA32672,Sesamoid bone of left foot,144,96,9356,1779787488
FJ3271,BP20096,FMA24491,Left medial cuneiform bone,996,582,63354,1779787488
FJ3273,BP23315,FMA5018,Left palatine bone,1938,1164,125793,1779787488
FJ3274,BP23158,FMA5018,Left parietal bone,13210,8367,956492,1779787488
FJ3275,BP23711,FMA24485,Left patella,310,180,18804,1779787488
FJ3276,BP20149,FMA23718,Left pisiform,210,116,12129,1779787488
FJ3277,BP23197,FMA23463,Left radius,632,368,39511,1779787488
FJ3278,BP19645,FMA23709,Left scaphoid,312,176,18691,1779787488
FJ3279,BP23279,FMA13394,Left scapula,28106,14068,1865374,1779787488
FJ3280,BP23443,FMA24483,Left talus,1356,776,85595,1779787488
FJ3281,BP23760,FMA5018,Left temporal bone,4936,3013,340765,1779787488
FJ3282,BP23290,FMA24476,Left tibia,1692,880,101028,1779787488
FJ3283,BP19561,FMA23721,Left trapezium,356,226,23090,1779787488
FJ3284,BP20158,FMA23724,Left trapezoid,398,279,27365,1779787488
FJ3285,BP23878,FMA23715,Left triquetral,304,180,18747,1779787488
FJ3286,BP23154,FMA23466,Left ulna,824,496,52697,1779787488
FJ3287,BP23337,FMA5018,Left zygomatic bone,1434,929,96344,1779787488
FJ3288,BP23152,FMA16585,Left hip bone,2332,1257,144601,1779787488
FJ3289,BP22817,FMA5018,Mandible,5576,2845,354931,1779787488
FJ3290,BP22794,FMA10483,Manubrium,2546,1446,164391,1779787488
FJ3291,BP23924,FMA23914,Middle phalanx of left ring finger,340,216,21936,1779787488
FJ3292,BP20072,FMA23914,Middle phalanx of right ring finger,316,219,21662,1779787488
FJ3293,BP20240,FMA24493,Middle phalanx of left second toe,324,197,20526,1779787488
FJ3294,BP20061,FMA24493,Middle phalanx of left third toe,294,185,18935,1779787488
FJ3295,BP20314,FMA24493,Middle phalanx of left fourth toe,284,183,18537,1779787488
FJ3296,BP23918,FMA23914,Middle phalanx of left index finger,306,188,19269,1779787488
FJ3297,BP20201,FMA23914,Middle phalanx of left little finger,254,192,18009,1779787488
FJ3298,BP20854,FMA230984,Middle phalanx of left little toe,226,143,14439,1779787488
FJ3299,BP22657,FMA23914,Middle phalanx of left middle finger,384,229,24052,1779787488
FJ3300,BP20042,FMA24493,Middle phalanx of right second toe,264,192,18718,1779787488
FJ3301,BP20088,FMA24493,Middle phalanx of right third toe,292,190,19381,1779787488
FJ3302,BP19670,FMA24493,Middle phalanx of right fourth toe,350,220,22865,1779787488
FJ3303,BP20064,FMA23914,Middle phalanx of right index finger,264,190,18299,1779787488
FJ3304,BP20229,FMA23914,Middle phalanx of right little finger,208,169,15554,1779787488
FJ3305,BP19693,FMA230984,Middle phalanx of right little toe,136,102,9655,1779787488
FJ3306,BP20057,FMA23914,Middle phalanx of right middle finger,342,227,22942,1779787488
FJ3307,BP23683,FMA24491,Navicular bone of left foot,744,459,48589,1779787488
FJ3308,BP24109,FMA24491,Navicular bone of right foot,716,455,47888,1779787488
FJ3309,BP21571,FMA5018,Occipital bone,12450,6995,843312,1779787488
FJ3310,BP20170,FMA24493,Proximal phalanx of right big toe,486,281,30627,1779787488
FJ3311,BP20309,FMA24493,Proximal phalanx of left third toe,408,248,26092,1779787488
FJ3312,BP23880,FMA24493,Proximal phalanx of left fourth toe,438,255,27377,1779787488
FJ3313,BP20245,FMA23914,Proximal phalanx of left index finger,392,222,23790,1779787488
FJ3314,BP23837,FMA23914,Proximal phalanx of left little finger,274,164,16884,1779787488
FJ3315,BP20156,FMA24493,Proximal phalanx of left little toe,396,231,24672,1779787488
FJ3316,BP20067,FMA23914,Proximal phalanx of left middle finger,460,264,28262,1779787488
FJ3317,BP19659,FMA23914,Proximal phalanx of left ring finger,376,205,22318,1779787488
FJ3318,BP19568,FMA23914,Proximal phalanx of left thumb,346,202,21258,1779787488
FJ3319,BP20697,FMA24493,Proximal phalanx of right second toe,414,236,25744,1779787488
FJ3320,BP20195,FMA24493,Proximal phalanx of right third toe,422,276,28336,1779787488
FJ3321,BP20063,FMA24493,Proximal phalanx of right fourth toe,438,254,27489,1779787488
FJ3322,BP20124,FMA23914,Proximal phalanx of right index finger,386,226,24074,1779787488
FJ3323,BP20215,FMA23914,Proximal phalanx of right little finger,314,187,19649,1779787488
FJ3324,BP19548,FMA24493,Proximal phalanx of right little toe,406,238,25635,1779787488
FJ3325,BP20136,FMA23914,Proximal phalanx of right middle finger,458,271,28930,1779787488
FJ3326,BP20098,FMA23914,Proximal phalanx of right ring finger,376,209,22769,1779787488
FJ3327,BP23922,FMA23914,Proximal phalanx of right thumb,318,197,20347,1779787488
FJ3328,BP20246,FMA24493,Proximal phalanx of left second toe,380,233,24367,1779787488
FJ3329,BP23919,FMA24493,Proximal phalanx of left big toe,516,318,33429,1779787488
FJ3330,BP20109,FMA5018,Right tenth rib,6820,3415,434445,1779787488
FJ3331,BP20359,FMA5018,Right eleventh rib,4866,2437,306359,1779787488
FJ3332,BP22528,FMA5018,Right twelfth rib,2818,1412,172027,1779787488
FJ3333,BP21039,FMA14065,Right first costal cartilage,676,436,45235,1779787488
FJ3334,BP20408,FMA5018,Right first rib,3276,1642,201982,1779787488
FJ3335,BP21383,FMA14065,Right second costal cartilage,658,383,41651,1779787488
FJ3336,BP19780,FMA5018,Right second rib,5594,2861,357986,1779787488
FJ3337,BP21302,FMA14065,Right third costal cartilage,652,386,41763,1779787488
FJ3338,BP19789,FMA5018,Right third rib,7254,3634,463164,1779787488
FJ3339,BP21410,FMA14065,Right fourth costal cartilage,694,391,43261,1779787488
FJ3340,BP19783,FMA5018,Right fourth rib,8832,4435,567074,1779787488
FJ3341,BP21376,FMA14065,Right fifth costal cartilage,1168,652,72810,1779787488
FJ3342,BP20431,FMA5018,Right fifth rib,9710,4910,626812,1779787488
FJ3343,BP21378,FMA14065,Right sixth costal cartilage,1546,971,103141,1779787488
FJ3344,BP20608,FMA5018,Right sixth rib,10246,5168,661483,1779787488
FJ3345,BP21381,FMA14065,Right seventh costal cartilage,2450,1538,167200,1779787488
FJ3346,BP22257,FMA5018,Right seventh rib,10032,5058,647068,1779787488
FJ3347,BP20268,FMA5018,Right eighth rib,8336,4199,535420,1779787488
FJ3348,BP23888,FMA5018,Right ninth rib,7576,3808,484835,1779787488
FJ3349,BP23239,FMA23463,Right radius,672,388,42337,1779787488
FJ3350,BP23353,FMA23899,Right first metacarpal bone,566,307,34190,1779787488
FJ3351,BP23412,FMA24492,Right first metatarsal bone,1122,602,68947,1779787488
FJ3352,BP23440,FMA23900,Right second metacarpal bone,748,418,46273,1779787488
FJ3353,BP23620,FMA24492,Right second metatarsal bone,752,515,52784,1779787488
FJ3354,BP23643,FMA23901,Right third metacarpal bone,702,404,44074,1779787488
FJ3355,BP23610,FMA24492,Right third metatarsal bone,700,423,45560,1779787488
FJ3356,BP23371,FMA23902,Right fourth metacarpal bone,536,340,35361,1779787488
FJ3357,BP23640,FMA24492,Right fourth metatarsal bone,674,397,43223,1779787488
FJ3358,BP23729,FMA23903,Right fifth metacarpal bone,506,279,30826,1779787488
FJ3359,BP23705,FMA24492,Right fifth metatarsal bone,794,436,49081,1779787488
FJ3360,BP23541,FMA24491,Right calcaneus,1262,739,81418,1779787488
FJ3361,BP20134,FMA23727,Right capitate,428,256,27104,1779787488
FJ3362,BP23174,FMA13321,Right clavicle,1146,583,67957,1779787488
FJ3364,BP24103,FMA24491,Right cuboid bone,932,543,59713,1779787488
FJ3365,BP23346,FMA24474,Right femur,3102,1574,191750,1779787488
FJ3366,BP23268,FMA24479,Right fibula,1142,593,68833,1779787488
FJ3367,BP23822,FMA23730,Right hamate,522,335,34630,1779787488
FJ3368,BP23164,FMA13303,Right humerus,3784,2233,256200,1779787488
FJ3369,BP23235,FMA5018,Right inferior nasal concha,714,572,54468,1779787488
FJ3370,BP20141,FMA24491,Right intermediate cuneiform bone,450,288,30002,1779787488
FJ3371,BP23129,FMA5018,Right lacrimal bone,702,401,43813,1779787488
FJ3372,BP23488,FMA32672,Sesamoid bone of right foot,80,73,6509,1779787488
FJ3373,BP23823,FMA24491,Right lateral cuneiform bone,626,395,41619,1779787488
FJ3374,BP23841,FMA23712,Right lunate,332,196,20704,1779787488
FJ3375,BP23661,FMA5018,Right maxilla,5324,3513,388214,1779787488
FJ3376,BP23488,FMA32672,Sesamoid bone of right foot,158,104,10281,1779787488
FJ3377,BP20183,FMA24491,Right medial cuneiform bone,952,615,64642,1779787488
FJ3379,BP23317,FMA5018,Right palatine bone,1736,1132,118888,1779787488
FJ3380,BP23064,FMA5018,Right parietal bone,13002,8028,928502,1779787488
FJ3381,BP23756,FMA24485,Right patella,306,178,18841,1779787488
FJ3382,BP19634,FMA23718,Right pisiform,190,110,11328,1779787488
FJ3383,BP20164,FMA23709,Right scaphoid,322,195,20235,1779787488
FJ3384,BP23090,FMA13394,Right scapula,26172,13118,1743404,1779787488
FJ3385,BP23520,FMA24482,Right talus,1380,812,89456,1779787488
FJ3386,BP23685,FMA5018,Right temporal bone,4928,3102,349604,1779787488
FJ3387,BP23255,FMA24476,Right tibia,1664,857,99776,1779787488
FJ3388,BP20135,FMA23721,Right trapezium,434,277,28585,1779787488
FJ3389,BP23872,FMA23724,Right trapezoid,360,271,26082,1779787488
FJ3390,BP20286,FMA23715,Right triquetral,170,139,12725,1779787488
FJ3391,BP23195,FMA23466,Right ulna,834,500,53810,1779787488
FJ3392,BP23110,FMA5018,Right zygomatic bone,1556,934,100735,1779787488
FJ3393,BP22840,FMA16202,Sacrum,9922,5293,654514,1779787488
FJ3394,BP23082,FMA5018,Sphenoid bone,8154,4957,573231,1779787488
FJ3396,BP21449,FMA14643,Mesentery of small intestine,38274,56947,4629558,1779787488
FJ3397,BP21447,FMA14645,Mesoappendix,1388,812,88700,1779787488
FJ3398,BP21448,FMA14645,Transverse mesocolon,1484,1366,122649,1779787488
FJ3399,BP22242,FMA14825,Ascending branch of left colic artery,498,329,33293,1779787488
FJ3400,BP20949,FMA15387,Left colic vein,542,343,35376,1779787488
FJ3401,BP20430,FMA50720,Anterior inferior pancreaticoduodenal artery,356,218,22706,1779787488
FJ3406,BP21036,FMA14816,Anterior cecal artery,120,97,8715,1779787488
FJ3409,BP22070,FMA14782,Anterior superior pancreaticoduodenal artery,454,287,29884,1779787488
FJ3410,BP21026,FMA14818,Appendicular artery,868,733,68958,1779787488
FJ3411,BP23913,FMA13087,Arch of aorta,670,381,41378,1779787488
FJ3413,BP20272,FMA13087,Ascending aorta,396,229,24321,1779787488
FJ3414,BP20758,FMA30313,Trunk of superior branch of ileocolic artery,358,262,25328,1779787488
FJ3415,BP20351,FMA15396,Ileocolic vein,444,275,28684,1779787488
FJ3416,BP20168,FMA4838,Azygos vein,18260,9132,1185447,1779787488
FJ3417,BP22911,FMA30313,Trunk of brachiocephalic artery,262,160,16367,1779787488
FJ3418,BP20410,FMA10704,Bronchial branch of arch of aorta,1142,794,80363,1779787488
FJ3419,BP20977,FMA14793,Caudal pancreatic artery,656,642,56604,1779787488
FJ3420,BP20232,FMA14773,Splenic artery,440,599,47672,1779787488
FJ3421,BP23568,FMA14812,Celiac trunk,238,133,13962,1779787488
FJ3426,BP22069,FMA21378,Left superficial dorsal vein of penis,4878,2453,308801,1779787488
FJ3427,BP23707,FMA13087,Descending aorta,4562,2351,288865,1779787488
FJ3428,BP22516,FMA14825,Descending branch of left colic artery,482,297,30744,1779787488
FJ3429,BP20949,FMA15387,Left colic vein,472,317,31958,1779787488
FJ3430,BP20791,FMA14787,Dorsal pancreatic artery,1330,687,78909,1779787488
FJ3431,BP21484,FMA228667,Set of oesophageal branches of thoracic aorta,1338,925,93736,1779787488
FJ3432,BP20352,FMA14767,Trunk of gastroduodenal artery,204,119,12325,1779787488
FJ3433,BP20766,FMA14792,Great pancreatic artery,270,144,15539,1779787488
FJ3434,BP20465,FMA14294,Hemiazygos vein,4266,2135,265441,1779787488
FJ3437,BP24021,FMA30313,Trunk of inferior branch of ileocolic artery,186,134,12667,1779787488
FJ3438,BP19815,FMA15396,Ileal vein,212,140,13795,1779787488
FJ3439,BP22663,FMA30313,Trunk of ileocolic artery,244,136,14387,1779787488
FJ3440,BP20351,FMA15396,Ileocolic vein,250,164,16330,1779787488
FJ3441,BP23720,FMA10951,Inferior vena cava,1410,793,88638,1779787488
FJ3442,BP22910,FMA30313,Trunk of inferior mesenteric artery,546,299,32787,1779787488
FJ3443,BP20470,FMA15387,Inferior mesenteric vein,1108,574,65798,1779787488
FJ3444,BP22698,FMA14790,Inferior pancreatic artery,928,500,55941,1779787488
FJ3446,BP20203,FMA14805,Inferior pancreaticoduodenal artery,260,154,16038,1779787488
FJ3447,BP20204,FMA50722,Inferior phrenic vein,1042,651,68151,1779787488
FJ3448,BP20204,FMA50722,Inferior phrenic vein,798,654,60543,1779787488
FJ3449,BP20204,FMA50722,Inferior phrenic vein,500,478,41238,1779787488
FJ3450,BP20204,FMA50722,Inferior phrenic vein,328,297,26168,1779787488
FJ3451,BP20204,FMA50722,Inferior phrenic vein,592,624,52594,1779787488
FJ3452,BP20204,FMA50722,Inferior phrenic vein,992,510,58295,1779787488
FJ3458,BP19746,FMA50720,Anterior division of left renal artery,1468,736,85975,1779787488
FJ3459,BP19746,FMA50720,Anterior division of left renal artery,534,310,33233,1779787488
FJ3460,BP19746,FMA50720,Anterior division of left renal artery,598,392,39895,1779787488
FJ3461,BP19746,FMA50720,Anterior division of left renal artery,4366,2917,316174,1779787488
FJ3462,BP19746,FMA50720,Anterior division of left renal artery,1510,758,88451,1779787488
FJ3463,BP19746,FMA50720,Anterior division of left renal artery,2932,1471,178148,1779787488
FJ3464,BP22662,FMA30313,Trunk of left common iliac artery,248,128,13920,1779787488
FJ3465,BP21633,FMA14333,Left common iliac vein,430,244,26238,1779787488
FJ3466,BP22844,FMA50722,Trunk proper of left external iliac artery,462,236,26656,1779787488
FJ3467,BP22653,FMA50720,Left inferior suprarenal artery,954,810,74871,1779787488
FJ3468,BP20757,FMA30313,Trunk of left internal iliac artery,270,194,18533,1779787488
FJ3469,BP20472,FMA18884,Left internal iliac vein,208,134,13192,1779787488
FJ3470,BP20472,FMA18884,Left internal iliac vein,176,121,11569,1779787488
FJ3471,BP20472,FMA18884,Left internal iliac vein,180,144,13052,1779787488
FJ3472,BP23927,FMA14754,Left middle suprarenal artery,552,540,47105,1779787488
FJ3473,BP20416,FMA50720,Posterior division of left renal artery,334,288,26208,1779787488
FJ3474,BP20416,FMA50720,Posterior division of left renal artery,254,174,16831,1779787488
FJ3475,BP20416,FMA50720,Posterior division of left renal artery,398,244,25226,1779787488
FJ3476,BP22669,FMA30313,Trunk of left renal artery,258,132,14449,1779787488
FJ3477,BP22197,FMA14334,Left renal vein,652,334,38139,1779787488
FJ3478,BP22197,FMA14334,Left renal vein,4260,3657,356025,1779787488
FJ3479,BP22845,FMA30313,Trunk of left subclavian artery,646,362,39608,1779787488
FJ3480,BP20511,FMA14348,Left suprarenal vein,674,476,47130,1779787488
FJ3481,BP20407,FMA50720,Ureteric segment of left renal artery,1296,868,88666,1779787488
FJ3482,BP19787,FMA4723,Left brachiocephalic vein,748,377,43629,1779787488
FJ3483,BP22859,FMA30313,Trunk of left internal carotid artery,170,126,11774,1779787488
FJ3484,BP19759,FMA18883,Left external iliac vein,670,376,41162,1779787488
FJ3485,BP20878,FMA4724,Left internal jugular vein,280,158,16664,1779787488
FJ3486,BP20970,FMA4725,Left subclavian vein,434,271,27757,1779787488
FJ3493,BP20994,FMA12858,Left ascending lumbar vein,1772,893,105260,1779787488
FJ3494,BP20214,FMA14826,Left colic artery,182,131,12074,1779787488
FJ3495,BP20949,FMA15387,Left colic vein,102,67,6540,1779787488
FJ3496,BP21108,FMA19795,Left dorsal artery of penis,5076,2867,337280,1779787488
FJ3497,BP21108,FMA19795,Left dorsal artery of penis,1456,758,86876,1779787488
FJ3499,BP20108,FMA14768,Left gastric artery,1100,578,65682,1779787488
FJ3500,BP20528,FMA15396,Left gastric vein,1166,672,73269,1779787488
FJ3501,BP20519,FMA14796,Left gastro-epiploic artery,2420,1232,145882,1779787488
FJ3502,BP22508,FMA15387,Left gastroepiploic vein,444,316,31017,1779787488
FJ3510,BP20875,FMA18889,Left iliolumbar vein,10692,5400,685858,1779787488
FJ3511,BP21054,FMA20686,Left inferior epigastric artery,6824,3414,431223,1779787488
FJ3512,BP20837,FMA21162,Left inferior epigastric vein,7466,3740,473375,1779787488
FJ3513,BP20957,FMA18889,Left inferior gluteal vein,11352,5681,723004,1779787488
FJ3514,BP20137,FMA14734,Left inferior phrenic artery,742,594,55520,1779787488
FJ3515,BP20137,FMA14734,Left inferior phrenic artery,772,603,56891,1779787488
FJ3516,BP20137,FMA14734,Left inferior phrenic artery,334,305,26492,1779787488
FJ3517,BP20137,FMA14734,Left inferior phrenic artery,384,338,30172,1779787488
FJ3518,BP20137,FMA14734,Left inferior phrenic artery,556,496,43951,1779787488
FJ3519,BP20137,FMA14734,Left inferior phrenic artery,266,233,20676,1779787488
FJ3520,BP20137,FMA14734,Left inferior phrenic artery,188,190,15786,1779787488
FJ3522,BP19759,FMA18883,Left external iliac vein,168,100,10061,1779787488
FJ3523,BP19759,FMA18883,Left external iliac vein,186,100,10527,1779787488
FJ3524,BP19759,FMA18883,Left external iliac vein,112,88,8056,1779787488
FJ3525,BP20838,FMA18889,Left internal pudendal vein,7452,3813,477719,1779787488
FJ3526,BP22699,FMA18889,Left lateral sacral vein,3046,1610,191630,1779787488
FJ3527,BP21028,FMA18889,Left obturator vein,4954,2480,309626,1779787488
FJ3529,BP21046,FMA20734,Left superficial epigastric artery,2622,1391,162482,1779787488
FJ3530,BP21100,FMA14293,Left superior epigastric vein,2938,1597,186146,1779787488
FJ3531,BP20786,FMA18889,Left superior gluteal vein,320,262,24196,1779787488
FJ3532,BP23839,FMA14758,Left testicular artery,12420,6233,796410,1779787488
FJ3533,BP20349,FMA14344,Left testicular vein,14488,7286,932242,1779787488
FJ3541,BP20343,FMA18889,Median sacral vein,4666,2391,296479,1779787488
FJ3542,BP20153,FMA14810,Middle colic artery,1430,944,97057,1779787488
FJ3543,BP22248,FMA15396,Middle colic vein,1324,889,91223,1779787488
FJ3544,BP20232,FMA14773,Splenic artery,2588,2325,219617,1779787488
FJ3545,BP22437,FMA15396,Pancreaticoduodenal vein,660,540,51029,1779787488
FJ3546,BP22238,FMA50720,Posterior inferior pancreaticoduodenal artery,384,246,25298,1779787488
FJ3553,BP20929,FMA14817,Posterior cecal artery,90,132,9686,1779787488
FJ3557,BP21132,FMA14784,Posterior superior pancreaticoduodenal artery,394,278,27589,1779787488
FJ3558,BP19741,FMA50720,Anterior division of right renal artery,1066,570,64718,1779787488
FJ3559,BP19741,FMA50720,Anterior division of right renal artery,718,372,42626,1779787488
FJ3560,BP19741,FMA50720,Anterior division of right renal artery,666,346,39507,1779787488
FJ3561,BP19741,FMA50720,Anterior division of right renal artery,636,355,39116,1779787488
FJ3562,BP19741,FMA50720,Anterior division of right renal artery,1254,745,80878,1779787488
FJ3563,BP19741,FMA50720,Anterior division of right renal artery,4700,2995,335252,1779787488
FJ3564,BP22860,FMA30313,Trunk of right common carotid artery,884,448,52086,1779787488
FJ3565,BP19546,FMA30313,Trunk of right common iliac artery,220,117,12559,1779787488
FJ3566,BP20592,FMA14333,Right common iliac vein,358,199,21656,1779787488
FJ3567,BP22828,FMA50722,Trunk proper of right external iliac artery,396,214,23687,1779787488
FJ3568,BP20520,FMA18883,Right external iliac vein,724,396,44178,1779787488
FJ3569,BP21640,FMA18808,Right internal iliac artery,276,201,19404,1779787488
FJ3570,BP20987,FMA18884,Right internal iliac vein,216,157,15026,1779787488
FJ3571,BP20987,FMA18884,Right internal iliac vein,202,134,13190,1779787488
FJ3572,BP20987,FMA18884,Right internal iliac vein,192,149,13856,1779787488
FJ3573,BP19742,FMA50720,Posterior division of right renal artery,496,297,31669,1779787488
FJ3574,BP19742,FMA50720,Posterior division of right renal artery,428,253,27032,1779787488
FJ3575,BP19742,FMA50720,Posterior division of right renal artery,1850,994,113344,1779787488
FJ3576,BP24071,FMA30313,Trunk of right renal artery,282,145,16072,1779787488
FJ3577,BP19745,FMA14334,Right renal vein,332,172,19111,1779787488
FJ3578,BP19745,FMA14334,Right renal vein,4682,3865,387962,1779787488
FJ3579,BP22892,FMA30313,Trunk of right subclavian artery,452,247,27310,1779787488
FJ3580,BP20382,FMA14343,Right suprarenal vein,608,474,45751,1779787488
FJ3581,BP22647,FMA50720,Ureteric segment of right renal artery,468,280,29816,1779787488
FJ3582,BP22647,FMA50720,Ureteric segment of right renal artery,606,365,38911,1779787488
FJ3583,BP22823,FMA30314,Trunk of right brachiocephalic vein,546,275,31668,1779787488
FJ3584,BP21557,FMA50720,Right inferior suprarenal artery,754,606,58000,1779787488
FJ3585,BP24100,FMA4724,Right internal jugular vein,226,153,14893,1779787488
FJ3586,BP20200,FMA14754,Right middle suprarenal artery,654,625,56143,1779787488
FJ3587,BP20613,FMA4725,Right subclavian vein,368,209,22618,1779787488
FJ3588,BP24025,FMA14832,Superior rectal artery,404,310,29275,1779787488
FJ3589,BP22700,FMA12858,Right ascending lumbar vein,7884,3944,500779,1779787488
FJ3590,BP20288,FMA14811,Right colic artery,1000,744,72119,1779787488
FJ3591,BP22526,FMA15396,Right colic vein,1204,775,81005,1779787488
FJ3592,BP21071,FMA19795,Right dorsal artery of penis,5108,2838,339533,1779787488
FJ3593,BP21071,FMA19795,Right dorsal artery of penis,1542,792,92246,1779787488
FJ3594,BP21048,FMA14776,Right gastric artery,478,267,29027,1779787488
FJ3595,BP20492,FMA15396,Right gastric vein,470,257,28330,1779787488
FJ3596,BP20783,FMA14781,Right gastro-epiploic artery,3694,1890,231309,1779787488
FJ3597,BP20445,FMA15396,Right gastroepiploic vein,668,441,45125,1779787488
FJ3603,BP20762,FMA18889,Right iliolumbar vein,10610,5430,689729,1779787488
FJ3604,BP20973,FMA20686,Right inferior epigastric artery,6888,3446,438803,1779787488
FJ3605,BP20785,FMA21162,Right inferior epigastric vein,7790,3897,498458,1779787488
FJ3606,BP20915,FMA18889,Right inferior gluteal vein,11506,5755,741166,1779787488
FJ3607,BP20987,FMA18884,Right internal iliac vein,94,79,7135,1779787488
FJ3608,BP20987,FMA18884,Right internal iliac vein,202,111,11720,1779787488
FJ3609,BP20987,FMA18884,Right internal iliac vein,74,70,6157,1779787488
FJ3610,BP21024,FMA18889,Right internal pudendal vein,7356,3755,474101,1779787488
FJ3611,BP20842,FMA18889,Right lateral sacral vein,3102,1642,196107,1779787488
FJ3612,BP21011,FMA18889,Right obturator vein,4804,2476,306326,1779787488
FJ3614,BP20935,FMA20734,Right superficial epigastric artery,2924,1565,184747,1779787488
FJ3615,BP21143,FMA14293,Right superior epigastric vein,3142,1649,198008,1779787488
FJ3616,BP20822,FMA18889,Right superior gluteal vein,330,243,23638,1779787488
FJ3617,BP20187,FMA14758,Right testicular artery,12938,6497,836412,1779787488
FJ3618,BP20477,FMA14341,Right testicular vein,13640,6899,886780,1779787488
FJ3619,BP19624,FMA14734,Right inferior phrenic artery,840,599,59476,1779787488
FJ3620,BP19624,FMA14734,Right inferior phrenic artery,734,580,55281,1779787488
FJ3621,BP19624,FMA14734,Right inferior phrenic artery,440,356,32890,1779787488
FJ3622,BP19624,FMA14734,Right inferior phrenic artery,380,322,29491,1779787488
FJ3623,BP19624,FMA14734,Right inferior phrenic artery,238,215,18974,1779787488
FJ3624,BP19624,FMA14734,Right inferior phrenic artery,502,472,41844,1779787488
FJ3625,BP19624,FMA14734,Right inferior phrenic artery,342,343,29210,1779787488
FJ3626,BP19624,FMA14734,Right inferior phrenic artery,286,302,25357,1779787488
FJ3631,BP19660,FMA15370,Lumbar vein,8834,4585,571222,1779787488
FJ3632,BP23563,FMA14735,Lumbar artery,12058,6183,781407,1779787488
FJ3635,BP19660,FMA15370,Lumbar vein,8920,4635,581136,1779787488
FJ3636,BP23563,FMA14735,Lumbar artery,12498,6330,810967,1779787488
FJ3637,BP20527,FMA21378,Right superficial dorsal vein of penis,2782,1393,170632,1779787488
FJ3638,BP23925,FMA14830,Sigmoid artery,1702,1222,120797,1779787488
FJ3639,BP20945,FMA15387,Sigmoid vein,1422,1131,108325,1779787488
FJ3640,BP20232,FMA14773,Splenic artery,1742,1273,126275,1779787488
FJ3641,BP20220,FMA14331,Splenic vein,1144,922,87010,1779787488
FJ3644,BP24097,FMA30313,Trunk of superior mesenteric artery,1506,782,90333,1779787488
FJ3645,BP23624,FMA30314,Superior vena cava,598,318,35843,1779787488
FJ3646,BP22437,FMA15396,Pancreaticoduodenal vein,388,262,26320,1779787488
FJ3647,BP20206,FMA14332,Superior mesenteric vein,702,489,49230,1779787488
FJ3648,BP20111,FMA50722,Superior phrenic vein,682,584,54107,1779787488
FJ3649,BP20111,FMA50722,Superior phrenic vein,308,298,25936,1779787488
FJ3650,BP20111,FMA50722,Superior phrenic vein,418,397,34652,1779787488
FJ3651,BP20111,FMA50722,Superior phrenic vein,346,286,26353,1779787488
FJ3652,BP20111,FMA50722,Superior phrenic vein,556,588,50202,1779787488
FJ3653,BP20111,FMA50722,Superior phrenic vein,1610,1355,127124,1779787488
FJ3654,BP20111,FMA50722,Superior phrenic vein,382,454,36915,1779787488
FJ3655,BP22437,FMA15396,Pancreaticoduodenal vein,438,285,29204,1779787488
FJ3656,BP22670,FMA14825,Trunk of superior rectal artery,418,260,26761,1779787488
FJ3657,BP20920,FMA15387,Superior rectal vein,478,285,30272,1779787488
FJ3658,BP20473,FMA12858,Ascending lumbar vein,5934,2979,375588,1779787488
FJ3659,BP23720,FMA10951,Inferior vena cava,1670,968,107088,1779787488
FJ3660,BP19545,FMA3895,Circumflex branch of left coronary artery,484,254,28376,1779787488
FJ3661,BP19545,FMA3895,Circumflex branch of left coronary artery,658,415,42986,1779787488
FJ3662,BP19545,FMA3895,Circumflex branch of left coronary artery,510,395,37493,1779787488
FJ3663,BP19545,FMA3895,Circumflex branch of left coronary artery,308,240,22406,1779787488
FJ3664,BP19545,FMA3895,Circumflex branch of left coronary artery,252,232,20597,1779787488
FJ3665,BP19545,FMA3895,Circumflex branch of left coronary artery,172,150,13415,1779787488
FJ3666,BP19545,FMA3895,Circumflex branch of left coronary artery,396,316,29455,1779787488
FJ3667,BP19821,FMA14065,Left tenth costal cartilage,1400,4200,390450,1779787488
FJ3667M,BP21431,FMA14065,Right tenth costal cartilage,1400,836,118859,1779787488
FJ3668,BP19822,FMA14065,Left eighth costal cartilage,2265,6795,631833,1779787488
FJ3668M,BP21428,FMA14065,Right eighth costal cartilage,2265,1351,197192,1779787488
FJ3669,BP19818,FMA14065,Left ninth costal cartilage,1678,5034,468303,1779787488
FJ3669M,BP21430,FMA14065,Right ninth costal cartilage,1678,1067,148930,1779787488
FJ3670,BP21406,FMA49176,Isthmus of thyroid gland,1746,5238,493303,1779787488
FJ3671,BP21433,FMA13367,Left lobe of thyroid gland,4741,14223,1338937,1779787488
FJ3672,BP19819,FMA13367,Right lobe of thyroid gland,5061,15183,1453612,1779787488
FJ3673,BP21405,FMA13890,Left inferior parathyroid gland,160,82,8821,1779787488
FJ3674,BP23783,FMA13890,Left superior parathyroid gland,142,75,7984,1779787488
FJ3675,BP23812,FMA13890,Right inferior parathyroid gland,146,75,8182,1779787488
FJ3676,BP23811,FMA13890,Right superior parathyroid gland,136,73,7796,1779787488
FJ3678M,BP19594,FMA50081,Anterolateral central branch of left middle cerebral artery,1226,1489,124532,1779787488
FJ3679,BP19591,FMA50081,Anterolateral central branch of right middle cerebral artery,316,948,65391,1779787488
FJ3679M,BP19594,FMA50081,Anterolateral central branch of left middle cerebral artery,316,390,31655,1779787488
FJ3848,BP22760,FMA13889,Pituitary gland,1138,596,68166,1779787488
FJ3855,BP29570,FMA242770,Choroid plexus of right lateral ventricle,4838,2935,336023,1779787488
FJ3889,BP29614,FMA266041,Right half of tentorium cerebelli,21358,11499,1450483,1779787488
FJ3890,BP29622,FMA266054,Cerebral hemisphere segment of dura mater,55132,28066,3832074,1779787488
FJ3891,BP29534,FMA50867,Right abducens nerve,1090,735,75374,1779787488
FJ3892,BP29071,FMA11195,Right anterior superior alveolar nerve,1538,968,102300,1779787488
FJ3893,BP29166,FMA11195,Trunk of right auriculotemporal nerve,3886,1945,242145,1779787488
FJ3894,BP29543,FMA50869,Right vestibulocochlear nerve,1672,838,98735,1779787488
FJ3895,BP29121,FMA11195,Branch of right mandibular nerve to right otic ganglion,498,318,32903,1779787488
FJ3896,BP29352,FMA11195,Buccal branch of right facial nerve,4180,2135,263995,1779787488
FJ3897,BP29111,FMA11195,Right buccal nerve,1954,1031,118744,1779787488
FJ3898,BP29302,FMA11195,Cervical branch of right facial nerve,2840,1494,177935,1779787488
FJ3899,BP29410,FMA11195,Trunk of right facial nerve,4672,2340,293679,1779787488
FJ3900,BP29182,FMA11195,Ganglionic branch of right maxillary nerve to right pterygopalatine ganglion,316,169,18638,1779787488
FJ3901,BP29500,FMA50870,Left glossopharyngeal nerve,6926,3612,450504,1779787488
FJ3902,BP29212,FMA11195,Right greater palatine nerve,1088,812,79995,1779787488
FJ3903,BP29069,FMA11195,Trunk of right inferior alveolar nerve,2510,1258,151847,1779787488
FJ3904,BP29004,FMA11195,External nasal branch of right infra-orbital nerve,1012,513,59758,1779787488
FJ3905,BP29078,FMA11195,Inferior palpebral branch of right infra-orbital nerve,598,382,39607,1779787488
FJ3906,BP29087,FMA11195,Internal nasal branch of right infra-orbital nerve,480,255,28544,1779787488
FJ3907,BP29062,FMA11195,Superior labial branch of right infra-orbital nerve,1270,637,74787,1779787488
FJ3908,BP21112,FMA11195,Left anterior ethmoidal nerve,1016,550,61574,1779787488
FJ3909,BP21151,FMA11195,Communicating branch of left nasociliary nerve with left ciliary ganglion,234,170,16149,1779787488
FJ3910,BP20367,FMA11195,Left frontal nerve,2642,1323,159178,1779787488
FJ3911,BP22715,FMA11195,Left infratrochlear nerve,482,381,35897,1779787488
FJ3912,BP20380,FMA11195,Left lacrimal nerve,2008,1044,120211,1779787488
FJ3913,BP20818,FMA11195,Left nasociliary nerve,458,332,32508,1779787488
FJ3914,BP29371,FMA223162,Left olfactory tract,1292,668,76851,1779787488
FJ3915,BP29573,FMA11195,Left olfactory nerve,560,335,35627,1779787488
FJ3916,BP29573,FMA11195,Left olfactory nerve,510,318,33117,1779787488
FJ3917,BP29573,FMA11195,Left olfactory nerve,480,344,33767,1779787488
FJ3918,BP29573,FMA11195,Left olfactory nerve,522,345,35048,1779787488
FJ3919,BP29573,FMA11195,Left olfactory nerve,492,363,35322,1779787488
FJ3920,BP29573,FMA11195,Left olfactory nerve,526,349,35449,1779787488
FJ3921,BP23833,FMA11195,Left ophthalmic nerve,1000,502,58220,1779787488
FJ3922,BP21490,FMA11195,Left posterior ethmoidal nerve,612,335,36962,1779787488
FJ3923,BP29369,FMA11195,Trunk of left recurrent laryngeal nerve,5008,2538,315416,1779787488
FJ3924,BP20828,FMA11195,Left supra-orbital nerve,1364,738,83094,1779787488
FJ3925,BP21030,FMA11195,Left supratrochlear nerve,2216,1151,134071,1779787488
FJ3926,BP29477,FMA11195,Trunk of left vagus nerve,29372,14820,1963465,1779787488
FJ3927,BP29502,FMA50867,Left abducens nerve,1146,748,77089,1779787488
FJ3928,BP29554,FMA11195,Trunk of left accessory nerve,8018,4257,524103,1779787488
FJ3929,BP29126,FMA11195,Ganglionic branch of left maxillary nerve to left pterygopalatine ganglion,322,171,18709,1779787488
FJ3930,BP29082,FMA11195,Left anterior superior alveolar nerve,1564,965,102220,1779787488
FJ3931,BP29210,FMA11195,Trunk of left auriculotemporal nerve,3970,1987,245820,1779787488
FJ3932,BP29535,FMA50869,Left vestibulocochlear nerve,1714,859,100417,1779787488
FJ3933,BP29270,FMA11195,Branch of left mandibular nerve to left otic ganglion,528,332,34249,1779787488
FJ3934,BP29347,FMA11195,Buccal branch of left facial nerve,4284,2171,267627,1779787488
FJ3935,BP29164,FMA11195,Left buccal nerve,1992,1051,120245,1779787488
FJ3936,BP29357,FMA11195,Cervical branch of left facial nerve,2912,1540,181829,1779787488
FJ3937,BP28777,FMA11195,Left external nasal nerve,800,565,56036,1779787488
FJ3938,BP29462,FMA11195,Trunk of left facial nerve,4790,2399,299069,1779787488
FJ3939,BP29500,FMA50870,Left glossopharyngeal nerve,7100,3689,457294,1779787488
FJ3940,BP29137,FMA11195,Left greater palatine nerve,1088,825,79875,1779787488
FJ3941,BP29459,FMA11195,Trunk of left hypoglossal nerve,1682,1195,120080,1779787488
FJ3942,BP29102,FMA11195,Trunk of left inferior alveolar nerve,2562,1283,153857,1779787488
FJ3943,BP29025,FMA11195,External nasal branch of left infra-orbital nerve,1030,521,60207,1779787488
FJ3944,BP29015,FMA11195,Inferior palpebral branch of left infra-orbital nerve,608,398,40592,1779787488
FJ3945,BP29003,FMA11195,Internal nasal branch of left infra-orbital nerve,488,264,29137,1779787488
FJ3946,BP29024,FMA11195,Superior labial branch of left infra-orbital nerve,1294,651,75627,1779787488
FJ3947,BP28825,FMA11195,Internal nasal branch of left anterior ethmoidal nerve,342,229,22955,1779787488
FJ3948,BP28697,FMA11195,Lateral internal nasal branch of left anterior ethmoidal nerve,470,297,30643,1779787488
FJ3949,BP29199,FMA11195,Trunk of left lingual nerve,2426,1262,147877,1779787488
FJ3950,BP22719,FMA11195,Left long ciliary nerve,360,230,23374,1779787488
FJ3951,BP29377,FMA11195,Left mandibular nerve,668,372,40739,1779787488
FJ3952,BP29350,FMA11195,Marginal mandibular branch of left facial nerve,4052,2125,256760,1779787488
FJ3953,BP29133,FMA11195,Left masseteric nerve,1664,937,103468,1779787488
FJ3954,BP29330,FMA11195,Trunk of left maxillary nerve,1360,690,79976,1779787488
FJ3955,BP29120,FMA11195,Left middle meningeal nerve,460,268,28436,1779787488
FJ3956,BP28937,FMA11195,Left mental nerve,1364,911,93123,1779787488
FJ3957,BP29084,FMA11195,Left middle superior alveolar nerve,1250,713,78130,1779787488
FJ3958,BP28957,FMA11195,Trunk of left mylohyoid nerve,1878,995,113299,1779787488
FJ3959,BP29143,FMA11195,Left nasopalatine nerve,1028,552,62441,1779787488
FJ3960,BP29197,FMA11195,Left medial pterygoid nerve,914,571,59730,1779787488
FJ3961,BP29054,FMA11195,Left lateral pterygoid nerve,784,504,52029,1779787488
FJ3962,BP29265,FMA11195,Trunk of branch of left mandibular nerve to tensor tympani,734,573,54774,1779787488
FJ3963,BP29107,FMA11195,Nerve to left tensor veli palatini,380,224,23638,1779787488
FJ3964,BP29185,FMA11195,Occipital branch of left posterior auricular nerve,3744,1921,232351,1779787488
FJ3965,BP29175,FMA11195,Nerve to left ciliary ganglion,216,199,17483,1779787488
FJ3966,BP29110,FMA11195,Nerve to left inferior rectus,554,442,41518,1779787488
FJ3967,BP29184,FMA11195,Nerve to left superior rectus,330,248,23662,1779787488
FJ3968,BP29438,FMA11195,Trunk of left oculomotor nerve,648,357,39293,1779787488
FJ3969,BP29201,FMA11195,Nerve to left inferior oblique,706,580,54164,1779787488
FJ3970,BP29228,FMA11195,Nerve to left medial rectus,288,303,25954,1779787488
FJ3971,BP29086,FMA11195,Orbital branch of left maxillary nerve to left orbitalis,546,285,32068,1779787488
FJ3972,BP29344,FMA11195,Pharyngeal nerve,1138,659,71647,1779787488
FJ3973,BP29299,FMA11195,Trunk of left posterior auricular nerve,3328,1666,203858,1779787488
FJ3974,BP29092,FMA11195,Left posterior inferior nasal nerve,1530,885,96560,1779787488
FJ3975,BP29013,FMA11195,Left posterior superior alveolar nerve,1686,965,105872,1779787488
FJ3976,BP29138,FMA11195,Left lateral posterior superior nasal nerve,744,442,47176,1779787488
FJ3977,BP29161,FMA11195,Nerve to left levator palpebrae superioris,344,222,22404,1779787488
FJ3978,BP29140,FMA11195,Left medial posterior superior nasal nerve,798,508,53242,1779787488
FJ3979,BP29341,FMA11195,Trunk of temporal branch of left facial nerve,5466,2789,346082,1779787488
FJ3980,BP29463,FMA11195,Trunk of left trigeminal nerve,246,125,13700,1779787488
FJ3981,BP23034,FMA50865,Left trochlear nerve,4856,2604,313898,1779787488
FJ3982,BP29360,FMA11195,Trunk of zygomatic branch of left facial nerve,4126,2182,263119,1779787488
FJ3983,BP29129,FMA11195,Left zygomatic nerve,1880,1240,128687,1779787488
FJ3984,BP29156,FMA11195,Trunk of right lingual nerve,2378,1259,147211,1779787488
FJ3985,BP29281,FMA11195,Right mandibular nerve,656,371,40716,1779787488
FJ3986,BP29323,FMA11195,Marginal mandibular branch of right facial nerve,3952,2064,251866,1779787488
FJ3987,BP29127,FMA11195,Right masseteric nerve,1632,944,103947,1779787488
FJ3988,BP29403,FMA11195,Trunk of right maxillary nerve,1336,675,79086,1779787488
FJ3989,BP29205,FMA11195,Right middle meningeal nerve,452,251,27559,1779787488
FJ3990,BP28919,FMA11195,Right mental nerve,1224,887,88218,1779787488
FJ3991,BP28993,FMA11195,Right middle superior alveolar nerve,1228,691,76699,1779787488
FJ3992,BP28909,FMA11195,Trunk of right mylohyoid nerve,1840,965,111341,1779787488
FJ3993,BP29147,FMA11195,Right nasopalatine nerve,1008,560,62555,1779787488
FJ3994,BP29232,FMA11195,Right medial pterygoid nerve,896,553,58791,1779787488
FJ3995,BP29080,FMA11195,Right lateral pterygoid nerve,794,509,53016,1779787488
FJ3996,BP29219,FMA11195,Trunk of branch of right mandibular nerve to tensor tympani,712,565,54039,1779787488
FJ3997,BP29266,FMA11195,Nerve to right tensor veli palatini,374,217,23106,1779787488
FJ3998,BP29193,FMA11195,Occipital branch of right posterior auricular nerve,3652,1885,229040,1779787488
FJ3999,BP29093,FMA11195,Orbital branch of right maxillary nerve to right orbitalis,538,277,31581,1779787488
FJ4000,BP29344,FMA11195,Pharyngeal nerve,1118,623,69487,1779787488
FJ4001,BP29285,FMA11195,Trunk of right posterior auricular nerve,3246,1625,200096,1779787488
FJ4002,BP29085,FMA11195,Right posterior inferior nasal nerve,1500,854,94600,1779787488
FJ4003,BP28997,FMA11195,Right posterior superior alveolar nerve,1658,972,106723,1779787488
FJ4004,BP29209,FMA11195,Right lateral posterior superior nasal nerve,730,466,48582,1779787488
FJ4005,BP29247,FMA11195,Right medial posterior superior nasal nerve,784,499,52358,1779787488
FJ4006,BP23799,FMA11195,Right anterior ethmoidal nerve,1004,539,61044,1779787488
FJ4007,BP21146,FMA11195,Communicating branch of right nasociliary nerve with right ciliary ganglion,218,146,14436,1779787488
FJ4008,BP20449,FMA11195,Right frontal nerve,2626,1316,159456,1779787488
FJ4009,BP28826,FMA11195,Palpebral branch of right infratrochlear nerve,448,376,35155,1779787488
FJ4010,BP20357,FMA11195,Right lacrimal nerve,1994,1047,121068,1779787488
FJ4011,BP21130,FMA11195,Right infratrochlear nerve,470,329,32717,1779787488
FJ4012,BP29272,FMA223163,Right olfactory tract,1292,668,77406,1779787488
FJ4013,BP29597,FMA11195,Right olfactory nerve,560,346,36382,1779787488
FJ4014,BP29597,FMA11195,Right olfactory nerve,510,308,32697,1779787488
FJ4015,BP29597,FMA11195,Right olfactory nerve,480,328,32940,1779787488
FJ4016,BP29597,FMA11195,Right olfactory nerve,522,356,35903,1779787488
FJ4017,BP29597,FMA11195,Right olfactory nerve,492,356,35003,1779787488
FJ4018,BP29597,FMA11195,Right olfactory nerve,550,358,36825,1779787488
FJ4019,BP20226,FMA11195,Right ophthalmic nerve,994,499,58403,1779787488
FJ4020,BP21144,FMA11195,Right posterior ethmoidal nerve,432,267,27936,1779787488
FJ4021,BP29389,FMA11195,Trunk of right recurrent laryngeal nerve,2596,1302,157643,1779787488
FJ4022,BP22693,FMA11195,Right supra-orbital nerve,1356,726,82680,1779787488
FJ4023,BP22708,FMA11195,Right supratrochlear nerve,2202,1153,134797,1779787488
FJ4024,BP29476,FMA11195,Trunk of right vagus nerve,24790,12608,1651782,1779787488
FJ4025,BP29541,FMA11195,Trunk of right accessory nerve,7822,4151,514568,1779787488
FJ4026,BP28799,FMA11195,Right external nasal nerve,748,565,54959,1779787488
FJ4027,BP29430,FMA11195,Trunk of right hypoglossal nerve,4878,2629,318286,1779787488
FJ4028,BP28762,FMA11195,Internal nasal branch of right anterior ethmoidal nerve,404,240,25433,1779787488
FJ4029,BP28712,FMA11195,Lateral internal nasal branch of right anterior ethmoidal nerve,390,289,28090,1779787488
FJ4030,BP29214,FMA11195,Nerve to right ciliary ganglion,242,229,20290,1779787488
FJ4031,BP29223,FMA11195,Nerve to right inferior rectus,628,459,45523,1779787488
FJ4032,BP29200,FMA11195,Nerve to right superior rectus,324,232,22768,1779787488
FJ4033,BP29461,FMA11195,Trunk of right oculomotor nerve,648,367,40326,1779787488
FJ4034,BP29461,FMA11195,Trunk of right oculomotor nerve,876,657,64569,1779787488
FJ4035,BP29252,FMA11195,Nerve to right medial rectus,358,331,29919,1779787488
FJ4037,BP29236,FMA11195,Nerve to right levator palpebrae superioris,304,195,19874,1779787488
FJ4038,BP29432,FMA11195,Trunk of right trigeminal nerve,244,124,13719,1779787488
FJ4039,BP23210,FMA50865,Right trochlear nerve,4826,2553,312751,1779787488
FJ4040,BP29394,FMA11195,Trunk of temporal branch of right facial nerve,5332,2733,340608,1779787488
FJ4041,BP29335,FMA11195,Trunk of zygomatic branch of right facial nerve,4026,2134,258270,1779787488
FJ4042,BP29246,FMA11195,Right zygomatic nerve,1924,1282,134123,1779787488
FJ4156,BP29455,FMA11195,Pericardial branch of phrenic nerve,442,367,34255,1779787488
FJ4157,BP29423,FMA11195,Trunk of left phrenic nerve,1106,605,67550,1779787488
FJ4158,BP29313,FMA11195,Left anterior interosseous nerve,404,314,29314,1779787488
FJ4159,BP28868,FMA10982,Anterior cutaneous branch of left first intercostal nerve,620,491,46261,1779787488
FJ4163,BP28899,FMA10982,Anterior cutaneous branch of left second intercostal nerve,446,358,33421,1779787488
FJ4171,BP29488,FMA37072,Left axillary nerve,654,481,46757,1779787488
FJ4172,BP29538,FMA37069,Left radial nerve,576,327,35574,1779787488
FJ4173,BP29081,FMA11195,Trunk of left great auricular nerve,1258,801,83521,1779787488
FJ4174,BP29305,FMA11195,Trunk of left first intercostal nerve,774,481,50342,1779787488
FJ4178,BP29343,FMA11195,Trunk of left second intercostal nerve,1132,656,71345,1779787488
FJ4185,BP29040,FMA10977,Left second intercostobrachial nerve,1568,1388,128467,1779787488
FJ4197,BP28837,FMA10982,Lateral cutaneous branch of left first intercostal nerve,1188,771,79619,1779787488
FJ4209,BP28868,FMA10982,Anterior cutaneous branch of left first intercostal nerve,776,599,57098,1779787488
FJ4213,BP28899,FMA10982,Anterior cutaneous branch of left second intercostal nerve,824,637,60927,1779787488
FJ4221,BP28988,FMA10982,Left lesser occipital nerve,1262,1137,104089,1779787488
FJ4222,BP29235,FMA11195,Trunk of left long thoracic nerve,1560,930,99937,1779787488
FJ4223,BP29528,FMA55665,Left medial pectoral nerve,2300,1871,182549,1779787488
FJ4224,BP29531,FMA14385,Left median nerve,4372,2246,275660,1779787488
FJ4225,BP29512,FMA37064,Left musculocutaneous nerve,3264,1792,209111,1779787488
FJ4226,BP29455,FMA11195,Pericardial branch of phrenic nerve,408,364,32661,1779787488
FJ4240,BP29538,FMA37069,Left radial nerve,4474,2280,281192,1779787488
FJ4241,BP29108,FMA11195,Trunk of left subclavian nerve,488,415,38077,1779787488
FJ4242,BP29426,FMA55665,Left superior subscapular nerve,916,730,69024,1779787488
FJ4243,BP29488,FMA37072,Left axillary nerve,360,310,27986,1779787488
FJ4244,BP29533,FMA55665,Left supraclavicular nerve,1698,1689,151705,1779787488
FJ4245,BP29286,FMA11195,Trunk of left first thoracic nerve,344,256,24327,1779787488
FJ4248,BP29329,FMA11195,Trunk of left second thoracic nerve,440,256,27165,1779787488
FJ4256,BP29546,FMA55665,Left thoracodorsal nerve,2068,1472,149894,1779787488
FJ4257,BP29547,FMA55173,Left transverse cervical nerve,854,761,69702,1779787488
FJ4258,BP29523,FMA37319,Left ulnar nerve,4406,2242,276297,1779787488
FJ4260,BP29456,FMA55665,Left first cervical nerve,2166,1188,134503,1779787488
FJ4261,BP29310,FMA11195,Trunk of left second cervical nerve,1100,649,69930,1779787488
FJ4262,BP29408,FMA11195,Trunk of left third cervical nerve,1364,804,86754,1779787488
FJ4263,BP29309,FMA11195,Trunk of left fourth cervical nerve,934,571,60427,1779787488
FJ4264,BP29324,FMA11195,Trunk of left fifth cervical nerve,1926,1005,115363,1779787488
FJ4265,BP29315,FMA11195,Trunk of left sixth cervical nerve,1106,621,68404,1779787488
FJ4266,BP29366,FMA11195,Trunk of left seventh cervical nerve,956,525,58244,1779787488
FJ4267,BP29406,FMA11195,Trunk of left eighth cervical nerve,970,559,60680,1779787488
FJ4268,BP29006,FMA11195,Medial dorsal digital branch of left radial nerve to left middle finger,782,587,56793,1779787488
FJ4269,BP29221,FMA11195,First dorsal digital branch of radial nerve,644,418,42712,1779787488
FJ4270,BP28976,FMA11195,First dorsal digital branch of left radial nerve,1314,1020,97984,1779787488
FJ4271,BP28986,FMA11195,Dorsal digital branch of left radial nerve to medial side of left index finger,466,390,35917,1779787488
FJ4272,BP29116,FMA11195,Inferior root of left ansa cervicalis,2070,1037,121923,1779787488
FJ4273,BP29300,FMA11195,Inferior trunk of left brachial nerve plexus,330,258,24250,1779787488
FJ4274,BP29122,FMA11195,Lateral cord of left brachial nerve plexus,348,209,21771,1779787488
FJ4275,BP29196,FMA11195,Medial cord of left brachial nerve plexus,1708,913,103364,1779787488
FJ4276,BP29380,FMA11195,Middle trunk of left brachial nerve plexus,350,227,22974,1779787488
FJ4278,BP29259,FMA11195,Lateral dorsal digital branch of radial nerve to index finger,604,383,39534,1779787488
FJ4279,BP29423,FMA11195,Trunk of left phrenic nerve,716,746,64088,1779787488
FJ4280,BP29303,FMA11195,Posterior cord of left brachial nerve plexus,1130,567,65939,1779787488
FJ4281,BP29027,FMA11195,Lateral proper palmar digital branch of left median nerve to left thumb,670,536,50406,1779787488
FJ4282,BP29041,FMA11195,Medial proper palmar digital branch of left median nerve to left index finger,762,635,58943,1779787488
FJ4283,BP29095,FMA11195,Medial proper palmar digital branch of left median nerve to left middle finger,668,610,54685,1779787488
FJ4284,BP29101,FMA11195,Lateral proper palmar digital branch of left median nerve to left index finger,640,488,46792,1779787488
FJ4285,BP29115,FMA11195,Lateral proper palmar digital branch of median nerve to middle finger,516,422,39168,1779787488
FJ4286,BP29194,FMA11195,Lateral proper palmar digital branch of left median nerve to left ring finger,694,608,55592,1779787488
FJ4287,BP28982,FMA11195,Medial proper palmar digital branch of left median nerve to left thumb,366,315,28590,1779787488
FJ4289,BP29238,FMA11195,Superior root of left ansa cervicalis,3178,1594,194459,1779787488
FJ4290,BP29296,FMA11195,Superior trunk of left brachial nerve plexus,428,256,26889,1779787488
FJ4291,BP29635,FMA228667,Set of phrenico-abdominal branches of phrenic nerve,632,681,58496,1779787488
FJ4425,BP29628,FMA14462,Cauda equina,6716,8676,747869,1779787488
FJ4426,BP29641,FMA242005,Neural tissue of spinal cord,9952,8581,852923,1779787488
FJ4473,BP29491,FMA10474,Left thyro-arytenoid proper,6092,3622,418252,1779787489
FJ4502,BP29529,FMA10474,Right thyro-arytenoid proper,6092,3537,415099,1779787488
FJ4526,BP23311,FMA14539,Cystic duct,278,156,16649,1779787489
FJ4537,BP21227,FMA14769,Lateral superior segmental hepatic artery,658,459,45661,1779787489
FJ4541,BP20866,FMA15794,Lateral inferior segmental tributary of left hepatic vein,350,196,21040,1779787489
FJ4548,BP22064,FMA14769,Medial superior segmental hepatic artery,612,489,46542,1779787489
FJ4556,BP21241,FMA14769,Posterior superior segmental hepatic artery,1616,1028,108740,1779787489
FJ4557,BP21241,FMA14769,Posterior superior segmental hepatic artery,814,633,61409,1779787489
FJ4563,BP20393,FMA15425,Caudate lobe branch of left portal vein,546,333,35166,1779787489
FJ4643,BP23722,FMA55661,Left sublingual gland,230,144,14390,1779787489
FJ4649,BP21447,FMA14645,Mesoappendix,1388,813,88799,1779787489
FJ4650,BP21449,FMA14643,Mesentery of small intestine,38274,56931,4629135,1779787489
FJ4651,BP29607,FMA19754,Posterior part of abdominal peritoneum,1484,1366,122685,1779787489
FJ4654,BP28758,FMA50722,Right great cerebral vein,490,247,28414,1779787489
FJ4679,BP28953,FMA50722,Inferior cerebral vein,1660,832,97943,1779787488
FJ4680,BP28708,FMA50722,Right anterior cerebral vein,418,260,26860,1779787488
FJ4681,BP28708,FMA50722,Right anterior cerebral vein,74,92,7152,1779787489
FJ4682,BP28708,FMA50722,Right anterior cerebral vein,226,227,19182,1779787489
FJ4683,BP28708,FMA50722,Right anterior cerebral vein,246,234,20099,1779787489
FJ4684,BP28708,FMA50722,Right anterior cerebral vein,274,209,19578,1779787488
FJ4685,BP28708,FMA50722,Right anterior cerebral vein,200,171,15031,1779787489
FJ4686,BP28953,FMA50722,Inferior cerebral vein,456,240,26904,1779787489
FJ4687,BP29633,FMA228667,Set of inferior veins of cerebellar hemisphere,600,441,42776,1779787489
FJ4688,BP29633,FMA228667,Set of inferior veins of cerebellar hemisphere,334,311,26750,1779787489
FJ4689,BP29633,FMA228667,Set of inferior veins of cerebellar hemisphere,760,876,71783,1779787489
FJ4690,BP28702,FMA50722,Right internal cerebral vein,442,291,29478,1779787489
FJ4691,BP28903,FMA50722,Right interpeduncular vein,330,351,29217,1779787488
FJ4692,BP28903,FMA50722,Right interpeduncular vein,84,123,8996,1779787489
FJ4693,BP29632,FMA228667,Set of lateral direct veins of lateral ventricle,364,386,32245,1779787489
FJ4694,BP28835,FMA50722,Superior cerebral vein,1004,756,73009,1779787489
FJ4695,BP28751,FMA50722,Right superior anastomotic vein,8226,4724,561519,1779787489
FJ4696,BP28835,FMA50722,Superior cerebral vein,3770,2865,289475,1779787488
FJ4697,BP28835,FMA50722,Superior cerebral vein,3372,2331,245548,1779787488
FJ4698,BP28891,FMA50722,Right superior cerebellar vein,270,234,20861,1779787489
FJ4699,BP28891,FMA50722,Right superior cerebellar vein,130,138,11521,1779787488
FJ4700,BP28891,FMA50722,Right superior cerebellar vein,322,296,26177,1779787489
FJ4701,BP28768,FMA50722,Right transverse medullary vein,322,312,26609,1779787488
FJ4702,BP28819,FMA50722,Right transverse pontine vein,354,381,31757,1779787489
FJ4704,BP29489,FMA11337,Sinus confluence,1308,656,77010,1779787489
FJ4705,BP28864,FMA50722,Straight sinus,1304,654,76966,1779787488
FJ4706,BP22192,FMA50031,Anterior communicating artery,74,79,6661,1779787489
FJ4707,BP28778,FMA50722,Anterior intercavernous sinus,420,278,27891,1779787488
FJ4708,BP28865,FMA50722,Anteromedian medullary vein,296,201,20074,1779787489
FJ4709,BP28833,FMA50722,Anteromedian pontine vein,234,201,18051,1779787488
FJ4712,BP28710,FMA50031,Right distal medial striate artery,438,498,42283,1779787489
FJ4713,BP28748,FMA49688,Artery of right pterygoid canal,778,447,48804,1779787489
FJ4714,BP29507,FMA4767,Basilar venous plexus,3510,3424,307308,1779787489
FJ4715,BP22911,FMA30313,Trunk of brachiocephalic artery,430,217,24660,1779787488
FJ4716,BP28870,FMA50722,Inferior sagittal sinus,2346,1687,174881,1779787489
FJ4717,BP29036,FMA50722,Inferior vein of vermis,600,341,37306,1779787488
FJ4718,BP28693,FMA14317,Right jugular venous arch,1256,631,73723,1779787489
FJ4770,BP28932,FMA30313,Trunk of artery of left precentral sulcus,4380,2250,276224,1779787489
FJ4873,BP28898,FMA30313,Trunk of middle temporal branch of left middle cerebral artery,4362,2194,271136,1779787489
FJ4977,BP28738,FMA50031,Anterior communicating artery,248,299,24879,1779787489
FJ4978,BP28699,FMA49552,Nasal septal branch of right superior labial artery,174,226,17602,1779787489
FJ4979,BP28733,FMA50722,Posterior intercavernous sinus,556,399,38838,1779787489
FJ4980,BP28967,FMA50722,Posteromedian medullary vein,148,114,10713,1779787489
FJ4981,BP21096,FMA50531,Right anterior spinal artery,338,243,23795,1779787489
FJ4982,BP22068,FMA50081,Right anterior temporal artery,1388,1249,113399,1779787489
FJ4983,BP28991,FMA14295,Right anterior vertebral vein,2180,1166,135105,1779787489
FJ4984,BP22823,FMA30314,Trunk of right brachiocephalic vein,8564,4284,548498,1779787489
FJ4985,BP28716,FMA50722,Right central retinal vein,400,293,28749,1779787489
FJ4986,BP22860,FMA30313,Trunk of right common carotid artery,3506,1755,217376,1779787489
FJ4987,BP29020,FMA4746,Right deep cervical vein,3210,1609,197943,1779787489
FJ4988,BP28726,FMA50722,Right deep middle cerebral vein,862,445,51087,1779787489
FJ4989,BP29382,FMA30313,Trunk of right external carotid artery,1282,643,75545,1779787489
FJ4990,BP28910,FMA50722,Right facial vein,4498,2286,284426,1779787489
FJ4991,BP29637,FMA228667,Set of inferior palpebral veins,996,792,76076,1779787489
FJ4992,BP28809,FMA50722,Right inferior ophthalmic vein,1346,688,80101,1779787489
FJ4993,BP22909,FMA30313,Trunk of right internal carotid artery,792,417,47474,1779787489
FJ4994,BP28718,FMA50722,Right lacrimal vein,498,332,33811,1779787489
FJ4995,BP28684,FMA50722,Lateral vein of right lateral ventricle,374,206,22430,1779787489
FJ4996,BP28866,FMA14326,Right lingual vein,1632,821,96611,1779787489
FJ4997,BP28959,FMA50722,Right mastoid emissary vein,986,504,58397,1779787489
FJ4998,BP28680,FMA50722,Medial vein of right lateral ventricle,918,468,54092,1779787489
FJ4999,BP28847,FMA50722,Right middle thyroid vein,574,529,47063,1779787489
FJ5000,BP28696,FMA50722,Right nasofrontal vein,438,251,27129,1779787489
FJ5001,BP28916,FMA50722,Right parietal emissary vein,1016,521,60461,1779787489
FJ5002,BP28703,FMA14317,Right posterior auricular vein,5912,3044,379576,1779787489
FJ5003,BP29358,FMA30313,Trunk of right posterior inferior cerebellar artery,796,668,63128,1779787489
FJ5004,BP29421,FMA4767,Right pterygoid plexus,3554,1929,229339,1779787489
FJ5005,BP28740,FMA50722,Right sigmoid sinus,1962,987,116141,1779787489
FJ5006,BP29278,FMA50722,Trunk proper of right subclavian artery,1304,655,76905,1779787489
FJ5007,BP28751,FMA50722,Right superior anastomotic vein,812,458,50341,1779787489
FJ5008,BP29522,FMA50805,Superior bulb of right internal jugular vein,174,90,9725,1779787489
FJ5009,BP28706,FMA50722,Right superior palpebral vein,1130,835,82336,1779787489
FJ5010,BP28765,FMA50722,Right superior ophthalmic vein,1418,715,83943,1779787489
FJ5011,BP29192,FMA30313,Trunk of right superior thyroid artery,666,335,38879,1779787489
FJ5012,BP28721,FMA50722,Right supra-orbital vein,2342,1189,141659,1779787489
FJ5013,BP28711,FMA50722,Right supratrochlear vein,2140,1121,130569,1779787489
FJ5014,BP28720,FMA14317,Right transverse cervical vein,1240,652,74802,1779787489
FJ5015,BP23901,FMA30313,Trunk of right vertebral artery,1096,640,69907,1779787489
FJ5016,BP29100,FMA4727,Right vertebral vein,1406,741,85115,1779787489
FJ5017,BP21285,FMA50031,Intermediomedial branch of right callosomarginal artery,874,491,54535,1779787489
FJ5018,BP21222,FMA50081,Artery of right postcentral sulcus,1854,938,109984,1779787489
FJ5019,BP28767,FMA49552,Right angular artery,678,580,53093,1779787489
FJ5020,BP28817,FMA50722,Right angular vein,1282,662,76803,1779787489
FJ5021,BP21122,FMA50028,Right anterior cerebral artery,448,250,27300,1779787489
FJ5022,BP29245,FMA30313,Trunk of right anterior choroidal artery,1850,1061,117764,1779787489
FJ5023,BP28948,FMA30313,Trunk of right anterior deep temporal artery,3028,1584,189524,1779787489
FJ5024,BP28912,FMA49488,Anterior glandular branch of right superior thyroid artery,398,424,35236,1779787489
FJ5025,BP28757,FMA13318,Right anterior jugular vein,3902,1957,243096,1779787489
FJ5026,BP19591,FMA50081,Anterolateral central branch of right middle cerebral artery,666,720,62355,1779787489
FJ5027,BP23792,FMA50080,Insular part of right middle cerebral artery,558,282,32445,1779787489
FJ5028,BP22829,FMA30313,Trunk of right lateral occipital artery,2320,1406,155225,1779787489
FJ5029,BP28845,FMA49688,Right anterior tympanic artery,1054,579,64804,1779787489
FJ5030,BP28683,FMA50722,Anterior vein of right septum pellucidum,452,361,33819,1779787489
FJ5031,BP19591,FMA50081,Anterolateral central branch of right middle cerebral artery,1716,1764,154135,1779787489
FJ5032,BP19591,FMA50081,Anterolateral central branch of right middle cerebral artery,374,428,34831,1779787489
FJ5033,BP28782,FMA50722,Right anterolateral medullary vein,642,519,48292,1779787489
FJ5034,BP28792,FMA50722,Right anterolateral pontine vein,744,604,56289,1779787489
FJ5035,BP28694,FMA50031,Anteromedial frontal branch of right callosomarginal artery,1866,1005,114666,1779787489
FJ5036,BP21196,FMA50081,Artery of central sulcus,2168,1116,131193,1779787489
FJ5036M,BP21196,FMA50081,Artery of central sulcus,2168,1120,130326,1779787489
FJ5037,BP21196,FMA50081,Artery of central sulcus,2312,1216,142176,1779787489
FJ5038,BP21222,FMA50081,Artery of right postcentral sulcus,1266,645,75133,1779787489
FJ5039,BP21244,FMA50081,Artery of right precentral sulcus,2314,1173,139625,1779787489
FJ5040,BP21244,FMA50081,Artery of right precentral sulcus,840,433,49796,1779787489
FJ5041,BP21244,FMA50081,Artery of right precentral sulcus,588,335,36440,1779787489
FJ5042,BP21280,FMA50031,Precuneal branch of right pericallosal artery,1012,763,75093,1779787489
FJ5043,BP29216,FMA30313,Trunk of right anterior cerebral artery,124,131,10729,1779787489
FJ5044,BP28854,FMA14184,Trunk of right ascending cervical artery,2660,1341,162650,1779787489
FJ5045,BP29000,FMA49497,Right ascending pharyngeal artery,1404,713,83379,1779787489
FJ5046,BP28730,FMA50722,Right basal vein,1646,825,97157,1779787489
FJ5047,BP21211,FMA50081,Branch of right middle cerebral artery to right angular gyrus,1170,655,72577,1779787489
FJ5048,BP29634,FMA228667,Set of branches of cavernous part of internal carotid artery to nerves,206,178,16210,1779787489
FJ5053,BP28772,FMA50112,Branch of right anterior choroidal artery to right optic tract,310,365,30483,1779787489
FJ5056,BP29049,FMA30313,Trunk of right buccal artery,622,514,47610,1779787489
FJ5059,BP29053,FMA50722,Portal vein of hypophysis,402,437,37221,1779787489
FJ5061,BP29346,FMA50094,Right carotid sinus,124,76,7700,1779787489
FJ5062,BP28961,FMA50722,Dorsal medullary vein,338,321,27737,1779787489
FJ5063,BP29017,FMA49817,Cavernous branch of right internal carotid artery,214,166,15307,1779787489
FJ5064,BP28741,FMA50722,Right cavernous sinus,1646,825,97321,1779787489
FJ5065,BP28808,FMA49872,Right central retinal artery,412,330,31236,1779787489
FJ5066,BP28810,FMA50168,Chiasmatic branch of right posterior communicating artery,170,174,14497,1779787489
FJ5067,BP28820,FMA50112,Branch of right anterior choroidal artery to right lateral ventricle,644,577,53055,1779787489
FJ5068,BP28941,FMA30313,Trunk of right callosomarginal artery,310,322,27917,1779787489
FJ5069,BP23063,FMA50589,Postcommunicating part of right posterior cerebral artery,250,137,14705,1779787489
FJ5070,BP29230,FMA30313,Trunk of clivus branch of right internal carotid artery,332,326,27351,1779787489
FJ5071,BP28855,FMA50586,Right collicular artery,490,343,34254,1779787489
FJ5072,BP28841,FMA49483,Right cricothyroid artery,254,159,16069,1779787489
FJ5073,BP28829,FMA49688,Right deep auricular artery,872,543,57084,1779787489
FJ5074,BP29557,FMA49529,Third part of right lingual artery,308,276,24323,1779787489
FJ5075,BP28756,FMA50722,Right deep lingual vein,488,333,33516,1779787489
FJ5076,BP28816,FMA49688,Dental branch of right inferior alveolar artery,1588,944,101961,1779787489
FJ5077,BP28783,FMA49688,Dental branch of right posterior superior alveolar artery,408,231,24977,1779787489
FJ5078,BP28995,FMA30313,Trunk of right descending palatine artery,626,326,37137,1779787489
FJ5079,BP21189,FMA50586,Right splenial artery,1260,641,74770,1779787489
FJ5080,BP28709,FMA49872,Right dorsal nasal artery,988,775,75114,1779787489
FJ5081,BP28961,FMA50722,Dorsal medullary vein,390,464,36903,1779787489
FJ5082,BP28813,FMA13110,Right external jugular vein,4348,2176,272396,1779787489
FJ5083,BP28728,FMA50722,Right external nasal vein,532,384,37526,1779787489
FJ5084,BP29132,FMA30313,Trunk of right facial artery,2132,1085,127825,1779787489
FJ5085,BP28882,FMA49653,Frontal branch of right superficial temporal artery,928,534,58556,1779787489
FJ5086,BP28785,FMA49688,Frontal branch of right middle meningeal artery,8038,4145,521756,1779787489
FJ5087,BP28884,FMA30313,Trunk of right greater palatine artery,778,971,78575,1779787489
FJ5088,BP21602,FMA50168,Hypothalamic branch of right posterior communicating artery,278,295,24480,1779787489
FJ5089,BP28849,FMA49688,Right inferior alveolar artery,2994,1499,183061,1779787489
FJ5090,BP28731,FMA50722,Right inferior anastomotic vein,2306,1184,140102,1779787489
FJ5091,BP28731,FMA50722,Right inferior anastomotic vein,618,319,36399,1779787489
FJ5092,BP29516,FMA50807,Inferior bulb of right internal jugular vein,680,342,39654,1779787489
FJ5093,BP28701,FMA50722,Right inferior choroid vein,320,234,22396,1779787489
FJ5094,BP29213,FMA30313,Trunk of right inferior hypophyseal artery,298,203,20024,1779787489
FJ5095,BP28775,FMA49552,Right inferior labial artery,656,442,44471,1779787489
FJ5096,BP28737,FMA50722,Right inferior labial vein,1496,827,92844,1779787489
FJ5097,BP28700,FMA49872,Right inferior palpebral arch,286,308,26439,1779787489
FJ5098,BP28734,FMA50722,Right inferior petrosal sinus,600,312,35503,1779787489
FJ5099,BP29046,FMA4728,Right inferior thyroid vein,6176,3311,404679,1779787489
FJ5100,BP28902,FMA49506,Right inferior tympanic artery,420,307,30214,1779787489
FJ5101,BP29036,FMA50722,Inferior vein of vermis,1044,1107,94025,1779787489
FJ5102,BP29057,FMA30313,Trunk of right infra-orbital artery,564,348,36462,1779787489
FJ5103,BP28944,FMA49474,Right infrahyoid artery,442,255,27269,1779787489
FJ5104,BP22829,FMA30313,Trunk of right lateral occipital artery,1386,806,88687,1779787489
FJ5105,BP29325,FMA3717,Right internal jugular vein proper,1550,777,91550,1779787489
FJ5106,BP28761,FMA49872,Right lacrimal artery,594,517,47894,1779787489
FJ5107,BP21073,FMA50576,Lateral branch of right superior cerebellar artery,736,714,63937,1779787489
FJ5108,BP22712,FMA50563,Lateral branch of right pontine artery,558,515,46965,1779787489
FJ5110,BP28950,FMA30313,Trunk of right lateral frontobasal artery,1746,976,108964,1779787489
FJ5111,BP21249,FMA50081,Right lateral frontobasal artery,396,251,25758,1779787489
FJ5112,BP28911,FMA49494,Lateral glandular branch of right superior thyroid artery,262,272,22925,1779787489
FJ5113,BP28790,FMA49552,Right lateral nasal artery,360,306,27344,1779787489
FJ5114,BP28801,FMA50586,Right calcarine artery,2052,1131,128315,1779787489
FJ5115,BP28722,FMA49872,Right lateral palpebral artery,1168,1027,95318,1779787489
FJ5116,BP28787,FMA49688,Right lesser palatine artery,644,623,54200,1779787489
FJ5117,BP29142,FMA30313,Trunk of right lingual artery,654,345,38985,1779787489
FJ5118,BP28713,FMA49872,Right long posterior ciliary artery,744,542,53792,1779787489
FJ5119,BP28793,FMA50168,Right mammillary artery,124,133,10962,1779787489
FJ5120,BP28747,FMA50722,Right marginal sinus,962,642,65418,1779787489
FJ5121,BP29090,FMA30313,Trunk of right masseteric artery,688,599,54447,1779787489
FJ5122,BP29186,FMA30313,Trunk of right maxillary artery,852,438,50440,1779787489
FJ5123,BP28804,FMA30314,Trunk of right maxillary vein,1398,701,82410,1779787489
FJ5124,BP28977,FMA30313,Trunk of medial branch of right superior cerebellar artery,354,342,30095,1779787489
FJ5125,BP23807,FMA50563,Medial branch of right pontine artery,356,328,29784,1779787489
FJ5126,BP21247,FMA50031,Right medial frontobasal artery,494,400,37240,1779787489
FJ5128,BP28823,FMA49872,Right medial palpebral artery,1710,1499,141716,1779787489
FJ5129,BP28796,FMA50031,Median commissural artery,454,629,50187,1779787489
FJ5130,BP28969,FMA30313,Trunk of meningeal branch of cavernous part of right internal carotid artery,308,281,24838,1779787489
FJ5131,BP28744,FMA49688,Right mental artery,1258,1085,99749,1779787489
FJ5132,BP23364,FMA50080,Sphenoid part of right middle cerebral artery,402,207,23380,1779787489
FJ5133,BP28980,FMA30313,Trunk of right middle meningeal artery,234,147,14822,1779787489
FJ5134,BP29157,FMA30313,Trunk of right middle cerebral artery,818,704,63997,1779787489
FJ5135,BP23792,FMA50080,Insular part of right middle cerebral artery,3170,1593,195241,1779787489
FJ5136,BP28687,FMA14317,Right middle temporal vein,7026,3719,460080,1779787489
FJ5137,BP29063,FMA30313,Trunk of right middle temporal artery,2886,1817,199131,1779787489
FJ5138,BP28786,FMA49688,Right mylohyoid artery,2578,1357,159935,1779787489
FJ5139,BP29260,FMA30313,Trunk of right occipital artery,3718,2531,267320,1779787489
FJ5140,BP28965,FMA50722,Occipital sinus,2016,1010,119315,1779787489
FJ5141,BP28904,FMA50722,Right occipital diploic vein,7446,3725,475671,1779787489
FJ5142,BP28773,FMA50586,Occipitotemporal branch of right medial occipital artery,1396,761,86066,1779787489
FJ5143,BP29191,FMA30313,Trunk of right ophthalmic artery,790,595,58265,1779787489
FJ5144,BP28798,FMA49688,Orbital branch of right middle meningeal artery,1268,667,76738,1779787489
FJ5148,BP28843,FMA49653,Parietal branch of right superficial temporal artery,3106,1911,212696,1779787489
FJ5149,BP28753,FMA49688,Parietal branch of right middle meningeal artery,9052,4718,592376,1779787489
FJ5150,BP28788,FMA50586,Parietal branch of right medial occipital artery,492,335,33867,1779787489
FJ5151,BP28827,FMA30313,Trunk of rightpericallosal artery,860,856,75817,1779787489
FJ5152,BP29349,FMA4943,Pericardial vein,5528,3099,366688,1779787489
FJ5153,BP28821,FMA49688,Peridental branch of right posterior superior alveolar artery,452,273,28805,1779787489
FJ5154,BP29558,FMA4767,Pharyngeal venous plexus,5932,4051,441843,1779787489
FJ5155,BP28963,FMA50722,Right pharyngeal vein,1264,641,74917,1779787489
FJ5156,BP28874,FMA30313,Trunk of right polar frontal artery,1060,550,63530,1779787489
FJ5157,BP28858,FMA30313,Trunk of right polar temporal artery,360,269,25572,1779787489
FJ5158,BP29053,FMA50722,Portal vein of hypophysis,66,78,6414,1779787489
FJ5160,BP28972,FMA49624,Right posterior auricular artery,2264,1335,148279,1779787489
FJ5161,BP23063,FMA50589,Postcommunicating part of right posterior cerebral artery,2022,1013,119950,1779787489
FJ5162,BP21058,FMA50084,Right posterior communicating artery,204,122,12447,1779787489
FJ5163,BP28860,FMA49491,Posterior glandular branch of right superior thyroid artery,304,205,20414,1779787489
FJ5164,BP28890,FMA30313,Trunk of right posterior lateral nasal artery,1498,1286,119907,1779787489
FJ5166,BP28735,FMA49503,Right posterior meningeal artery,342,240,23632,1779787489
FJ5167,BP21246,FMA50081,Right posterior parietal artery,1240,962,91946,1779787489
FJ5168,BP28895,FMA30313,Trunk of posterior septal branch of right sphenopalatine artery,356,234,23417,1779787489
FJ5169,BP28875,FMA49688,Right posterior superior alveolar artery,308,193,19725,1779787489
FJ5170,BP28956,FMA30313,Trunk of right posterior deep temporal artery,1456,1143,109355,1779787489
FJ5171,BP23792,FMA50080,Insular part of right middle cerebral artery,440,249,27114,1779787489
FJ5172,BP28773,FMA50586,Occipitotemporal branch of right medial occipital artery,1580,896,99909,1779787489
FJ5174,BP28681,FMA50722,Posterior vein of right septum pellucidum,218,188,16959,1779787489
FJ5175,BP29154,FMA50628,Posterolateral central branch of right posterior cerebral artery,516,495,44224,1779787489
FJ5176,BP28961,FMA50722,Dorsal medullary vein,300,266,23822,1779787489
FJ5177,BP28978,FMA50722,Precentral cerebellar vein,388,294,28109,1779787489
FJ5178,BP23085,FMA50589,Precommunicating part of right posterior cerebral artery,268,141,15529,1779787489
FJ5179,BP21259,FMA50081,Right prefrontal artery,2812,1535,178815,1779787489
FJ5180,BP28725,FMA50031,Right proximal medial striate artery,990,972,86859,1779787489
FJ5181,BP29026,FMA30313,Trunk of right pterygomeningeal artery,3232,1825,211988,1779787489
FJ5182,BP28917,FMA30313,Trunk of recurrent meningeal branch of right lacrimal artery,498,385,37144,1779787489
FJ5183,BP28714,FMA14317,Right retromandibular vein,4360,2182,273067,1779787489
FJ5184,BP29075,FMA30313,Trunk of right sphenopalatine artery,358,199,21545,1779787489
FJ5186,BP28769,FMA50722,Right sphenoparietal sinus,550,466,42634,1779787489
FJ5187,BP28863,FMA14325,Right sternocleidomastoid vein,420,345,32495,1779787489
FJ5188,BP28889,FMA49627,Right stylomastoid artery,578,522,47349,1779787489
FJ5189,BP29180,FMA30314,Trunk of right subclavian vein,576,290,33546,1779787489
FJ5190,BP28834,FMA49539,Right sublingual artery,310,366,29582,1779787489
FJ5191,BP28822,FMA50722,Right sublingual vein,688,544,51707,1779787489
FJ5192,BP28818,FMA49552,Right submental artery,616,587,51063,1779787489
FJ5193,BP28752,FMA50722,Right submental vein,1352,793,86504,1779787489
FJ5194,BP28746,FMA50722,Right superficial middle cerebral vein,3166,1618,196603,1779787489
FJ5195,BP28746,FMA50722,Right superficial middle cerebral vein,488,387,35992,1779787489
FJ5196,BP28746,FMA50722,Right superficial middle cerebral vein,418,386,34075,1779787489
FJ5197,BP29255,FMA30313,Trunk of right superficial temporal artery,2056,1276,137740,1779787489
FJ5198,BP28695,FMA14317,Right superficial temporal vein,14932,7819,986878,1779787489
FJ5199,BP29398,FMA30313,Trunk of right superior cerebellar artery,468,251,28000,1779787489
FJ5200,BP28689,FMA50722,Right superior choroid vein,406,330,30743,1779787489
FJ5201,BP28954,FMA49849,Right superior hypophyseal artery,534,614,51404,1779787489
FJ5202,BP28779,FMA49552,Right superior labial artery,748,644,58367,1779787489
FJ5203,BP28797,FMA50722,Right superior labial vein,870,587,60178,1779787489
FJ5204,BP28861,FMA49480,Right superior laryngeal artery,582,352,37279,1779787489
FJ5205,BP28750,FMA14324,Right superior laryngeal vein,668,471,47087,1779787489
FJ5206,BP28705,FMA49872,Right superior palpebral arch,314,338,29102,1779787489
FJ5207,BP28760,FMA50722,Right superior petrosal sinus,1386,697,81702,1779787489
FJ5209,BP28862,FMA30313,Trunk of right superior tympanic artery,852,436,50474,1779787489
FJ5210,BP29076,FMA50722,Superior vein of vermis,560,376,38082,1779787489
FJ5211,BP29076,FMA50722,Superior vein of vermis,230,315,23771,1779787489
FJ5212,BP28736,FMA49872,Right supra-orbital artery,380,273,26842,1779787489
FJ5213,BP28724,FMA49872,Right supratrochlear artery,496,340,34195,1779787489
FJ5214,BP22193,FMA50081,Temporo-occipital branch of right middle cerebral artery,1682,1307,125649,1779787489
FJ5215,BP29171,FMA30313,Trunk of tentorial basal branch of right internal carotid artery,508,470,41460,1779787489
FJ5216,BP29251,FMA30313,Trunk of tentorial marginal branch of right internal carotid artery,538,451,41362,1779787489
FJ5217,BP21066,FMA50586,Right thalamogeniculate artery,1524,1148,113549,1779787489
FJ5218,BP22194,FMA50586,Right thalamoperforating artery,362,352,31015,1779787489
FJ5219,BP28688,FMA50722,Right superior thalamostriate vein,314,272,24387,1779787489
FJ5220,BP28800,FMA50168,Right thalamotuberal artery,344,333,28851,1779787489
FJ5221,BP29264,FMA4747,Thymic vein,1460,885,94957,1779787489
FJ5222,BP28771,FMA50722,Right transverse sinus,2882,1443,176014,1779787489
FJ5223,BP29106,FMA30313,Trunk of right uncal artery,230,219,18679,1779787489
FJ5224,BP22195,FMA50518,Right posterior inferior cerebellar artery,240,356,26740,1779787489
FJ5225,BP22195,FMA50518,Right posterior inferior cerebellar artery,224,348,25621,1779787489
FJ5226,BP22195,FMA50518,Right posterior inferior cerebellar artery,286,261,23558,1779787489
FJ5227,BP22195,FMA50518,Right posterior inferior cerebellar artery,322,277,25572,1779787489
FJ5228,BP22195,FMA50518,Right posterior inferior cerebellar artery,84,122,9593,1779787489
FJ5229,BP22195,FMA50518,Right posterior inferior cerebellar artery,166,212,17176,1779787489
FJ5230,BP22195,FMA50518,Right posterior inferior cerebellar artery,736,821,68020,1779787489
FJ5231,BP28831,FMA14323,Right superior thyroid vein,3022,1884,208072,1779787489
FJ5232,BP28876,FMA50722,Superior sagittal sinus,12762,6383,822199,1779787489
FJ5234,BP28682,FMA50722,Vein of right caudate nucleus,608,472,44804,1779787489
FJ5796,BP21226,FMA14769,Anterior superior segmental hepatic artery,1296,654,76653,1779787489
FJ5812,BP23221,FMA61775,Caudate lobe tributary of left hepatic biliary tree,554,328,35417,1779787489
FJ5816,BP20866,FMA15794,Lateral inferior segmental tributary of left hepatic vein,516,274,30506,1779787489
FJ5819,BP23284,FMA61775,Medial inferior tributary of left hepatic biliary tree,812,469,50982,1779787489
FJ5826,BP21224,FMA14769,Posterior inferior segmental hepatic artery,1014,558,62488,1779787489
FJ5951,BP28933,FMA50720,Left posterior basal segmental bronchial artery,1748,876,102251,1779787489
FJ5952,BP28929,FMA50720,Left lateral basal segmental bronchial artery,100,86,7641,1779787489
FJ5953,BP28964,FMA50720,Left anterior basal segmental bronchial artery,2400,1270,147796,1779787489
FJ5954,BP28960,FMA50720,Left medial basal segmental bronchial artery,1274,691,77590,1779787489
FJ5955,BP28960,FMA50720,Left medial basal segmental bronchial artery,462,280,29454,1779787489
FJ5956,BP28964,FMA50720,Left anterior basal segmental bronchial artery,138,111,10080,1779787489
FJ5957,BP28964,FMA50720,Left anterior basal segmental bronchial artery,104,81,7450,1779787489
FJ5958,BP28990,FMA50720,Left superior segmental bronchial artery,590,347,37061,1779787489
FJ5959,BP28990,FMA50720,Left superior segmental bronchial artery,70,70,6023,1779787489
FJ5960,BP28990,FMA50720,Left superior segmental bronchial artery,138,100,9406,1779787489
FJ5961,BP28990,FMA50720,Left superior segmental bronchial artery,418,224,24705,1779787489
FJ5962,BP28933,FMA50720,Left posterior basal segmental bronchial artery,150,119,10880,1779787489
FJ5963,BP28990,FMA50720,Left superior segmental bronchial artery,134,92,8818,1779787489
FJ5964,BP28990,FMA50720,Left superior segmental bronchial artery,416,243,25726,1779787489
FJ5965,BP28990,FMA50720,Left superior segmental bronchial artery,136,96,9065,1779787489
FJ5966,BP29233,FMA50720,Inferior lingular bronchial artery,2100,1128,128523,1779787489
FJ5967,BP29233,FMA50720,Inferior lingular bronchial artery,394,213,23227,1779787489
FJ5968,BP29172,FMA50720,Superior lingular bronchial artery,1084,603,66810,1779787489
FJ5969,BP29172,FMA50720,Superior lingular bronchial artery,126,96,8795,1779787489
FJ5970,BP29172,FMA50720,Superior lingular bronchial artery,330,173,19003,1779787489
FJ5971,BP29172,FMA50720,Superior lingular bronchial artery,144,88,8800,1779787489
FJ5972,BP29012,FMA50720,Left anterior segmental bronchial artery,692,395,42983,1779787489
FJ5973,BP28933,FMA50720,Left posterior basal segmental bronchial artery,618,344,37773,1779787489
FJ5974,BP29012,FMA50720,Left anterior segmental bronchial artery,230,138,14068,1779787489
FJ5975,BP29012,FMA50720,Left anterior segmental bronchial artery,250,133,14320,1779787489
FJ5976,BP29012,FMA50720,Left anterior segmental bronchial artery,1010,543,61061,1779787489
FJ5977,BP29012,FMA50720,Left anterior segmental bronchial artery,194,136,13053,1779787489
FJ5978,BP29012,FMA50720,Left anterior segmental bronchial artery,794,441,48776,1779787489
FJ5979,BP29012,FMA50720,Left anterior segmental bronchial artery,120,93,8554,1779787489
FJ5980,BP29012,FMA50720,Left anterior segmental bronchial artery,212,138,13587,1779787489
FJ5981,BP29381,FMA13281,Apicoposterior segmental artery,322,186,19642,1779787489
FJ5982,BP29381,FMA13281,Apicoposterior segmental artery,248,145,14942,1779787489
FJ5983,BP29381,FMA13281,Apicoposterior segmental artery,164,112,10728,1779787489
FJ5984,BP28933,FMA50720,Left posterior basal segmental bronchial artery,92,78,7000,1779787489
FJ5985,BP29381,FMA13281,Apicoposterior segmental artery,422,233,25319,1779787489
FJ5986,BP29381,FMA13281,Apicoposterior segmental artery,162,115,10864,1779787489
FJ5987,BP29381,FMA13281,Apicoposterior segmental artery,202,132,12937,1779787489
FJ5988,BP29381,FMA13281,Apicoposterior segmental artery,220,132,13365,1779787489
FJ5989,BP28933,FMA50720,Left posterior basal segmental bronchial artery,560,335,35518,1779787489
FJ5990,BP28933,FMA50720,Left posterior basal segmental bronchial artery,262,167,16793,1779787489
FJ5991,BP28929,FMA50720,Left lateral basal segmental bronchial artery,1712,865,100556,1779787489
FJ5992,BP28929,FMA50720,Left lateral basal segmental bronchial artery,670,395,42341,1779787489
FJ5993,BP28929,FMA50720,Left lateral basal segmental bronchial artery,236,151,15035,1779787489
FJ5994,BP22893,FMA30314,Trunk of left superior pulmonary vein,416,210,23746,1779787489
FJ5995,BP29287,FMA50722,Apicoposterior segmental vein,220,133,13405,1779787489
FJ5996,BP29287,FMA50722,Apicoposterior segmental vein,336,176,19332,1779787489
FJ5997,BP29287,FMA50722,Apicoposterior segmental vein,390,246,25068,1779787489
FJ5998,BP29287,FMA50722,Apicoposterior segmental vein,156,107,10227,1779787489
FJ5999,BP20404,FMA13442,Left anterior segmental vein,474,241,27279,1779787489
FJ6000,BP20404,FMA13442,Left anterior segmental vein,246,155,15425,1779787489
FJ6001,BP20404,FMA13442,Left anterior segmental vein,150,94,9308,1779787489
FJ6002,BP22893,FMA30314,Trunk of left superior pulmonary vein,478,242,27459,1779787489
FJ6003,BP20302,FMA50722,Inferior lingular vein,282,173,17649,1779787489
FJ6004,BP20302,FMA50722,Inferior lingular vein,172,118,11303,1779787489
FJ6005,BP29287,FMA50722,Apicoposterior segmental vein,450,234,26130,1779787489
FJ6006,BP19599,FMA50722,Superior lingular vein,422,221,24534,1779787489
FJ6007,BP19599,FMA50722,Superior lingular vein,144,100,9547,1779787489
FJ6008,BP29135,FMA13445,Left superior segmental vein,528,290,31871,1779787489
FJ6009,BP29135,FMA13445,Left superior segmental vein,114,82,7802,1779787489
FJ6010,BP29135,FMA13445,Left superior segmental vein,152,87,8915,1779787489
FJ6011,BP29135,FMA13445,Left superior segmental vein,172,106,10524,1779787489
FJ6012,BP29135,FMA13445,Left superior segmental vein,172,107,10580,1779787489
FJ6013,BP22896,FMA30314,Trunk of left inferior pulmonary vein,314,164,18015,1779787489
FJ6014,BP20264,FMA13292,Posterior basal segmental vein,382,206,22624,1779787489
FJ6015,BP20264,FMA13292,Posterior basal segmental vein,184,115,11322,1779787489
FJ6016,BP29287,FMA50722,Apicoposterior segmental vein,190,98,10460,1779787489
FJ6017,BP20264,FMA13292,Posterior basal segmental vein,104,87,7829,1779787489
FJ6018,BP20264,FMA13292,Posterior basal segmental vein,192,114,11466,1779787489
FJ6019,BP22896,FMA30314,Trunk of left inferior pulmonary vein,332,168,18772,1779787489
FJ6020,BP20209,FMA13291,Lateral basal segmental vein,686,361,40584,1779787489
FJ6021,BP20209,FMA13291,Lateral basal segmental vein,160,99,9792,1779787489
FJ6022,BP20150,FMA13290,Anterior basal segmental vein,212,133,13182,1779787489
FJ6023,BP20150,FMA13290,Anterior basal segmental vein,102,82,7437,1779787489
FJ6024,BP22896,FMA30314,Trunk of left inferior pulmonary vein,564,284,32444,1779787489
FJ6025,BP21642,FMA13289,Medial basal segmental vein,598,321,35709,1779787489
FJ6026,BP21642,FMA13289,Medial basal segmental vein,168,111,10777,1779787489
FJ6027,BP29287,FMA50722,Apicoposterior segmental vein,308,181,18882,1779787489
FJ6028,BP21642,FMA13289,Medial basal segmental vein,510,280,30757,1779787489
FJ6029,BP21642,FMA13289,Medial basal segmental vein,138,104,9599,1779787489
FJ6030,BP29287,FMA50722,Apicoposterior segmental vein,266,139,15116,1779787489
FJ6031,BP29287,FMA50722,Apicoposterior segmental vein,228,129,13397,1779787489
FJ6032,BP29287,FMA50722,Apicoposterior segmental vein,138,86,8493,1779787489
FJ6033,BP29287,FMA50722,Apicoposterior segmental vein,156,97,9619,1779787489
FJ6034,BP29287,FMA50722,Apicoposterior segmental vein,166,109,10554,1779787489
FJ6035,BP22846,FMA268161,Pulmonary arterial trunk,5450,2727,341875,1779787489
FJ6036,BP22951,FMA30313,Pulmonary arterial trunk,1302,843,87578,1779787489
FJ6037,BP29125,FMA50720,Right apical segmental artery,362,236,23994,1779787489
FJ6038,BP29243,FMA13280,Right posterior segmental artery,96,86,7674,1779787489
FJ6039,BP29243,FMA13280,Right posterior segmental artery,82,88,7459,1779787489
FJ6040,BP29243,FMA13280,Right posterior segmental artery,732,406,45102,1779787489
FJ6041,BP29243,FMA13280,Right posterior segmental artery,136,103,9657,1779787489
FJ6042,BP29243,FMA13280,Right posterior segmental artery,238,168,16346,1779787489
FJ6043,BP22807,FMA30313,Pulmonary arterial trunk,492,317,32757,1779787489
FJ6044,BP22263,FMA13278,Right anterior segmental artery,304,167,18171,1779787489
FJ6045,BP22263,FMA13278,Right anterior segmental artery,242,164,16129,1779787489
FJ6046,BP22263,FMA13278,Right anterior segmental artery,74,80,6759,1779787489
FJ6047,BP22263,FMA13278,Right anterior segmental artery,180,126,12147,1779787489
FJ6048,BP29125,FMA50720,Right apical segmental artery,252,179,17433,1779787489
FJ6049,BP22263,FMA13278,Right anterior segmental artery,106,112,9465,1779787489
FJ6050,BP22263,FMA13278,Right anterior segmental artery,130,95,9010,1779787489
FJ6051,BP22263,FMA13278,Right anterior segmental artery,428,274,28215,1779787489
FJ6052,BP29298,FMA50720,Lateral segmental artery,494,287,30900,1779787489
FJ6053,BP29298,FMA50720,Lateral segmental artery,232,150,15004,1779787489
FJ6054,BP29279,FMA50722,Lateral segmental vein,62,71,5943,1779787489
FJ6055,BP29298,FMA50720,Lateral segmental artery,82,84,7195,1779787489
FJ6056,BP29386,FMA50720,Medial segmental artery,94,82,7340,1779787489
FJ6057,BP29386,FMA50720,Medial segmental artery,98,84,7553,1779787489
FJ6058,BP29386,FMA50720,Medial segmental artery,182,138,12913,1779787489
FJ6059,BP29125,FMA50720,Right apical segmental artery,626,371,39879,1779787489
FJ6060,BP29386,FMA50720,Medial segmental artery,610,317,36095,1779787489
FJ6061,BP29189,FMA50720,Right superior segmental artery,574,305,34286,1779787489
FJ6062,BP29189,FMA50720,Right superior segmental artery,146,133,11712,1779787489
FJ6063,BP29189,FMA50720,Right superior segmental artery,88,75,6818,1779787489
FJ6064,BP29189,FMA50720,Right superior segmental artery,320,217,21660,1779787489
FJ6065,BP29189,FMA50720,Right superior segmental artery,470,251,28079,1779787489
FJ6066,BP29189,FMA50720,Right superior segmental artery,210,118,12361,1779787489
FJ6067,BP29189,FMA50720,Right superior segmental artery,296,182,18807,1779787489
FJ6068,BP29189,FMA50720,Right superior segmental artery,256,164,16553,1779787489
FJ6069,BP29189,FMA50720,Right superior segmental artery,862,528,56406,1779787489
FJ6070,BP29125,FMA50720,Right apical segmental artery,204,148,14169,1779787489
FJ6071,BP29149,FMA50720,Right anterior basal segmental artery,418,239,25773,1779787489
FJ6072,BP29149,FMA50720,Right anterior basal segmental artery,146,110,10328,1779787489
FJ6073,BP29149,FMA50720,Right anterior basal segmental artery,318,223,21980,1779787489
FJ6074,BP29220,FMA50720,Right lateral basal segmental artery,188,113,11449,1779787489
FJ6075,BP29220,FMA50720,Right lateral basal segmental artery,420,257,26923,1779787489
FJ6076,BP29220,FMA50720,Right lateral basal segmental artery,1472,738,86926,1779787489
FJ6077,BP29220,FMA50720,Right lateral basal segmental artery,314,220,21580,1779787489
FJ6078,BP29152,FMA30313,Trunk of right lower lobar artery,814,465,51038,1779787489
FJ6079,BP29263,FMA50720,Right posterior basal segmental artery,156,116,10929,1779787489
FJ6080,BP29263,FMA50720,Right posterior basal segmental artery,64,71,5958,1779787489
FJ6081,BP29125,FMA50720,Right apical segmental artery,176,131,12333,1779787489
FJ6082,BP29263,FMA50720,Right posterior basal segmental artery,68,64,5685,1779787489
FJ6083,BP29263,FMA50720,Right posterior basal segmental artery,1514,862,95555,1779787489
FJ6084,BP29263,FMA50720,Right posterior basal segmental artery,646,384,41398,1779787489
FJ6085,BP29125,FMA50720,Right apical segmental artery,102,100,8573,1779787489
FJ6086,BP29125,FMA50720,Right apical segmental artery,860,522,56039,1779787489
FJ6087,BP29125,FMA50720,Right apical segmental artery,214,156,14897,1779787489
FJ6088,BP29243,FMA13280,Right posterior segmental artery,916,498,56104,1779787489
FJ6089,BP22857,FMA30314,Trunk of right superior pulmonary vein,348,177,19954,1779787489
FJ6090,BP29169,FMA13444,Right apical segmental vein,288,161,17207,1779787489
FJ6091,BP20545,FMA13443,Right posterior segmental vein,298,178,18656,1779787489
FJ6092,BP20545,FMA13443,Right posterior segmental vein,178,112,11165,1779787489
FJ6093,BP20545,FMA13443,Right posterior segmental vein,128,86,8366,1779787489
FJ6094,BP29169,FMA13444,Right apical segmental vein,118,91,8437,1779787489
FJ6095,BP29169,FMA13444,Right apical segmental vein,200,119,12153,1779787489
FJ6096,BP21702,FMA13442,Right anterior segmental vein,256,148,15534,1779787489
FJ6097,BP21702,FMA13442,Right anterior segmental vein,222,123,13044,1779787489
FJ6098,BP21702,FMA13442,Right anterior segmental vein,166,92,9638,1779787489
FJ6099,BP29295,FMA50722,Medial segmental vein,534,280,31626,1779787489
FJ6100,BP29169,FMA13444,Right apical segmental vein,218,124,12966,1779787489
FJ6101,BP29295,FMA50722,Medial segmental vein,494,272,30012,1779787489
FJ6102,BP29295,FMA50722,Medial segmental vein,108,80,7578,1779787489
FJ6103,BP29279,FMA50722,Lateral segmental vein,396,200,22706,1779787489
FJ6104,BP29279,FMA50722,Lateral segmental vein,228,118,12881,1779787489
FJ6105,BP29279,FMA50722,Lateral segmental vein,262,139,15113,1779787489
FJ6106,BP29295,FMA50722,Medial segmental vein,422,214,24364,1779787489
FJ6107,BP29295,FMA50722,Medial segmental vein,220,135,13770,1779787489
FJ6108,BP29295,FMA50722,Medial segmental vein,226,125,13253,1779787489
FJ6109,BP29203,FMA24551,Trunk of right common basal vein,198,106,11303,1779787489
FJ6110,BP29225,FMA24551,Trunk of right inferior basal vein,594,299,34518,1779787489
FJ6111,BP29169,FMA13444,Right apical segmental vein,202,129,12884,1779787489
FJ6112,BP22650,FMA13292,Right posterior basal segmental vein,244,151,15490,1779787489
FJ6113,BP22650,FMA13292,Right posterior basal segmental vein,96,91,7932,1779787489
FJ6114,BP22650,FMA13292,Right posterior basal segmental vein,164,106,10425,1779787489
FJ6115,BP22650,FMA13292,Right posterior basal segmental vein,164,111,10760,1779787489
FJ6116,BP20456,FMA13291,Right lateral basal segmental vein,216,131,13367,1779787489
FJ6117,BP20456,FMA13291,Right lateral basal segmental vein,170,105,10575,1779787489
FJ6118,BP22650,FMA13292,Right posterior basal segmental vein,326,173,19091,1779787489
FJ6119,BP29239,FMA24551,Trunk of right superior basal vein,556,284,32584,1779787489
FJ6120,BP22533,FMA13445,Right superior segmental vein,372,215,23033,1779787489
FJ6121,BP22533,FMA13445,Right superior segmental vein,106,83,7697,1779787489
FJ6122,BP29169,FMA13444,Right apical segmental vein,146,95,9375,1779787489
FJ6123,BP22533,FMA13445,Right superior segmental vein,192,126,12427,1779787489
FJ6124,BP22533,FMA13445,Right superior segmental vein,116,82,7859,1779787489
FJ6125,BP22650,FMA13292,Right posterior basal segmental vein,190,104,10952,1779787489
FJ6126,BP22650,FMA13292,Right posterior basal segmental vein,126,91,8706,1779787489
FJ6127,BP22650,FMA13292,Right posterior basal segmental vein,156,87,9108,1779787489
FJ6128,BP20456,FMA13291,Right lateral basal segmental vein,428,231,25583,1779787489
FJ6129,BP19781,FMA13290,Right anterior basal segmental vein,220,132,13521,1779787489
FJ6130,BP19781,FMA13290,Right anterior basal segmental vein,146,85,8774,1779787489
FJ6131,BP19781,FMA13290,Right anterior basal segmental vein,166,105,10452,1779787489
FJ6132,BP22650,FMA13292,Right posterior basal segmental vein,132,100,9309,1779787489
FJ6133,BP29169,FMA13444,Right apical segmental vein,218,130,13395,1779787489
FJ6134,BP22650,FMA13292,Right posterior basal segmental vein,136,99,9359,1779787489
FJ6135,BP20456,FMA13291,Right lateral basal segmental vein,136,94,9096,1779787489
FJ6136,BP29169,FMA13444,Right apical segmental vein,228,117,12789,1779787489
FJ6137,BP29169,FMA13444,Right apical segmental vein,146,93,9193,1779787489
FJ6138,BP29169,FMA13444,Right apical segmental vein,380,195,21942,1779787489
FJ6139,BP29169,FMA13444,Right apical segmental vein,278,162,17065,1779787489
FJ6140,BP22843,FMA268161,Trunk of right pulmonary artery,678,341,39397,1779787489
FJ6164,BP20058,FMA30313,Trunk of anterior interventricular branch of left coronary artery,3032,1550,186772,1779787489
FJ6182,BP29393,FMA30313,Trunk of circumflex branch of left coronary artery,1380,692,80715,1779787489
FJ6272,BP21859,FMA61775,Xiphoid process,914,488,55258,1779787489
FJ6295,BP23663,FMA12519,Atlas,2038,1391,143828,1779787489
FJ6296,BP23565,FMA12520,Axis,2282,1536,161163,1779787489
FJ6297,BP21544,FMA45734,Body of sternum,4610,3637,369467,1779787489
FJ6298,BP20280,FMA23914,Distal phalanx of left thumb,238,179,16823,1779787489
FJ6303,BP20194,FMA23914,Distal phalanx of right index finger,260,185,17791,1779787489
FJ6305,BP20237,FMA24493,Distal phalanx of right little toe,222,163,15533,1779787489
FJ6306,BP20160,FMA23914,Distal phalanx of right middle finger,186,162,14442,1779787489
FJ6307,BP20048,FMA23914,Distal phalanx of right ring finger,164,144,12765,1779787489
FJ6308,BP23933,FMA23914,Distal phalanx of right thumb,236,179,16996,1779787489
FJ6309,BP23248,FMA5018,Ethmoid,22348,11662,1493867,1779787489
FJ6310,BP22997,FMA5018,Frontal bone,14448,8399,999177,1779787489
FJ6347,BP23283,FMA13321,Left clavicle,1166,595,68634,1779787489
FJ6349,BP23197,FMA23463,Left radius,642,382,40665,1779787489
FJ6354,BP23703,FMA23900,Left second metacarpal bone,738,401,44630,1779787489
FJ6355,BP23753,FMA24492,Left second metatarsal bone,752,467,49241,1779787489
FJ6357,BP23394,FMA23901,Left third metacarpal bone,692,409,43851,1779787489
FJ6358,BP23506,FMA24492,Left third metatarsal bone,700,399,43619,1779787489
FJ6360,BP23535,FMA23902,Left fourth metacarpal bone,528,320,33594,1779787489
FJ6361,BP23526,FMA24492,Left fourth metatarsal bone,674,403,43185,1779787489
FJ6363,BP23700,FMA23903,Left fifth metacarpal bone,500,272,29830,1779787489
FJ6364,BP23673,FMA24492,Left fifth metatarsal bone,794,431,48518,1779787489
FJ6367,BP23573,FMA24491,Left calcaneus,1262,729,80005,1779787489
FJ6368,BP20065,FMA23727,Left capitate,430,264,27439,1779787489
FJ6369,BP23392,FMA24491,Left cuboid bone,842,506,54279,1779787489
FJ6370,BP23028,FMA24475,Left femur,3116,1577,190909,1779787489
FJ6371,BP24067,FMA24479,Left fibula,1148,599,68767,1779787489
FJ6372,BP23940,FMA23730,Left hamate,434,281,28580,1779787489
FJ6373,BP24066,FMA13303,Left humerus,3734,2163,248532,1779787489
FJ6374,BP22607,FMA5018,Left inferior nasal concha,738,477,48935,1779787489
FJ6375,BP20273,FMA24491,Left intermediate cuneiform bone,450,291,29885,1779787489
FJ6376,BP23042,FMA5018,Left lacrimal bone,634,390,40747,1779787489
FJ6377,BP23738,FMA32672,Sesamoid bone of left foot,96,86,7663,1779787489
FJ6378,BP23844,FMA24491,Left lateral cuneiform bone,652,402,42463,1779787489
FJ6379,BP20080,FMA23712,Left lunate,216,160,15038,1779787489
FJ6380,BP23755,FMA5018,Left maxilla,5086,3460,373338,1779787489
FJ6381,BP23738,FMA32672,Sesamoid bone of left foot,84,78,6907,1779787489
FJ6382,BP20096,FMA24491,Left medial cuneiform bone,952,615,63968,1779787489
FJ6383,BP23333,FMA5018,Left nasal bone,500,295,31471,1779787489
FJ6384,BP23315,FMA5018,Left palatine bone,1844,1137,121176,1779787489
FJ6385,BP23158,FMA5018,Left parietal bone,13152,8343,952874,1779787489
FJ6386,BP23711,FMA24485,Left patella,308,178,18693,1779787489
FJ6387,BP20149,FMA23718,Left pisiform,140,92,8882,1779787489
FJ6391,BP23760,FMA5018,Left temporal bone,4908,2973,337444,1779787489
FJ6392,BP23290,FMA24476,Left tibia,1688,873,100549,1779787489
FJ6393,BP19561,FMA23721,Left trapezium,350,233,23288,1779787489
FJ6394,BP20158,FMA23724,Left trapezoid,342,264,24860,1779787489
FJ6395,BP23878,FMA23715,Left triquetral,228,159,15320,1779787489
FJ6396,BP23154,FMA23466,Left ulna,824,515,53897,1779787489
FJ6397,BP23337,FMA5018,Left zygomatic bone,1610,972,104087,1779787489
FJ6398,BP29615,FMA14065,Bony part of left hip bone,2314,1247,143356,1779787489
FJ6399,BP22817,FMA5018,Mandible,5544,2824,352501,1779787489
FJ6400,BP22794,FMA10483,Manubrium,2526,1448,163783,1779787489
FJ6401,BP20072,FMA23914,Middle phalanx of right ring finger,344,211,21793,1779787489
FJ6403,BP20088,FMA24493,Middle phalanx of right third toe,300,185,19089,1779787489
FJ6404,BP19670,FMA24493,Middle phalanx of right fourth toe,266,177,17655,1779787489
FJ6405,BP20064,FMA23914,Middle phalanx of right index finger,296,182,18650,1779787489
FJ6406,BP20229,FMA23914,Middle phalanx of right little finger,206,163,14951,1779787489
FJ6407,BP19693,FMA230984,Middle phalanx of right little toe,158,109,10584,1779787489
FJ6408,BP20057,FMA23914,Middle phalanx of right middle finger,338,216,21917,1779787489
FJ6409,BP23683,FMA24491,Navicular bone of left foot,708,471,48287,1779787489
FJ6410,BP24109,FMA24491,Navicular bone of right foot,698,446,46847,1779787489
FJ6411,BP21571,FMA5018,Occipital bone,12382,6947,838243,1779787489
FJ6412,BP29493,FMA10483,Perpendicular plate of ethmoid,4856,2450,308496,1779787489
FJ6414,BP19568,FMA23914,Proximal phalanx of left thumb,314,209,20816,1779787489
FJ6415,BP20697,FMA24493,Proximal phalanx of right second toe,422,246,26362,1779787489
FJ6416,BP20195,FMA24493,Proximal phalanx of right third toe,434,273,28354,1779787489
FJ6417,BP20063,FMA24493,Proximal phalanx of right fourth toe,364,238,24212,1779787489
FJ6419,BP20215,FMA23914,Proximal phalanx of right little finger,322,210,21105,1779787489
FJ6421,BP20136,FMA23914,Proximal phalanx of right middle finger,452,252,27392,1779787489
FJ6422,BP20098,FMA23914,Proximal phalanx of right ring finger,372,224,23387,1779787489
FJ6423,BP23922,FMA23914,Proximal phalanx of right thumb,312,199,20269,1779787489
FJ6443,BP23239,FMA23463,Right radius,656,385,41669,1779787489
FJ6444,BP23353,FMA23899,Right first metacarpal bone,576,309,34587,1779787489
FJ6445,BP23412,FMA24492,Right first metatarsal bone,1124,605,69227,1779787489
FJ6446,BP23440,FMA23900,Right second metacarpal bone,736,414,45670,1779787489
FJ6447,BP23620,FMA24492,Right second metatarsal bone,750,493,51355,1779787489
FJ6449,BP23610,FMA24492,Right third metatarsal bone,698,409,44673,1779787489
FJ6450,BP23371,FMA23902,Right fourth metacarpal bone,528,327,34357,1779787489
FJ6452,BP23729,FMA23903,Right fifth metacarpal bone,498,287,31136,1779787489
FJ6453,BP23705,FMA24492,Right fifth metatarsal bone,792,420,48044,1779787489
FJ6454,BP23541,FMA24491,Right calcaneus,1258,740,81371,1779787489
FJ6455,BP20134,FMA23727,Right capitate,428,256,27100,1779787489
FJ6459,BP23346,FMA24474,Right femur,3106,1568,191588,1779787489
FJ6460,BP23268,FMA24479,Right fibula,1144,585,68361,1779787489
FJ6461,BP23822,FMA23730,Right hamate,462,301,30854,1779787489
FJ6462,BP23164,FMA13303,Right humerus,3710,2181,250464,1779787489
FJ6463,BP23235,FMA5018,Right inferior nasal concha,714,570,54387,1779787489
FJ6465,BP23129,FMA5018,Right lacrimal bone,554,348,36331,1779787489
FJ6467,BP23841,FMA23712,Right lunate,332,196,20718,1779787489
FJ6468,BP23661,FMA5018,Right maxilla,5358,3549,391779,1779787489
FJ6470,BP23260,FMA5018,Right nasal bone,468,275,29437,1779787489
FJ6471,BP23317,FMA5018,Right palatine bone,1868,1162,124795,1779787489
FJ6472,BP23064,FMA5018,Right parietal bone,12944,7985,923950,1779787489
FJ6473,BP23756,FMA24485,Right patella,306,178,18851,1779787489
FJ6474,BP19634,FMA23718,Right pisiform,190,110,11322,1779787489
FJ6475,BP20164,FMA23709,Right scaphoid,322,195,20237,1779787489
FJ6477,BP23520,FMA24482,Right talus,1376,816,89556,1779787489
FJ6478,BP23685,FMA5018,Right temporal bone,4904,3065,346424,1779787489
FJ6479,BP23255,FMA24476,Right tibia,1680,859,100353,1779787489
FJ6480,BP20135,FMA23721,Right trapezium,434,277,28569,1779787489
FJ6481,BP20286,FMA23715,Right triquetral,170,139,12716,1779787489
FJ6482,BP23195,FMA23466,Right ulna,818,500,53314,1779787489
FJ6483,BP23110,FMA5018,Right zygomatic bone,1508,910,97847,1779787489
FJ6484,BP22840,FMA16202,Sacrum,9844,5251,649248,1779787489
FJ6485,BP23082,FMA5018,Sphenoid bone,8034,4920,566968,1779787489
FJ6486,BP21578,FMA5018,Vomer,7102,3559,455385,1779787489
FJ6487,BP22903,FMA55107,Cricoid cartilage,1702,913,103721,1779787489
FJ6488,BP23127,FMA12224,Inferior lingular bronchial tree,1140,633,70071,1779787489
FJ6489,BP23127,FMA12224,Inferior lingular bronchial tree,214,133,13346,1779787489
FJ6490,BP20074,FMA12224,Left anterior basal segmental bronchial tree,734,425,45953,1779787489
FJ6491,BP20074,FMA12224,Left anterior basal segmental bronchial tree,296,188,19006,1779787489
FJ6492,BP20074,FMA12224,Left anterior basal segmental bronchial tree,300,184,18851,1779787489
FJ6493,BP20074,FMA12224,Left anterior basal segmental bronchial tree,92,78,6999,1779787489
FJ6494,BP20074,FMA12224,Left anterior basal segmental bronchial tree,140,107,9877,1779787489
FJ6495,BP23746,FMA12224,Left anterior segmental bronchial tree,442,266,28030,1779787489
FJ6496,BP23746,FMA12224,Left anterior segmental bronchial tree,420,242,25900,1779787489
FJ6497,BP23746,FMA12224,Left anterior segmental bronchial tree,194,162,14535,1779787489
FJ6498,BP23746,FMA12224,Left anterior segmental bronchial tree,84,92,7636,1779787489
FJ6499,BP23746,FMA12224,Left anterior segmental bronchial tree,108,82,7620,1779787489
FJ6500,BP23746,FMA12224,Left anterior segmental bronchial tree,116,101,8927,1779787489
FJ6501,BP23746,FMA12224,Left anterior segmental bronchial tree,116,116,9856,1779787489
FJ6502,BP23746,FMA12224,Left anterior segmental bronchial tree,136,117,10362,1779787489
FJ6503,BP29521,FMA12224,Apicoposterior segmental bronchial tree,572,335,35856,1779787489
FJ6504,BP29521,FMA12224,Apicoposterior segmental bronchial tree,214,142,13945,1779787489
FJ6505,BP29521,FMA12224,Apicoposterior segmental bronchial tree,136,99,9277,1779787489
FJ6506,BP29521,FMA12224,Apicoposterior segmental bronchial tree,126,106,9511,1779787489
FJ6507,BP29521,FMA12224,Apicoposterior segmental bronchial tree,144,93,9098,1779787489
FJ6508,BP29521,FMA12224,Apicoposterior segmental bronchial tree,94,71,6621,1779787489
FJ6509,BP19566,FMA12224,Left lateral basal segmental bronchial tree,628,356,38714,1779787489
FJ6510,BP19566,FMA12224,Left lateral basal segmental bronchial tree,154,129,11543,1779787489
FJ6511,BP19566,FMA12224,Left lateral basal segmental bronchial tree,280,166,17224,1779787489
FJ6512,BP19566,FMA12224,Left lateral basal segmental bronchial tree,68,70,5970,1779787489
FJ6513,BP20092,FMA12224,Left posterior basal segmental bronchial tree,726,413,45012,1779787489
FJ6514,BP20092,FMA12224,Left posterior basal segmental bronchial tree,258,163,16413,1779787489
FJ6515,BP20092,FMA12224,Left posterior basal segmental bronchial tree,108,86,7816,1779787489
FJ6516,BP20092,FMA12224,Left posterior basal segmental bronchial tree,210,140,13644,1779787489
FJ6517,BP20092,FMA12224,Left posterior basal segmental bronchial tree,58,78,6197,1779787489
FJ6518,BP20092,FMA12224,Left posterior basal segmental bronchial tree,106,109,9179,1779787489
FJ6519,BP29521,FMA12224,Apicoposterior segmental bronchial tree,286,173,17834,1779787489
FJ6520,BP29521,FMA12224,Apicoposterior segmental bronchial tree,86,80,6994,1779787489
FJ6521,BP29521,FMA12224,Apicoposterior segmental bronchial tree,64,68,5756,1779787489
FJ6522,BP23530,FMA12224,Left superior segmental bronchial tree,446,261,27771,1779787489
FJ6523,BP23530,FMA12224,Left superior segmental bronchial tree,208,136,13378,1779787489
FJ6524,BP23530,FMA12224,Left superior segmental bronchial tree,108,94,8299,1779787489
FJ6525,BP23530,FMA12224,Left superior segmental bronchial tree,106,88,7892,1779787489
FJ6526,BP23530,FMA12224,Left superior segmental bronchial tree,128,97,8988,1779787489
FJ6527,BP23530,FMA12224,Left superior segmental bronchial tree,92,83,7285,1779787489
FJ6528,BP23530,FMA12224,Left superior segmental bronchial tree,60,75,6107,1779787489
FJ6529,BP23125,FMA12224,Lateral segmental bronchial tree,858,493,54042,1779787489
FJ6530,BP23125,FMA12224,Lateral segmental bronchial tree,734,472,49089,1779787489
FJ6531,BP23125,FMA12224,Lateral segmental bronchial tree,2456,1431,160739,1779787489
FJ6532,BP23125,FMA12224,Lateral segmental bronchial tree,472,323,32469,1779787489
FJ6533,BP23336,FMA12224,Left main bronchus,4136,2293,270666,1779787489
FJ6534,BP23098,FMA12224,Medial segmental bronchial tree,370,199,21906,1779787489
FJ6535,BP23098,FMA12224,Medial segmental bronchial tree,2026,1028,120835,1779787489
FJ6536,BP23098,FMA12224,Medial segmental bronchial tree,1276,645,75506,1779787489
FJ6537,BP23098,FMA12224,Medial segmental bronchial tree,586,311,35006,1779787489
FJ6538,BP20219,FMA12224,Right anterior basal segmental bronchial tree,528,306,33130,1779787489
FJ6539,BP20219,FMA12224,Right anterior basal segmental bronchial tree,1428,865,93271,1779787489
FJ6540,BP20219,FMA12224,Right anterior basal segmental bronchial tree,304,209,20683,1779787489
FJ6541,BP24079,FMA12224,Right anterior segmental bronchial tree,390,239,24995,1779787489
FJ6542,BP24079,FMA12224,Right anterior segmental bronchial tree,2350,1285,148358,1779787489
FJ6543,BP24079,FMA12224,Right anterior segmental bronchial tree,836,493,53491,1779787489
FJ6544,BP24079,FMA12224,Right anterior segmental bronchial tree,286,195,19356,1779787489
FJ6545,BP24079,FMA12224,Right anterior segmental bronchial tree,340,229,23013,1779787489
FJ6546,BP24079,FMA12224,Right anterior segmental bronchial tree,770,449,48862,1779787489
FJ6547,BP24079,FMA12224,Right anterior segmental bronchial tree,636,380,40789,1779787489
FJ6548,BP23435,FMA12224,Right apical segmental bronchial tree,346,191,20774,1779787489
FJ6549,BP23435,FMA12224,Right apical segmental bronchial tree,1480,748,87760,1779787489
FJ6550,BP23435,FMA12224,Right apical segmental bronchial tree,882,544,58085,1779787489
FJ6551,BP23435,FMA12224,Right apical segmental bronchial tree,600,378,39634,1779787489
FJ6552,BP23435,FMA12224,Right apical segmental bronchial tree,208,149,14266,1779787489
FJ6553,BP23435,FMA12224,Right apical segmental bronchial tree,222,125,13130,1779787489
FJ6554,BP23435,FMA12224,Right apical segmental bronchial tree,198,113,11722,1779787489
FJ6555,BP23435,FMA12224,Right apical segmental bronchial tree,170,125,11818,1779787489
FJ6556,BP20266,FMA12224,Right lateral basal segmental bronchial tree,522,315,33504,1779787489
FJ6557,BP20266,FMA12224,Right lateral basal segmental bronchial tree,372,199,21982,1779787489
FJ6558,BP20266,FMA12224,Right lateral basal segmental bronchial tree,1270,656,76130,1779787489
FJ6559,BP20266,FMA12224,Right lateral basal segmental bronchial tree,252,141,14999,1779787489
FJ6560,BP29204,FMA12224,Mediobasal part of right posterior basal segmental bronchial tree,170,115,11266,1779787489
FJ6561,BP29204,FMA12224,Mediobasal part of right posterior basal segmental bronchial tree,662,352,39756,1779787489
FJ6562,BP29160,FMA12224,Laterobasal part of right posterior basal segmental bronchial tree,590,349,37429,1779787489
FJ6563,BP29160,FMA12224,Laterobasal part of right posterior basal segmental bronchial tree,846,487,53520,1779787489
FJ6564,BP29160,FMA12224,Laterobasal part of right posterior basal segmental bronchial tree,250,171,16870,1779787489
FJ6565,BP29160,FMA12224,Laterobasal part of right posterior basal segmental bronchial tree,170,101,10334,1779787489
FJ6566,BP29160,FMA12224,Laterobasal part of right posterior basal segmental bronchial tree,1448,838,92414,1779787489
FJ6567,BP29160,FMA12224,Laterobasal part of right posterior basal segmental bronchial tree,618,377,40133,1779787489
FJ6568,BP23453,FMA12224,Right posterior segmental bronchial tree,478,282,30136,1779787489
FJ6569,BP23453,FMA12224,Right posterior segmental bronchial tree,1918,976,114540,1779787489
FJ6570,BP23453,FMA12224,Right posterior segmental bronchial tree,456,243,27082,1779787489
FJ6571,BP23453,FMA12224,Right posterior segmental bronchial tree,212,117,12370,1779787489
FJ6572,BP23453,FMA12224,Right posterior segmental bronchial tree,224,122,13079,1779787489
FJ6573,BP23453,FMA12224,Right posterior segmental bronchial tree,156,96,9718,1779787489
FJ6574,BP23510,FMA12224,Right superior segmental bronchial tree,516,322,33627,1779787489
FJ6575,BP23510,FMA12224,Right superior segmental bronchial tree,2752,1483,174326,1779787489
FJ6576,BP23510,FMA12224,Right superior segmental bronchial tree,866,520,56014,1779787489
FJ6577,BP23510,FMA12224,Right superior segmental bronchial tree,294,206,20209,1779787489
FJ6578,BP23510,FMA12224,Right superior segmental bronchial tree,660,403,42756,1779787489
FJ6579,BP23510,FMA12224,Right superior segmental bronchial tree,266,175,17556,1779787489
FJ6580,BP23510,FMA12224,Right superior segmental bronchial tree,1456,828,91726,1779787489
FJ6581,BP23510,FMA12224,Right superior segmental bronchial tree,554,322,34806,1779787489
FJ6582,BP23510,FMA12224,Right superior segmental bronchial tree,282,151,16442,1779787489
FJ6583,BP29545,FMA12224,Right main bronchus,4468,2592,301741,1779787489
FJ6584,BP23363,FMA12224,Superior lingular bronchial tree,368,223,23156,1779787489
FJ6585,BP23363,FMA12224,Superior lingular bronchial tree,136,108,9863,1779787489
FJ6586,BP23363,FMA12224,Superior lingular bronchial tree,74,88,7152,1779787489
FJ6587,BP23363,FMA12224,Superior lingular bronchial tree,88,88,7490,1779787489
FJ6588,BP21463,FMA12224,Trachea,4996,2599,320216,1779787489
FJ6595,BP29575,FMA14065,Parenchyma of apicoposterior bronchopulmonary segment,5166,3145,356573,1779787489
FJ6596,BP29487,FMA14065,Parenchyma of left posterior basal bronchopulmonary segment,8202,5523,607043,1779787489
FJ6597,BP29575,FMA14065,Parenchyma of apicoposterior bronchopulmonary segment,5126,3923,403728,1779787489
FJ6598,BP29550,FMA14065,Parenchyma of left anterior bronchopulmonary segment,8200,6309,650344,1779787489
FJ6599,BP29590,FMA14065,Parenchyma of superior lingular bronchopulmonary segment,7566,5632,591004,1779787489
FJ6600,BP29587,FMA14065,Parenchyma of inferior lingular bronchopulmonary segment,5824,4812,476848,1779787489
FJ6601,BP29498,FMA14065,Parenchyma of left superior bronchopulmonary segment,6168,4909,498779,1779787489
FJ6602,BP29515,FMA14065,Parenchyma of left anterior basal bronchopulmonary segment,11148,8092,862700,1779787489
FJ6603,BP29514,FMA14065,Parenchyma of left lateral basal bronchopulmonary segment,7690,5157,567473,1779787489
FJ6604,BP29492,FMA14065,Parenchyma of right apical bronchopulmonary segment,7396,5325,569291,1779787489
FJ6605,BP29485,FMA14065,Parenchyma of right posterior basal bronchopulmonary segment,6322,4247,468247,1779787489
FJ6606,BP29504,FMA14065,Parenchyma of right posterior bronchopulmonary segment,7300,6672,648179,1779787489
FJ6607,BP29503,FMA14065,Parenchyma of right anterior bronchopulmonary segment,9526,7244,759853,1779787489
FJ6608,BP29599,FMA14065,Parenchyma of lateral bronchopulmonary segment,7734,6601,658350,1779787489
FJ6609,BP29561,FMA14065,Parenchyma of medial bronchopulmonary segment,7784,5144,572844,1779787489
FJ6610,BP29499,FMA14065,Parenchyma of right superior bronchopulmonary segment,6602,5590,558865,1779787489
FJ6611,BP29497,FMA14065,Parenchyma of right anterior basal bronchopulmonary segment,9116,6494,700326,1779787489
FJ6612,BP29520,FMA14065,Parenchyma of right lateral basal bronchopulmonary segment,9506,6674,727304,1779787489
FJ6613,BP23366,FMA55107,Left lateral nasal cartilage,9094,4909,599104,1779787489
FJ6614,BP23944,FMA55107,Left major alar cartilage,430,248,26393,1779787489
FJ6615,BP23348,FMA55107,Right lateral nasal cartilage,9516,5120,631962,1779787489
FJ6616,BP23263,FMA55107,Right major alar cartilage,388,239,24845,1779787489
FJ6617,BP23119,FMA55107,Septal nasal cartilage,3602,2992,298034,1779787489
FJ7211,BP29441,FMA10474,Left inguinal ligament,5932,3348,396136,1779787489
FJ7248,BP29457,FMA21496,Left stylomandibular ligament,1216,753,79690,1779787489
FJ7307,BP29444,FMA10474,Right inguinal ligament,5932,3324,397800,1779787489
FJ7347,BP29436,FMA21496,Right stylomandibular ligament,1252,761,81952,1779787489
FJ7443,BP29565,FMA23000,Skin of umbilicus,226,115,12596,1779787489
FJ7445,BP29620,FMA266054,Falx cerebri,24984,14183,1776053,1779787489
FJ7446,BP29614,FMA266041,Right half of tentorium cerebelli,24420,17179,1893839,1779787489
FJ7462,BP29843,FMA256237,Left precuneus,8632,5006,588772,1779787489
FJ7462M,BP29846,FMA256237,Right precuneus,8632,4964,592772,1779787489
FJ7463,BP20880,FMA256237,Left superior parietal lobule,11632,7090,820430,1779787489
FJ7463M,BP20869,FMA256237,Right superior parietal lobule,11632,7044,824508,1779787489
FJ7465,BP29833,FMA256194,Left anterior orbital gyrus,10090,5776,686711,1779787489
FJ7465M,BP29827,FMA256194,Right anterior orbital gyrus,10090,5765,692893,1779787489
FJ7466,BP29828,FMA256194,Left lateral orbital gyrus,8840,4898,589848,1779787489
FJ7466M,BP29831,FMA256194,Right lateral orbital gyrus,8840,4878,593697,1779787489
FJ7467,BP29830,FMA256194,Left medial orbital gyrus,9508,5438,646024,1779787489
FJ7467M,BP29834,FMA256194,Right medial orbital gyrus,9508,5422,651211,1779787489
FJ7468,BP29829,FMA256194,Left posterior orbital gyrus,8566,4998,586013,1779787489
FJ7468M,BP29832,FMA256194,Right posterior orbital gyrus,8566,4973,589596,1779787489
FJ7469,BP29848,FMA256237,Left straight gyrus,12802,7351,875541,1779787489
FJ7469M,BP29838,FMA256237,Right straight gyrus,12802,7305,881817,1779787489
FJ7470,BP20829,FMA256237,Left cingulate gyrus,40600,20712,2784791,1779787489
FJ7470M,BP21974,FMA256237,Right cingulate gyrus,40600,20654,2803378,1779787489
FJ7471,BP29835,FMA256237,Left cuneus,13372,7351,895853,1779787489
FJ7471M,BP29836,FMA256237,Right cuneus,13372,7321,903278,1779787489
FJ7472,BP20995,FMA256237,Left fusiform gyrus,26110,15199,1855199,1779787489
FJ7472M,BP24018,FMA256237,Right fusiform gyrus,26110,15147,1866312,1779787489
FJ7473,BP22696,FMA256237,Left inferior temporal gyrus,30002,16295,2078459,1779787489
FJ7473M,BP20982,FMA256237,Right inferior temporal gyrus,30002,16191,2084625,1779787489
FJ7474,BP29841,FMA256237,Left lateral occipital gyrus,18146,10818,1272061,1779787489
FJ7474M,BP29840,FMA256237,Right lateral occipital gyrus,18146,10709,1274757,1779787489
FJ7475,BP29837,FMA256237,Left lingual gyrus,9370,5536,646920,1779787489
FJ7475M,BP29845,FMA256237,Right lingual gyrus,9370,5515,651750,1779787489
FJ7476,BP22707,FMA256237,Left parahippocampal gyrus,8324,4675,558891,1779787489
FJ7476M,BP20836,FMA256237,Right parahippocampal gyrus,8324,4661,563332,1779787489
FJ7478,BP29852,FMA256237,Left superior occipital gyrus,12714,7365,872282,1779787489
FJ7478M,BP29851,FMA256237,Right superior occipital gyrus,12714,7331,876708,1779787489
FJ7479,BP29847,FMA256237,Left superior temporal gyrus,13278,7115,879793,1779787489
FJ7479M,BP29842,FMA256237,Right superior temporal gyrus,13278,7108,885407,1779787489
FJ7481,BP29897,FMA223151,Right substantia nigra,11828,5957,764395,1779787489
FJ7481M,BP29892,FMA223151,Left substantia nigra,11828,5955,758141,1779787489
FJ7482,BP29871,FMA223151,Right subthalamic nucleus,2920,1462,178447,1779787489
FJ7482M,BP29878,FMA223151,Left subthalamic nucleus,2920,1464,177207,1779787489
FJ7483,BP29855,FMA223151,Left anterior nucleus of hypothalamus,12600,6316,810622,1779787489
FJ7483M,BP29865,FMA223151,Right anterior nucleus of hypothalamus,12600,6316,816833,1779787489
FJ7484,BP29855,FMA223151,Left anterior nucleus of hypothalamus,2464,1260,149591,1779787489
FJ7484M,BP29865,FMA223151,Right anterior nucleus of hypothalamus,2464,1262,151008,1779787489
FJ7485,BP23808,FMA49443,Mammillary body,204,104,11236,1779787489
FJ7485M,BP23808,FMA49443,Mammillary body,204,104,11309,1779787489
FJ7486,BP29881,FMA49443,Left mammillothalamic tract of hypothalamus,596,359,37891,1779787489
FJ7486M,BP29856,FMA49443,Right mammillothalamic tract of hypothalamus,596,359,38216,1779787489
FJ7487,BP29876,FMA223151,Left red nucleus,762,384,44194,1779787489
FJ7487M,BP29879,FMA223151,Right red nucleus,762,385,44641,1779787489
FJ7488,BP29859,FMA223151,Left arcuate nucleus of hypothalamus,912,458,53840,1779787489
FJ7488M,BP29873,FMA223151,Right arcuate nucleus of hypothalamus,912,458,53827,1779787489
FJ7489,BP29868,FMA223151,Left paraventricular nucleus of hypothalamus,1186,599,69488,1779787489
FJ7489M,BP29869,FMA223151,Right paraventricular nucleus of hypothalamus,1186,600,70126,1779787489
FJ7490,BP29880,FMA223151,Left ventromedial nucleus of hypothalamus,1186,595,69276,1779787489
FJ7490M,BP29866,FMA223151,Right ventromedial nucleus of hypothalamus,1186,595,69854,1779787489
FJ7491,BP29863,FMA223151,Left lateral hypothalamic nucleus,1368,693,80451,1779787489
FJ7491M,BP29875,FMA223151,Right lateral hypothalamic nucleus,1368,692,81087,1779787489
FJ7492,BP29889,FMA223151,Left lateral preoptic nucleus,1460,732,85404,1779787489
FJ7492M,BP29890,FMA223151,Right lateral preoptic nucleus,1460,732,86134,1779787489
FJ7493,BP29870,FMA223151,Left suprachiasmatic nucleus,1460,732,85556,1779787489
FJ7493M,BP29854,FMA223151,Right suprachiasmatic nucleus,1460,732,86304,1779787489
FJ7494,BP29883,FMA223151,Left supraoptic nucleus,1734,876,102039,1779787489
FJ7494M,BP29862,FMA223151,Right supraoptic nucleus,1734,882,103315,1779787489
FJ7495,BP29884,FMA223151,Left medial preoptic nucleus,1734,869,102310,1779787489
FJ7495M,BP29895,FMA223151,Right medial preoptic nucleus,1734,869,102953,1779787489
FJ7496,BP29864,FMA223151,Left posterior nucleus of hypothalamus,1826,927,107787,1779787489
FJ7496M,BP29857,FMA223151,Right posterior nucleus of hypothalamus,1826,931,108993,1779787489
FJ7497,BP29877,FMA223151,Left dorsomedial nucleus of hypothalamus,2100,1058,124398,1779787489
FJ7497M,BP29853,FMA223151,Right dorsomedial nucleus of hypothalamus,2100,1058,125480,1779787489
FJ7498,BP23782,FMA49443,Left fornix of forebrain,4782,2545,307648,1779787489
FJ7498M,BP24080,FMA49443,Right fornix of forebrain,4782,2537,309576,1779787489
FJ7499,BP29908,FMA223151,Periventricular nucleus,1882,1309,134206,1779787489
FJ7499M,BP29908,FMA223151,Periventricular nucleus,1882,1306,135168,1779787489
FJ7500,BP29837,FMA256237,Left lingual gyrus,3366,1927,220836,1779787489
FJ7500M,BP29845,FMA256237,Right lingual gyrus,3366,1924,222614,1779787489
FJ7501,BP23301,FMA11195,Right optic nerve,1506,903,97548,1779787489
FJ7501M,BP23214,FMA11195,Left optic nerve,1506,907,97007,1779787489
FJ7502,BP23107,FMA11195,Right optic tract,912,516,56856,1779787489
FJ7502M,BP23128,FMA11195,Left optic tract,912,517,56448,1779787489
FJ7503,BP22996,FMA11195,Optic chiasm,1464,754,87781,1779787489
FJ7503M,BP22996,FMA11195,Optic chiasm,1464,755,87104,1779787489
FJ7504,BP19573,FMA242162,Left cerebral crus,4144,2433,279343,1779787489
FJ7504M,BP19558,FMA242160,Right cerebral crus,4144,2436,281686,1779787489
FJ7505,BP22996,FMA11195,Optic chiasm,3406,1707,211162,1779787489
FJ7505M,BP22996,FMA11195,Optic chiasm,3406,1707,209864,1779787489
